rho,pen,inel,scenario,house,building_kwh,archetype
40,100,10,0,1,4422.474458113738,1
40,100,10,0,2,4265.8756953518905,2
40,100,10,0,3,3395.3847001655276,3
40,100,10,0,4,3992.9413358701645,4
40,100,10,0,5,3963.749130462908,0
40,100,10,0,6,5514.315431343823,1
40,100,10,0,7,4170.227708898571,2
40,100,10,0,8,3777.286016172301,3
40,100,10,0,9,3841.778843204779,4
40,100,10,0,10,3820.7465930478124,0
40,100,10,0,11,3680.3587887136364,1
40,100,10,0,12,4460.138924713179,2
40,100,10,0,13,3182.719137350406,3
40,100,10,0,14,3994.4474311916133,4
40,100,10,0,15,4500.352789817158,0
40,100,10,0,16,4383.81960600468,1
40,100,10,0,17,4451.584178618315,2
40,100,10,0,18,3121.9298641146133,3
40,100,10,0,19,4107.643768184326,4
40,100,10,0,20,3690.6710015791778,0
40,100,10,0,21,4508.696731901292,1
40,100,10,0,22,4405.911726326604,2
40,100,10,0,23,3429.166542894652,3
40,100,10,0,24,4012.2005189596457,4
40,100,10,0,25,4057.9225721950575,0
40,100,10,0,26,5693.170917559312,1
40,100,10,0,27,4224.564992712952,2
40,100,10,0,28,3537.226815502578,3
40,100,10,0,29,3795.236307692307,4
40,100,10,0,30,3934.1224334557355,0
40,100,10,0,31,3763.3237838619457,1
40,100,10,0,32,4441.386117924617,2
40,100,10,0,33,3105.912759375178,3
40,100,10,0,34,4161.25703822371,4
40,100,10,0,35,4493.476342320059,0
40,100,10,0,36,4407.190000646892,1
40,100,10,0,37,4588.381431305771,2
40,100,10,0,38,3136.5878263285067,3
40,100,10,0,39,4054.94379885462,4
40,100,10,0,40,3612.5038810479646,0
40,100,10,0,41,4367.185022850511,1
40,100,10,0,42,4368.939289560303,2
40,100,10,0,43,3327.363389333891,3
40,100,10,0,44,3808.1190694647917,4
40,100,10,0,45,3937.035605548051,0
40,100,10,0,46,5451.697039974124,1
40,100,10,0,47,4354.179092067961,2
40,100,10,0,48,3995.441050096083,3
40,100,10,0,49,3872.443509960235,4
40,100,10,0,50,3995.205745619209,0
40,100,10,1,1,4422.474458113738,1
40,100,10,1,2,4265.8756953518905,2
40,100,10,1,3,3395.3847001655276,3
40,100,10,1,4,3992.9413358701645,4
40,100,10,1,5,3963.749130462908,0
40,100,10,1,6,5514.315431343823,1
40,100,10,1,7,4170.227708898571,2
40,100,10,1,8,3777.286016172301,3
40,100,10,1,9,3841.778843204779,4
40,100,10,1,10,3820.7465930478124,0
40,100,10,1,11,3680.3587887136364,1
40,100,10,1,12,4460.138924713179,2
40,100,10,1,13,3182.719137350406,3
40,100,10,1,14,3994.4474311916133,4
40,100,10,1,15,4500.352789817158,0
40,100,10,1,16,4383.81960600468,1
40,100,10,1,17,4451.584178618315,2
40,100,10,1,18,3121.9298641146133,3
40,100,10,1,19,4107.643768184326,4
40,100,10,1,20,3690.6710015791778,0
40,100,10,1,21,4508.696731901292,1
40,100,10,1,22,4405.911726326604,2
40,100,10,1,23,3429.166542894652,3
40,100,10,1,24,4012.2005189596457,4
40,100,10,1,25,4057.9225721950575,0
40,100,10,1,26,5693.170917559312,1
40,100,10,1,27,4224.564992712952,2
40,100,10,1,28,3537.226815502578,3
40,100,10,1,29,3795.236307692307,4
40,100,10,1,30,3934.1224334557355,0
40,100,10,1,31,3763.3237838619457,1
40,100,10,1,32,4441.386117924617,2
40,100,10,1,33,3105.912759375178,3
40,100,10,1,34,4161.25703822371,4
40,100,10,1,35,4493.476342320059,0
40,100,10,1,36,4407.190000646892,1
40,100,10,1,37,4588.381431305771,2
40,100,10,1,38,3136.5878263285067,3
40,100,10,1,39,4054.94379885462,4
40,100,10,1,40,3612.5038810479646,0
40,100,10,1,41,4367.185022850511,1
40,100,10,1,42,4368.939289560303,2
40,100,10,1,43,3327.363389333891,3
40,100,10,1,44,3808.1190694647917,4
40,100,10,1,45,3937.035605548051,0
40,100,10,1,46,5451.697039974124,1
40,100,10,1,47,4354.179092067961,2
40,100,10,1,48,3995.441050096083,3
40,100,10,1,49,3872.443509960235,4
40,100,10,1,50,3995.205745619209,0
40,100,10,2,1,4422.474458113738,1
40,100,10,2,2,4265.8756953518905,2
40,100,10,2,3,3395.3847001655276,3
40,100,10,2,4,3992.9413358701645,4
40,100,10,2,5,3963.749130462908,0
40,100,10,2,6,5514.315431343823,1
40,100,10,2,7,4170.227708898571,2
40,100,10,2,8,3777.286016172301,3
40,100,10,2,9,3841.778843204779,4
40,100,10,2,10,3820.7465930478124,0
40,100,10,2,11,3680.3587887136364,1
40,100,10,2,12,4460.138924713179,2
40,100,10,2,13,3182.719137350406,3
40,100,10,2,14,3994.4474311916133,4
40,100,10,2,15,4500.352789817158,0
40,100,10,2,16,4383.81960600468,1
40,100,10,2,17,4451.584178618315,2
40,100,10,2,18,3121.9298641146133,3
40,100,10,2,19,4107.643768184326,4
40,100,10,2,20,3690.6710015791778,0
40,100,10,2,21,4508.696731901292,1
40,100,10,2,22,4405.911726326604,2
40,100,10,2,23,3429.166542894652,3
40,100,10,2,24,4012.2005189596457,4
40,100,10,2,25,4057.9225721950575,0
40,100,10,2,26,5693.170917559312,1
40,100,10,2,27,4224.564992712952,2
40,100,10,2,28,3537.226815502578,3
40,100,10,2,29,3795.236307692307,4
40,100,10,2,30,3934.1224334557355,0
40,100,10,2,31,3763.3237838619457,1
40,100,10,2,32,4441.386117924617,2
40,100,10,2,33,3105.912759375178,3
40,100,10,2,34,4161.25703822371,4
40,100,10,2,35,4493.476342320059,0
40,100,10,2,36,4407.190000646892,1
40,100,10,2,37,4588.381431305771,2
40,100,10,2,38,3136.5878263285067,3
40,100,10,2,39,4054.94379885462,4
40,100,10,2,40,3612.5038810479646,0
40,100,10,2,41,4367.185022850511,1
40,100,10,2,42,4368.939289560303,2
40,100,10,2,43,3327.363389333891,3
40,100,10,2,44,3808.1190694647917,4
40,100,10,2,45,3937.035605548051,0
40,100,10,2,46,5451.697039974124,1
40,100,10,2,47,4354.179092067961,2
40,100,10,2,48,3995.441050096083,3
40,100,10,2,49,3872.443509960235,4
40,100,10,2,50,3995.205745619209,0
40,100,10,3,1,4422.474458113738,1
40,100,10,3,2,4265.8756953518905,2
40,100,10,3,3,3395.3847001655276,3
40,100,10,3,4,3992.9413358701645,4
40,100,10,3,5,3963.749130462908,0
40,100,10,3,6,5514.315431343823,1
40,100,10,3,7,4170.227708898571,2
40,100,10,3,8,3777.286016172301,3
40,100,10,3,9,3841.778843204779,4
40,100,10,3,10,3820.7465930478124,0
40,100,10,3,11,3680.3587887136364,1
40,100,10,3,12,4460.138924713179,2
40,100,10,3,13,3182.719137350406,3
40,100,10,3,14,3994.4474311916133,4
40,100,10,3,15,4500.352789817158,0
40,100,10,3,16,4383.81960600468,1
40,100,10,3,17,4451.584178618315,2
40,100,10,3,18,3121.9298641146133,3
40,100,10,3,19,4107.643768184326,4
40,100,10,3,20,3690.6710015791778,0
40,100,10,3,21,4508.696731901292,1
40,100,10,3,22,4405.911726326604,2
40,100,10,3,23,3429.166542894652,3
40,100,10,3,24,4012.2005189596457,4
40,100,10,3,25,4057.9225721950575,0
40,100,10,3,26,5693.170917559312,1
40,100,10,3,27,4224.564992712952,2
40,100,10,3,28,3537.226815502578,3
40,100,10,3,29,3795.236307692307,4
40,100,10,3,30,3934.1224334557355,0
40,100,10,3,31,3763.3237838619457,1
40,100,10,3,32,4441.386117924617,2
40,100,10,3,33,3105.912759375178,3
40,100,10,3,34,4161.25703822371,4
40,100,10,3,35,4493.476342320059,0
40,100,10,3,36,4407.190000646892,1
40,100,10,3,37,4588.381431305771,2
40,100,10,3,38,3136.5878263285067,3
40,100,10,3,39,4054.94379885462,4
40,100,10,3,40,3612.5038810479646,0
40,100,10,3,41,4367.185022850511,1
40,100,10,3,42,4368.939289560303,2
40,100,10,3,43,3327.363389333891,3
40,100,10,3,44,3808.1190694647917,4
40,100,10,3,45,3937.035605548051,0
40,100,10,3,46,5451.697039974124,1
40,100,10,3,47,4354.179092067961,2
40,100,10,3,48,3995.441050096083,3
40,100,10,3,49,3872.443509960235,4
40,100,10,3,50,3995.205745619209,0
40,100,10,4,1,4422.474458113738,1
40,100,10,4,2,4265.8756953518905,2
40,100,10,4,3,3395.3847001655276,3
40,100,10,4,4,3992.9413358701645,4
40,100,10,4,5,3963.749130462908,0
40,100,10,4,6,5514.315431343823,1
40,100,10,4,7,4170.227708898571,2
40,100,10,4,8,3777.286016172301,3
40,100,10,4,9,3841.778843204779,4
40,100,10,4,10,3820.7465930478124,0
40,100,10,4,11,3680.3587887136364,1
40,100,10,4,12,4460.138924713179,2
40,100,10,4,13,3182.719137350406,3
40,100,10,4,14,3994.4474311916133,4
40,100,10,4,15,4500.352789817158,0
40,100,10,4,16,4383.81960600468,1
40,100,10,4,17,4451.584178618315,2
40,100,10,4,18,3121.9298641146133,3
40,100,10,4,19,4107.643768184326,4
40,100,10,4,20,3690.6710015791778,0
40,100,10,4,21,4508.696731901292,1
40,100,10,4,22,4405.911726326604,2
40,100,10,4,23,3429.166542894652,3
40,100,10,4,24,4012.2005189596457,4
40,100,10,4,25,4057.9225721950575,0
40,100,10,4,26,5693.170917559312,1
40,100,10,4,27,4224.564992712952,2
40,100,10,4,28,3537.226815502578,3
40,100,10,4,29,3795.236307692307,4
40,100,10,4,30,3934.1224334557355,0
40,100,10,4,31,3763.3237838619457,1
40,100,10,4,32,4441.386117924617,2
40,100,10,4,33,3105.912759375178,3
40,100,10,4,34,4161.25703822371,4
40,100,10,4,35,4493.476342320059,0
40,100,10,4,36,4407.190000646892,1
40,100,10,4,37,4588.381431305771,2
40,100,10,4,38,3136.5878263285067,3
40,100,10,4,39,4054.94379885462,4
40,100,10,4,40,3612.5038810479646,0
40,100,10,4,41,4367.185022850511,1
40,100,10,4,42,4368.939289560303,2
40,100,10,4,43,3327.363389333891,3
40,100,10,4,44,3808.1190694647917,4
40,100,10,4,45,3937.035605548051,0
40,100,10,4,46,5451.697039974124,1
40,100,10,4,47,4354.179092067961,2
40,100,10,4,48,3995.441050096083,3
40,100,10,4,49,3872.443509960235,4
40,100,10,4,50,3995.205745619209,0
40,100,10,5,1,4422.474458113738,1
40,100,10,5,2,4265.8756953518905,2
40,100,10,5,3,3395.3847001655276,3
40,100,10,5,4,3992.9413358701645,4
40,100,10,5,5,3963.749130462908,0
40,100,10,5,6,5514.315431343823,1
40,100,10,5,7,4170.227708898571,2
40,100,10,5,8,3777.286016172301,3
40,100,10,5,9,3841.778843204779,4
40,100,10,5,10,3820.7465930478124,0
40,100,10,5,11,3680.3587887136364,1
40,100,10,5,12,4460.138924713179,2
40,100,10,5,13,3182.719137350406,3
40,100,10,5,14,3994.4474311916133,4
40,100,10,5,15,4500.352789817158,0
40,100,10,5,16,4383.81960600468,1
40,100,10,5,17,4451.584178618315,2
40,100,10,5,18,3121.9298641146133,3
40,100,10,5,19,4107.643768184326,4
40,100,10,5,20,3690.6710015791778,0
40,100,10,5,21,4508.696731901292,1
40,100,10,5,22,4405.911726326604,2
40,100,10,5,23,3429.166542894652,3
40,100,10,5,24,4012.2005189596457,4
40,100,10,5,25,4057.9225721950575,0
40,100,10,5,26,5693.170917559312,1
40,100,10,5,27,4224.564992712952,2
40,100,10,5,28,3537.226815502578,3
40,100,10,5,29,3795.236307692307,4
40,100,10,5,30,3934.1224334557355,0
40,100,10,5,31,3763.3237838619457,1
40,100,10,5,32,4441.386117924617,2
40,100,10,5,33,3105.912759375178,3
40,100,10,5,34,4161.25703822371,4
40,100,10,5,35,4493.476342320059,0
40,100,10,5,36,4407.190000646892,1
40,100,10,5,37,4588.381431305771,2
40,100,10,5,38,3136.5878263285067,3
40,100,10,5,39,4054.94379885462,4
40,100,10,5,40,3612.5038810479646,0
40,100,10,5,41,4367.185022850511,1
40,100,10,5,42,4368.939289560303,2
40,100,10,5,43,3327.363389333891,3
40,100,10,5,44,3808.1190694647917,4
40,100,10,5,45,3937.035605548051,0
40,100,10,5,46,5451.697039974124,1
40,100,10,5,47,4354.179092067961,2
40,100,10,5,48,3995.441050096083,3
40,100,10,5,49,3872.443509960235,4
40,100,10,5,50,3995.205745619209,0
40,100,30,0,1,4422.474458113738,1
40,100,30,0,2,4265.8756953518905,2
40,100,30,0,3,3395.3847001655276,3
40,100,30,0,4,3992.9413358701645,4
40,100,30,0,5,3963.749130462908,0
40,100,30,0,6,5514.315431343823,1
40,100,30,0,7,4170.227708898571,2
40,100,30,0,8,3777.286016172301,3
40,100,30,0,9,3841.778843204779,4
40,100,30,0,10,3820.7465930478124,0
40,100,30,0,11,3680.3587887136364,1
40,100,30,0,12,4460.138924713179,2
40,100,30,0,13,3182.719137350406,3
40,100,30,0,14,3994.4474311916133,4
40,100,30,0,15,4500.352789817158,0
40,100,30,0,16,4383.81960600468,1
40,100,30,0,17,4451.584178618315,2
40,100,30,0,18,3121.9298641146133,3
40,100,30,0,19,4107.643768184326,4
40,100,30,0,20,3690.6710015791778,0
40,100,30,0,21,4508.696731901292,1
40,100,30,0,22,4405.911726326604,2
40,100,30,0,23,3429.166542894652,3
40,100,30,0,24,4012.2005189596457,4
40,100,30,0,25,4057.9225721950575,0
40,100,30,0,26,5693.170917559312,1
40,100,30,0,27,4224.564992712952,2
40,100,30,0,28,3537.226815502578,3
40,100,30,0,29,3795.236307692307,4
40,100,30,0,30,3934.1224334557355,0
40,100,30,0,31,3763.3237838619457,1
40,100,30,0,32,4441.386117924617,2
40,100,30,0,33,3105.912759375178,3
40,100,30,0,34,4161.25703822371,4
40,100,30,0,35,4493.476342320059,0
40,100,30,0,36,4407.190000646892,1
40,100,30,0,37,4588.381431305771,2
40,100,30,0,38,3136.5878263285067,3
40,100,30,0,39,4054.94379885462,4
40,100,30,0,40,3612.5038810479646,0
40,100,30,0,41,4367.185022850511,1
40,100,30,0,42,4368.939289560303,2
40,100,30,0,43,3327.363389333891,3
40,100,30,0,44,3808.1190694647917,4
40,100,30,0,45,3937.035605548051,0
40,100,30,0,46,5451.697039974124,1
40,100,30,0,47,4354.179092067961,2
40,100,30,0,48,3995.441050096083,3
40,100,30,0,49,3872.443509960235,4
40,100,30,0,50,3995.205745619209,0
40,100,30,1,1,4422.474458113738,1
40,100,30,1,2,4265.8756953518905,2
40,100,30,1,3,3395.3847001655276,3
40,100,30,1,4,3992.9413358701645,4
40,100,30,1,5,3963.749130462908,0
40,100,30,1,6,5514.315431343823,1
40,100,30,1,7,4170.227708898571,2
40,100,30,1,8,3777.286016172301,3
40,100,30,1,9,3841.778843204779,4
40,100,30,1,10,3820.7465930478124,0
40,100,30,1,11,3680.3587887136364,1
40,100,30,1,12,4460.138924713179,2
40,100,30,1,13,3182.719137350406,3
40,100,30,1,14,3994.4474311916133,4
40,100,30,1,15,4500.352789817158,0
40,100,30,1,16,4383.81960600468,1
40,100,30,1,17,4451.584178618315,2
40,100,30,1,18,3121.9298641146133,3
40,100,30,1,19,4107.643768184326,4
40,100,30,1,20,3690.6710015791778,0
40,100,30,1,21,4508.696731901292,1
40,100,30,1,22,4405.911726326604,2
40,100,30,1,23,3429.166542894652,3
40,100,30,1,24,4012.2005189596457,4
40,100,30,1,25,4057.9225721950575,0
40,100,30,1,26,5693.170917559312,1
40,100,30,1,27,4224.564992712952,2
40,100,30,1,28,3537.226815502578,3
40,100,30,1,29,3795.236307692307,4
40,100,30,1,30,3934.1224334557355,0
40,100,30,1,31,3763.3237838619457,1
40,100,30,1,32,4441.386117924617,2
40,100,30,1,33,3105.912759375178,3
40,100,30,1,34,4161.25703822371,4
40,100,30,1,35,4493.476342320059,0
40,100,30,1,36,4407.190000646892,1
40,100,30,1,37,4588.381431305771,2
40,100,30,1,38,3136.5878263285067,3
40,100,30,1,39,4054.94379885462,4
40,100,30,1,40,3612.5038810479646,0
40,100,30,1,41,4367.185022850511,1
40,100,30,1,42,4368.939289560303,2
40,100,30,1,43,3327.363389333891,3
40,100,30,1,44,3808.1190694647917,4
40,100,30,1,45,3937.035605548051,0
40,100,30,1,46,5451.697039974124,1
40,100,30,1,47,4354.179092067961,2
40,100,30,1,48,3995.441050096083,3
40,100,30,1,49,3872.443509960235,4
40,100,30,1,50,3995.205745619209,0
40,100,30,2,1,4422.474458113738,1
40,100,30,2,2,4265.8756953518905,2
40,100,30,2,3,3395.3847001655276,3
40,100,30,2,4,3992.9413358701645,4
40,100,30,2,5,3963.749130462908,0
40,100,30,2,6,5514.315431343823,1
40,100,30,2,7,4170.227708898571,2
40,100,30,2,8,3777.286016172301,3
40,100,30,2,9,3841.778843204779,4
40,100,30,2,10,3820.7465930478124,0
40,100,30,2,11,3680.3587887136364,1
40,100,30,2,12,4460.138924713179,2
40,100,30,2,13,3182.719137350406,3
40,100,30,2,14,3994.4474311916133,4
40,100,30,2,15,4500.352789817158,0
40,100,30,2,16,4383.81960600468,1
40,100,30,2,17,4451.584178618315,2
40,100,30,2,18,3121.9298641146133,3
40,100,30,2,19,4107.643768184326,4
40,100,30,2,20,3690.6710015791778,0
40,100,30,2,21,4508.696731901292,1
40,100,30,2,22,4405.911726326604,2
40,100,30,2,23,3429.166542894652,3
40,100,30,2,24,4012.2005189596457,4
40,100,30,2,25,4057.9225721950575,0
40,100,30,2,26,5693.170917559312,1
40,100,30,2,27,4224.564992712952,2
40,100,30,2,28,3537.226815502578,3
40,100,30,2,29,3795.236307692307,4
40,100,30,2,30,3934.1224334557355,0
40,100,30,2,31,3763.3237838619457,1
40,100,30,2,32,4441.386117924617,2
40,100,30,2,33,3105.912759375178,3
40,100,30,2,34,4161.25703822371,4
40,100,30,2,35,4493.476342320059,0
40,100,30,2,36,4407.190000646892,1
40,100,30,2,37,4588.381431305771,2
40,100,30,2,38,3136.5878263285067,3
40,100,30,2,39,4054.94379885462,4
40,100,30,2,40,3612.5038810479646,0
40,100,30,2,41,4367.185022850511,1
40,100,30,2,42,4368.939289560303,2
40,100,30,2,43,3327.363389333891,3
40,100,30,2,44,3808.1190694647917,4
40,100,30,2,45,3937.035605548051,0
40,100,30,2,46,5451.697039974124,1
40,100,30,2,47,4354.179092067961,2
40,100,30,2,48,3995.441050096083,3
40,100,30,2,49,3872.443509960235,4
40,100,30,2,50,3995.205745619209,0
40,100,30,3,1,4422.474458113738,1
40,100,30,3,2,4265.8756953518905,2
40,100,30,3,3,3395.3847001655276,3
40,100,30,3,4,3992.9413358701645,4
40,100,30,3,5,3963.749130462908,0
40,100,30,3,6,5514.315431343823,1
40,100,30,3,7,4170.227708898571,2
40,100,30,3,8,3777.286016172301,3
40,100,30,3,9,3841.778843204779,4
40,100,30,3,10,3820.7465930478124,0
40,100,30,3,11,3680.3587887136364,1
40,100,30,3,12,4460.138924713179,2
40,100,30,3,13,3182.719137350406,3
40,100,30,3,14,3994.4474311916133,4
40,100,30,3,15,4500.352789817158,0
40,100,30,3,16,4383.81960600468,1
40,100,30,3,17,4451.584178618315,2
40,100,30,3,18,3121.9298641146133,3
40,100,30,3,19,4107.643768184326,4
40,100,30,3,20,3690.6710015791778,0
40,100,30,3,21,4508.696731901292,1
40,100,30,3,22,4405.911726326604,2
40,100,30,3,23,3429.166542894652,3
40,100,30,3,24,4012.2005189596457,4
40,100,30,3,25,4057.9225721950575,0
40,100,30,3,26,5693.170917559312,1
40,100,30,3,27,4224.564992712952,2
40,100,30,3,28,3537.226815502578,3
40,100,30,3,29,3795.236307692307,4
40,100,30,3,30,3934.1224334557355,0
40,100,30,3,31,3763.3237838619457,1
40,100,30,3,32,4441.386117924617,2
40,100,30,3,33,3105.912759375178,3
40,100,30,3,34,4161.25703822371,4
40,100,30,3,35,4493.476342320059,0
40,100,30,3,36,4407.190000646892,1
40,100,30,3,37,4588.381431305771,2
40,100,30,3,38,3136.5878263285067,3
40,100,30,3,39,4054.94379885462,4
40,100,30,3,40,3612.5038810479646,0
40,100,30,3,41,4367.185022850511,1
40,100,30,3,42,4368.939289560303,2
40,100,30,3,43,3327.363389333891,3
40,100,30,3,44,3808.1190694647917,4
40,100,30,3,45,3937.035605548051,0
40,100,30,3,46,5451.697039974124,1
40,100,30,3,47,4354.179092067961,2
40,100,30,3,48,3995.441050096083,3
40,100,30,3,49,3872.443509960235,4
40,100,30,3,50,3995.205745619209,0
40,100,30,4,1,4422.474458113738,1
40,100,30,4,2,4265.8756953518905,2
40,100,30,4,3,3395.3847001655276,3
40,100,30,4,4,3992.9413358701645,4
40,100,30,4,5,3963.749130462908,0
40,100,30,4,6,5514.315431343823,1
40,100,30,4,7,4170.227708898571,2
40,100,30,4,8,3777.286016172301,3
40,100,30,4,9,3841.778843204779,4
40,100,30,4,10,3820.7465930478124,0
40,100,30,4,11,3680.3587887136364,1
40,100,30,4,12,4460.138924713179,2
40,100,30,4,13,3182.719137350406,3
40,100,30,4,14,3994.4474311916133,4
40,100,30,4,15,4500.352789817158,0
40,100,30,4,16,4383.81960600468,1
40,100,30,4,17,4451.584178618315,2
40,100,30,4,18,3121.9298641146133,3
40,100,30,4,19,4107.643768184326,4
40,100,30,4,20,3690.6710015791778,0
40,100,30,4,21,4508.696731901292,1
40,100,30,4,22,4405.911726326604,2
40,100,30,4,23,3429.166542894652,3
40,100,30,4,24,4012.2005189596457,4
40,100,30,4,25,4057.9225721950575,0
40,100,30,4,26,5693.170917559312,1
40,100,30,4,27,4224.564992712952,2
40,100,30,4,28,3537.226815502578,3
40,100,30,4,29,3795.236307692307,4
40,100,30,4,30,3934.1224334557355,0
40,100,30,4,31,3763.3237838619457,1
40,100,30,4,32,4441.386117924617,2
40,100,30,4,33,3105.912759375178,3
40,100,30,4,34,4161.25703822371,4
40,100,30,4,35,4493.476342320059,0
40,100,30,4,36,4407.190000646892,1
40,100,30,4,37,4588.381431305771,2
40,100,30,4,38,3136.5878263285067,3
40,100,30,4,39,4054.94379885462,4
40,100,30,4,40,3612.5038810479646,0
40,100,30,4,41,4367.185022850511,1
40,100,30,4,42,4368.939289560303,2
40,100,30,4,43,3327.363389333891,3
40,100,30,4,44,3808.1190694647917,4
40,100,30,4,45,3937.035605548051,0
40,100,30,4,46,5451.697039974124,1
40,100,30,4,47,4354.179092067961,2
40,100,30,4,48,3995.441050096083,3
40,100,30,4,49,3872.443509960235,4
40,100,30,4,50,3995.205745619209,0
40,100,30,5,1,4422.474458113738,1
40,100,30,5,2,4265.8756953518905,2
40,100,30,5,3,3395.3847001655276,3
40,100,30,5,4,3992.9413358701645,4
40,100,30,5,5,3963.749130462908,0
40,100,30,5,6,5514.315431343823,1
40,100,30,5,7,4170.227708898571,2
40,100,30,5,8,3777.286016172301,3
40,100,30,5,9,3841.778843204779,4
40,100,30,5,10,3820.7465930478124,0
40,100,30,5,11,3680.3587887136364,1
40,100,30,5,12,4460.138924713179,2
40,100,30,5,13,3182.719137350406,3
40,100,30,5,14,3994.4474311916133,4
40,100,30,5,15,4500.352789817158,0
40,100,30,5,16,4383.81960600468,1
40,100,30,5,17,4451.584178618315,2
40,100,30,5,18,3121.9298641146133,3
40,100,30,5,19,4107.643768184326,4
40,100,30,5,20,3690.6710015791778,0
40,100,30,5,21,4508.696731901292,1
40,100,30,5,22,4405.911726326604,2
40,100,30,5,23,3429.166542894652,3
40,100,30,5,24,4012.2005189596457,4
40,100,30,5,25,4057.9225721950575,0
40,100,30,5,26,5693.170917559312,1
40,100,30,5,27,4224.564992712952,2
40,100,30,5,28,3537.226815502578,3
40,100,30,5,29,3795.236307692307,4
40,100,30,5,30,3934.1224334557355,0
40,100,30,5,31,3763.3237838619457,1
40,100,30,5,32,4441.386117924617,2
40,100,30,5,33,3105.912759375178,3
40,100,30,5,34,4161.25703822371,4
40,100,30,5,35,4493.476342320059,0
40,100,30,5,36,4407.190000646892,1
40,100,30,5,37,4588.381431305771,2
40,100,30,5,38,3136.5878263285067,3
40,100,30,5,39,4054.94379885462,4
40,100,30,5,40,3612.5038810479646,0
40,100,30,5,41,4367.185022850511,1
40,100,30,5,42,4368.939289560303,2
40,100,30,5,43,3327.363389333891,3
40,100,30,5,44,3808.1190694647917,4
40,100,30,5,45,3937.035605548051,0
40,100,30,5,46,5451.697039974124,1
40,100,30,5,47,4354.179092067961,2
40,100,30,5,48,3995.441050096083,3
40,100,30,5,49,3872.443509960235,4
40,100,30,5,50,3995.205745619209,0
40,100,50,0,1,4422.474458113738,1
40,100,50,0,2,4265.8756953518905,2
40,100,50,0,3,3395.3847001655276,3
40,100,50,0,4,3992.9413358701645,4
40,100,50,0,5,3963.749130462908,0
40,100,50,0,6,5514.315431343823,1
40,100,50,0,7,4170.227708898571,2
40,100,50,0,8,3777.286016172301,3
40,100,50,0,9,3841.778843204779,4
40,100,50,0,10,3820.7465930478124,0
40,100,50,0,11,3680.3587887136364,1
40,100,50,0,12,4460.138924713179,2
40,100,50,0,13,3182.719137350406,3
40,100,50,0,14,3994.4474311916133,4
40,100,50,0,15,4500.352789817158,0
40,100,50,0,16,4383.81960600468,1
40,100,50,0,17,4451.584178618315,2
40,100,50,0,18,3121.9298641146133,3
40,100,50,0,19,4107.643768184326,4
40,100,50,0,20,3690.6710015791778,0
40,100,50,0,21,4508.696731901292,1
40,100,50,0,22,4405.911726326604,2
40,100,50,0,23,3429.166542894652,3
40,100,50,0,24,4012.2005189596457,4
40,100,50,0,25,4057.9225721950575,0
40,100,50,0,26,5693.170917559312,1
40,100,50,0,27,4224.564992712952,2
40,100,50,0,28,3537.226815502578,3
40,100,50,0,29,3795.236307692307,4
40,100,50,0,30,3934.1224334557355,0
40,100,50,0,31,3763.3237838619457,1
40,100,50,0,32,4441.386117924617,2
40,100,50,0,33,3105.912759375178,3
40,100,50,0,34,4161.25703822371,4
40,100,50,0,35,4493.476342320059,0
40,100,50,0,36,4407.190000646892,1
40,100,50,0,37,4588.381431305771,2
40,100,50,0,38,3136.5878263285067,3
40,100,50,0,39,4054.94379885462,4
40,100,50,0,40,3612.5038810479646,0
40,100,50,0,41,4367.185022850511,1
40,100,50,0,42,4368.939289560303,2
40,100,50,0,43,3327.363389333891,3
40,100,50,0,44,3808.1190694647917,4
40,100,50,0,45,3937.035605548051,0
40,100,50,0,46,5451.697039974124,1
40,100,50,0,47,4354.179092067961,2
40,100,50,0,48,3995.441050096083,3
40,100,50,0,49,3872.443509960235,4
40,100,50,0,50,3995.205745619209,0
40,100,50,1,1,4422.474458113738,1
40,100,50,1,2,4265.8756953518905,2
40,100,50,1,3,3395.3847001655276,3
40,100,50,1,4,3992.9413358701645,4
40,100,50,1,5,3963.749130462908,0
40,100,50,1,6,5514.315431343823,1
40,100,50,1,7,4170.227708898571,2
40,100,50,1,8,3777.286016172301,3
40,100,50,1,9,3841.778843204779,4
40,100,50,1,10,3820.7465930478124,0
40,100,50,1,11,3680.3587887136364,1
40,100,50,1,12,4460.138924713179,2
40,100,50,1,13,3182.719137350406,3
40,100,50,1,14,3994.4474311916133,4
40,100,50,1,15,4500.352789817158,0
40,100,50,1,16,4383.81960600468,1
40,100,50,1,17,4451.584178618315,2
40,100,50,1,18,3121.9298641146133,3
40,100,50,1,19,4107.643768184326,4
40,100,50,1,20,3690.6710015791778,0
40,100,50,1,21,4508.696731901292,1
40,100,50,1,22,4405.911726326604,2
40,100,50,1,23,3429.166542894652,3
40,100,50,1,24,4012.2005189596457,4
40,100,50,1,25,4057.9225721950575,0
40,100,50,1,26,5693.170917559312,1
40,100,50,1,27,4224.564992712952,2
40,100,50,1,28,3537.226815502578,3
40,100,50,1,29,3795.236307692307,4
40,100,50,1,30,3934.1224334557355,0
40,100,50,1,31,3763.3237838619457,1
40,100,50,1,32,4441.386117924617,2
40,100,50,1,33,3105.912759375178,3
40,100,50,1,34,4161.25703822371,4
40,100,50,1,35,4493.476342320059,0
40,100,50,1,36,4407.190000646892,1
40,100,50,1,37,4588.381431305771,2
40,100,50,1,38,3136.5878263285067,3
40,100,50,1,39,4054.94379885462,4
40,100,50,1,40,3612.5038810479646,0
40,100,50,1,41,4367.185022850511,1
40,100,50,1,42,4368.939289560303,2
40,100,50,1,43,3327.363389333891,3
40,100,50,1,44,3808.1190694647917,4
40,100,50,1,45,3937.035605548051,0
40,100,50,1,46,5451.697039974124,1
40,100,50,1,47,4354.179092067961,2
40,100,50,1,48,3995.441050096083,3
40,100,50,1,49,3872.443509960235,4
40,100,50,1,50,3995.205745619209,0
40,100,50,2,1,4422.474458113738,1
40,100,50,2,2,4265.8756953518905,2
40,100,50,2,3,3395.3847001655276,3
40,100,50,2,4,3992.9413358701645,4
40,100,50,2,5,3963.749130462908,0
40,100,50,2,6,5514.315431343823,1
40,100,50,2,7,4170.227708898571,2
40,100,50,2,8,3777.286016172301,3
40,100,50,2,9,3841.778843204779,4
40,100,50,2,10,3820.7465930478124,0
40,100,50,2,11,3680.3587887136364,1
40,100,50,2,12,4460.138924713179,2
40,100,50,2,13,3182.719137350406,3
40,100,50,2,14,3994.4474311916133,4
40,100,50,2,15,4500.352789817158,0
40,100,50,2,16,4383.81960600468,1
40,100,50,2,17,4451.584178618315,2
40,100,50,2,18,3121.9298641146133,3
40,100,50,2,19,4107.643768184326,4
40,100,50,2,20,3690.6710015791778,0
40,100,50,2,21,4508.696731901292,1
40,100,50,2,22,4405.911726326604,2
40,100,50,2,23,3429.166542894652,3
40,100,50,2,24,4012.2005189596457,4
40,100,50,2,25,4057.9225721950575,0
40,100,50,2,26,5693.170917559312,1
40,100,50,2,27,4224.564992712952,2
40,100,50,2,28,3537.226815502578,3
40,100,50,2,29,3795.236307692307,4
40,100,50,2,30,3934.1224334557355,0
40,100,50,2,31,3763.3237838619457,1
40,100,50,2,32,4441.386117924617,2
40,100,50,2,33,3105.912759375178,3
40,100,50,2,34,4161.25703822371,4
40,100,50,2,35,4493.476342320059,0
40,100,50,2,36,4407.190000646892,1
40,100,50,2,37,4588.381431305771,2
40,100,50,2,38,3136.5878263285067,3
40,100,50,2,39,4054.94379885462,4
40,100,50,2,40,3612.5038810479646,0
40,100,50,2,41,4367.185022850511,1
40,100,50,2,42,4368.939289560303,2
40,100,50,2,43,3327.363389333891,3
40,100,50,2,44,3808.1190694647917,4
40,100,50,2,45,3937.035605548051,0
40,100,50,2,46,5451.697039974124,1
40,100,50,2,47,4354.179092067961,2
40,100,50,2,48,3995.441050096083,3
40,100,50,2,49,3872.443509960235,4
40,100,50,2,50,3995.205745619209,0
40,100,50,3,1,4422.474458113738,1
40,100,50,3,2,4265.8756953518905,2
40,100,50,3,3,3395.3847001655276,3
40,100,50,3,4,3992.9413358701645,4
40,100,50,3,5,3963.749130462908,0
40,100,50,3,6,5514.315431343823,1
40,100,50,3,7,4170.227708898571,2
40,100,50,3,8,3777.286016172301,3
40,100,50,3,9,3841.778843204779,4
40,100,50,3,10,3820.7465930478124,0
40,100,50,3,11,3680.3587887136364,1
40,100,50,3,12,4460.138924713179,2
40,100,50,3,13,3182.719137350406,3
40,100,50,3,14,3994.4474311916133,4
40,100,50,3,15,4500.352789817158,0
40,100,50,3,16,4383.81960600468,1
40,100,50,3,17,4451.584178618315,2
40,100,50,3,18,3121.9298641146133,3
40,100,50,3,19,4107.643768184326,4
40,100,50,3,20,3690.6710015791778,0
40,100,50,3,21,4508.696731901292,1
40,100,50,3,22,4405.911726326604,2
40,100,50,3,23,3429.166542894652,3
40,100,50,3,24,4012.2005189596457,4
40,100,50,3,25,4057.9225721950575,0
40,100,50,3,26,5693.170917559312,1
40,100,50,3,27,4224.564992712952,2
40,100,50,3,28,3537.226815502578,3
40,100,50,3,29,3795.236307692307,4
40,100,50,3,30,3934.1224334557355,0
40,100,50,3,31,3763.3237838619457,1
40,100,50,3,32,4441.386117924617,2
40,100,50,3,33,3105.912759375178,3
40,100,50,3,34,4161.25703822371,4
40,100,50,3,35,4493.476342320059,0
40,100,50,3,36,4407.190000646892,1
40,100,50,3,37,4588.381431305771,2
40,100,50,3,38,3136.5878263285067,3
40,100,50,3,39,4054.94379885462,4
40,100,50,3,40,3612.5038810479646,0
40,100,50,3,41,4367.185022850511,1
40,100,50,3,42,4368.939289560303,2
40,100,50,3,43,3327.363389333891,3
40,100,50,3,44,3808.1190694647917,4
40,100,50,3,45,3937.035605548051,0
40,100,50,3,46,5451.697039974124,1
40,100,50,3,47,4354.179092067961,2
40,100,50,3,48,3995.441050096083,3
40,100,50,3,49,3872.443509960235,4
40,100,50,3,50,3995.205745619209,0
40,100,50,4,1,4422.474458113738,1
40,100,50,4,2,4265.8756953518905,2
40,100,50,4,3,3395.3847001655276,3
40,100,50,4,4,3992.9413358701645,4
40,100,50,4,5,3963.749130462908,0
40,100,50,4,6,5514.315431343823,1
40,100,50,4,7,4170.227708898571,2
40,100,50,4,8,3777.286016172301,3
40,100,50,4,9,3841.778843204779,4
40,100,50,4,10,3820.7465930478124,0
40,100,50,4,11,3680.3587887136364,1
40,100,50,4,12,4460.138924713179,2
40,100,50,4,13,3182.719137350406,3
40,100,50,4,14,3994.4474311916133,4
40,100,50,4,15,4500.352789817158,0
40,100,50,4,16,4383.81960600468,1
40,100,50,4,17,4451.584178618315,2
40,100,50,4,18,3121.9298641146133,3
40,100,50,4,19,4107.643768184326,4
40,100,50,4,20,3690.6710015791778,0
40,100,50,4,21,4508.696731901292,1
40,100,50,4,22,4405.911726326604,2
40,100,50,4,23,3429.166542894652,3
40,100,50,4,24,4012.2005189596457,4
40,100,50,4,25,4057.9225721950575,0
40,100,50,4,26,5693.170917559312,1
40,100,50,4,27,4224.564992712952,2
40,100,50,4,28,3537.226815502578,3
40,100,50,4,29,3795.236307692307,4
40,100,50,4,30,3934.1224334557355,0
40,100,50,4,31,3763.3237838619457,1
40,100,50,4,32,4441.386117924617,2
40,100,50,4,33,3105.912759375178,3
40,100,50,4,34,4161.25703822371,4
40,100,50,4,35,4493.476342320059,0
40,100,50,4,36,4407.190000646892,1
40,100,50,4,37,4588.381431305771,2
40,100,50,4,38,3136.5878263285067,3
40,100,50,4,39,4054.94379885462,4
40,100,50,4,40,3612.5038810479646,0
40,100,50,4,41,4367.185022850511,1
40,100,50,4,42,4368.939289560303,2
40,100,50,4,43,3327.363389333891,3
40,100,50,4,44,3808.1190694647917,4
40,100,50,4,45,3937.035605548051,0
40,100,50,4,46,5451.697039974124,1
40,100,50,4,47,4354.179092067961,2
40,100,50,4,48,3995.441050096083,3
40,100,50,4,49,3872.443509960235,4
40,100,50,4,50,3995.205745619209,0
40,100,50,5,1,4422.474458113738,1
40,100,50,5,2,4265.8756953518905,2
40,100,50,5,3,3395.3847001655276,3
40,100,50,5,4,3992.9413358701645,4
40,100,50,5,5,3963.749130462908,0
40,100,50,5,6,5514.315431343823,1
40,100,50,5,7,4170.227708898571,2
40,100,50,5,8,3777.286016172301,3
40,100,50,5,9,3841.778843204779,4
40,100,50,5,10,3820.7465930478124,0
40,100,50,5,11,3680.3587887136364,1
40,100,50,5,12,4460.138924713179,2
40,100,50,5,13,3182.719137350406,3
40,100,50,5,14,3994.4474311916133,4
40,100,50,5,15,4500.352789817158,0
40,100,50,5,16,4383.81960600468,1
40,100,50,5,17,4451.584178618315,2
40,100,50,5,18,3121.9298641146133,3
40,100,50,5,19,4107.643768184326,4
40,100,50,5,20,3690.6710015791778,0
40,100,50,5,21,4508.696731901292,1
40,100,50,5,22,4405.911726326604,2
40,100,50,5,23,3429.166542894652,3
40,100,50,5,24,4012.2005189596457,4
40,100,50,5,25,4057.9225721950575,0
40,100,50,5,26,5693.170917559312,1
40,100,50,5,27,4224.564992712952,2
40,100,50,5,28,3537.226815502578,3
40,100,50,5,29,3795.236307692307,4
40,100,50,5,30,3934.1224334557355,0
40,100,50,5,31,3763.3237838619457,1
40,100,50,5,32,4441.386117924617,2
40,100,50,5,33,3105.912759375178,3
40,100,50,5,34,4161.25703822371,4
40,100,50,5,35,4493.476342320059,0
40,100,50,5,36,4407.190000646892,1
40,100,50,5,37,4588.381431305771,2
40,100,50,5,38,3136.5878263285067,3
40,100,50,5,39,4054.94379885462,4
40,100,50,5,40,3612.5038810479646,0
40,100,50,5,41,4367.185022850511,1
40,100,50,5,42,4368.939289560303,2
40,100,50,5,43,3327.363389333891,3
40,100,50,5,44,3808.1190694647917,4
40,100,50,5,45,3937.035605548051,0
40,100,50,5,46,5451.697039974124,1
40,100,50,5,47,4354.179092067961,2
40,100,50,5,48,3995.441050096083,3
40,100,50,5,49,3872.443509960235,4
40,100,50,5,50,3995.205745619209,0
40,25,10,0,1,4436.84523153028,1
40,25,10,0,2,4265.8756953518905,2
40,25,10,0,3,3405.5242097452387,3
40,25,10,0,4,3963.54147651211,4
40,25,10,0,5,4016.639670085047,0
40,25,10,0,6,5514.315431343823,1
40,25,10,0,7,4170.227708898571,2
40,25,10,0,8,3777.286016172301,3
40,25,10,0,9,3841.778843204779,4
40,25,10,0,10,3779.4204401149186,0
40,25,10,0,11,3652.4499910576683,1
40,25,10,0,12,4456.4341042257265,2
40,25,10,0,13,3194.3245581536935,3
40,25,10,0,14,4071.8435203866125,4
40,25,10,0,15,4500.352789817158,0
40,25,10,0,16,4383.81960600468,1
40,25,10,0,17,4479.511909967845,2
40,25,10,0,18,3121.9298641146133,3
40,25,10,0,19,4119.3323905705965,4
40,25,10,0,20,3681.848400388135,0
40,25,10,0,21,4464.799046709412,1
40,25,10,0,22,4348.139060484407,2
40,25,10,0,23,3442.9733889153135,3
40,25,10,0,24,4016.2555961110374,4
40,25,10,0,25,4076.892483114214,0
40,25,10,0,26,5701.656295667725,1
40,25,10,0,27,4115.445549953386,2
40,25,10,0,28,3537.226815502578,3
40,25,10,0,29,3808.3636574516254,4
40,25,10,0,30,3963.4903755398686,0
40,25,10,0,31,3771.864346353622,1
40,25,10,0,32,4420.348484331894,2
40,25,10,0,33,3092.517621187618,3
40,25,10,0,34,4101.4876177248425,4
40,25,10,0,35,4493.476342320059,0
40,25,10,0,36,4457.951999771685,1
40,25,10,0,37,4567.912858539926,2
40,25,10,0,38,3136.5878263285067,3
40,25,10,0,39,3955.3094698909795,4
40,25,10,0,40,3655.1492590802713,0
40,25,10,0,41,4367.185022850511,1
40,25,10,0,42,4383.878823798018,2
40,25,10,0,43,3303.075777240815,3
40,25,10,0,44,3808.852050077056,4
40,25,10,0,45,3911.2964991723584,0
40,25,10,0,46,5439.895982115338,1
40,25,10,0,47,4183.312541182291,2
40,25,10,0,48,4038.7266903099367,3
40,25,10,0,49,3838.5019475256377,4
40,25,10,0,50,4000.838802793051,0
40,25,10,1,1,4456.449954527293,1
40,25,10,1,2,4265.8756953518905,2
40,25,10,1,3,3418.244685096748,3
40,25,10,1,4,3975.3990854468307,4
40,25,10,1,5,3970.0731841168968,0
40,25,10,1,6,5514.315431343823,1
40,25,10,1,7,4170.227708898571,2
40,25,10,1,8,3777.286016172301,3
40,25,10,1,9,3841.778843204779,4
40,25,10,1,10,3841.902645560227,0
40,25,10,1,11,3671.868377176126,1
40,25,10,1,12,4459.276858311612,2
40,25,10,1,13,3161.40651519245,3
40,25,10,1,14,4094.29289750566,4
40,25,10,1,15,4500.352789817158,0
40,25,10,1,16,4383.81960600468,1
40,25,10,1,17,4423.374858577979,2
40,25,10,1,18,3121.9298641146133,3
40,25,10,1,19,4138.581340132041,4
40,25,10,1,20,3666.686228581213,0
40,25,10,1,21,4511.124628094141,1
40,25,10,1,22,4362.874224167126,2
40,25,10,1,23,3436.612584562111,3
40,25,10,1,24,4026.2026186951807,4
40,25,10,1,25,4075.46057253753,0
40,25,10,1,26,5632.256491942388,1
40,25,10,1,27,4206.271377994254,2
40,25,10,1,28,3537.226815502578,3
40,25,10,1,29,3795.4234112521162,4
40,25,10,1,30,4019.839530965201,0
40,25,10,1,31,3732.1513907798853,1
40,25,10,1,32,4436.914332844993,2
40,25,10,1,33,3096.1448568656174,3
40,25,10,1,34,4130.215114290606,4
40,25,10,1,35,4493.476342320059,0
40,25,10,1,36,4464.903265358929,1
40,25,10,1,37,4511.727772902834,2
40,25,10,1,38,3136.5878263285067,3
40,25,10,1,39,4056.514562073098,4
40,25,10,1,40,3685.121212656253,0
40,25,10,1,41,4367.185022850511,1
40,25,10,1,42,4420.90546159554,2
40,25,10,1,43,3310.190712608687,3
40,25,10,1,44,3818.078808957552,4
40,25,10,1,45,3986.766451720923,0
40,25,10,1,46,5374.252216518579,1
40,25,10,1,47,4359.911534466029,2
40,25,10,1,48,4007.6657493483513,3
40,25,10,1,49,3857.3395059266722,4
40,25,10,1,50,3949.797115013603,0
40,25,10,2,1,4436.84523153028,1
40,25,10,2,2,4265.8756953518905,2
40,25,10,2,3,3405.5242097452387,3
40,25,10,2,4,3963.54147651211,4
40,25,10,2,5,4016.639670085047,0
40,25,10,2,6,5514.315431343823,1
40,25,10,2,7,4170.227708898571,2
40,25,10,2,8,3777.286016172301,3
40,25,10,2,9,3841.778843204779,4
40,25,10,2,10,3779.4204401149186,0
40,25,10,2,11,3652.4499910576683,1
40,25,10,2,12,4456.4341042257265,2
40,25,10,2,13,3194.3245581536935,3
40,25,10,2,14,4071.8435203866125,4
40,25,10,2,15,4500.352789817158,0
40,25,10,2,16,4383.81960600468,1
40,25,10,2,17,4479.511909967845,2
40,25,10,2,18,3121.9298641146133,3
40,25,10,2,19,4119.3323905705965,4
40,25,10,2,20,3681.848400388135,0
40,25,10,2,21,4464.799046709412,1
40,25,10,2,22,4348.139060484407,2
40,25,10,2,23,3442.9733889153135,3
40,25,10,2,24,4016.2555961110374,4
40,25,10,2,25,4076.892483114214,0
40,25,10,2,26,5701.656295667725,1
40,25,10,2,27,4115.445549953386,2
40,25,10,2,28,3537.226815502578,3
40,25,10,2,29,3808.3636574516254,4
40,25,10,2,30,3963.4903755398686,0
40,25,10,2,31,3771.864346353622,1
40,25,10,2,32,4420.348484331894,2
40,25,10,2,33,3092.517621187618,3
40,25,10,2,34,4101.4876177248425,4
40,25,10,2,35,4493.476342320059,0
40,25,10,2,36,4457.951999771685,1
40,25,10,2,37,4567.912858539926,2
40,25,10,2,38,3136.5878263285067,3
40,25,10,2,39,3955.3094698909795,4
40,25,10,2,40,3655.1492590802713,0
40,25,10,2,41,4367.185022850511,1
40,25,10,2,42,4383.878823798018,2
40,25,10,2,43,3303.075777240815,3
40,25,10,2,44,3808.852050077056,4
40,25,10,2,45,3911.2964991723584,0
40,25,10,2,46,5439.895982115338,1
40,25,10,2,47,4183.312541182291,2
40,25,10,2,48,4038.7266903099367,3
40,25,10,2,49,3838.5019475256377,4
40,25,10,2,50,4000.838802793051,0
40,25,10,3,1,4436.84523153028,1
40,25,10,3,2,4265.8756953518905,2
40,25,10,3,3,3405.5242097452387,3
40,25,10,3,4,3963.54147651211,4
40,25,10,3,5,4016.639670085047,0
40,25,10,3,6,5514.315431343823,1
40,25,10,3,7,4170.227708898571,2
40,25,10,3,8,3777.286016172301,3
40,25,10,3,9,3841.778843204779,4
40,25,10,3,10,3779.4204401149186,0
40,25,10,3,11,3652.4499910576683,1
40,25,10,3,12,4456.4341042257265,2
40,25,10,3,13,3194.3245581536935,3
40,25,10,3,14,4071.8435203866125,4
40,25,10,3,15,4500.352789817158,0
40,25,10,3,16,4383.81960600468,1
40,25,10,3,17,4479.511909967845,2
40,25,10,3,18,3121.9298641146133,3
40,25,10,3,19,4119.3323905705965,4
40,25,10,3,20,3681.848400388135,0
40,25,10,3,21,4464.799046709412,1
40,25,10,3,22,4348.139060484407,2
40,25,10,3,23,3442.9733889153135,3
40,25,10,3,24,4016.2555961110374,4
40,25,10,3,25,4076.892483114214,0
40,25,10,3,26,5701.656295667725,1
40,25,10,3,27,4115.445549953386,2
40,25,10,3,28,3537.226815502578,3
40,25,10,3,29,3808.3636574516254,4
40,25,10,3,30,3963.4903755398686,0
40,25,10,3,31,3771.864346353622,1
40,25,10,3,32,4420.348484331894,2
40,25,10,3,33,3092.517621187618,3
40,25,10,3,34,4101.4876177248425,4
40,25,10,3,35,4493.476342320059,0
40,25,10,3,36,4457.951999771685,1
40,25,10,3,37,4567.912858539926,2
40,25,10,3,38,3136.5878263285067,3
40,25,10,3,39,3955.3094698909795,4
40,25,10,3,40,3655.1492590802713,0
40,25,10,3,41,4367.185022850511,1
40,25,10,3,42,4383.878823798018,2
40,25,10,3,43,3303.075777240815,3
40,25,10,3,44,3808.852050077056,4
40,25,10,3,45,3911.2964991723584,0
40,25,10,3,46,5439.895982115338,1
40,25,10,3,47,4183.312541182291,2
40,25,10,3,48,4038.7266903099367,3
40,25,10,3,49,3838.5019475256377,4
40,25,10,3,50,4000.838802793051,0
40,25,10,4,1,4436.84523153028,1
40,25,10,4,2,4265.8756953518905,2
40,25,10,4,3,3405.5242097452387,3
40,25,10,4,4,3963.54147651211,4
40,25,10,4,5,4016.639670085047,0
40,25,10,4,6,5514.315431343823,1
40,25,10,4,7,4170.227708898571,2
40,25,10,4,8,3777.286016172301,3
40,25,10,4,9,3841.778843204779,4
40,25,10,4,10,3779.4204401149186,0
40,25,10,4,11,3652.4499910576683,1
40,25,10,4,12,4456.4341042257265,2
40,25,10,4,13,3194.3245581536935,3
40,25,10,4,14,4071.8435203866125,4
40,25,10,4,15,4500.352789817158,0
40,25,10,4,16,4383.81960600468,1
40,25,10,4,17,4479.511909967845,2
40,25,10,4,18,3121.9298641146133,3
40,25,10,4,19,4119.3323905705965,4
40,25,10,4,20,3681.848400388135,0
40,25,10,4,21,4464.799046709412,1
40,25,10,4,22,4348.139060484407,2
40,25,10,4,23,3442.9733889153135,3
40,25,10,4,24,4016.2555961110374,4
40,25,10,4,25,4076.892483114214,0
40,25,10,4,26,5701.656295667725,1
40,25,10,4,27,4115.445549953386,2
40,25,10,4,28,3537.226815502578,3
40,25,10,4,29,3808.3636574516254,4
40,25,10,4,30,3963.4903755398686,0
40,25,10,4,31,3771.864346353622,1
40,25,10,4,32,4420.348484331894,2
40,25,10,4,33,3092.517621187618,3
40,25,10,4,34,4101.4876177248425,4
40,25,10,4,35,4493.476342320059,0
40,25,10,4,36,4457.951999771685,1
40,25,10,4,37,4567.912858539926,2
40,25,10,4,38,3136.5878263285067,3
40,25,10,4,39,3955.3094698909795,4
40,25,10,4,40,3655.1492590802713,0
40,25,10,4,41,4367.185022850511,1
40,25,10,4,42,4383.878823798018,2
40,25,10,4,43,3303.075777240815,3
40,25,10,4,44,3808.852050077056,4
40,25,10,4,45,3911.2964991723584,0
40,25,10,4,46,5439.895982115338,1
40,25,10,4,47,4183.312541182291,2
40,25,10,4,48,4038.7266903099367,3
40,25,10,4,49,3838.5019475256377,4
40,25,10,4,50,4000.838802793051,0
40,25,10,5,1,4456.449954527293,1
40,25,10,5,2,4265.8756953518905,2
40,25,10,5,3,3418.244685096748,3
40,25,10,5,4,3975.3990854468307,4
40,25,10,5,5,3970.0731841168968,0
40,25,10,5,6,5514.315431343823,1
40,25,10,5,7,4170.227708898571,2
40,25,10,5,8,3777.286016172301,3
40,25,10,5,9,3841.778843204779,4
40,25,10,5,10,3841.902645560227,0
40,25,10,5,11,3671.868377176126,1
40,25,10,5,12,4459.276858311612,2
40,25,10,5,13,3161.40651519245,3
40,25,10,5,14,4094.29289750566,4
40,25,10,5,15,4500.352789817158,0
40,25,10,5,16,4383.81960600468,1
40,25,10,5,17,4423.374858577979,2
40,25,10,5,18,3121.9298641146133,3
40,25,10,5,19,4138.581340132041,4
40,25,10,5,20,3666.686228581213,0
40,25,10,5,21,4511.124628094141,1
40,25,10,5,22,4362.874224167126,2
40,25,10,5,23,3436.612584562111,3
40,25,10,5,24,4026.2026186951807,4
40,25,10,5,25,4075.46057253753,0
40,25,10,5,26,5632.256491942388,1
40,25,10,5,27,4206.271377994254,2
40,25,10,5,28,3537.226815502578,3
40,25,10,5,29,3795.4234112521162,4
40,25,10,5,30,4019.839530965201,0
40,25,10,5,31,3732.1513907798853,1
40,25,10,5,32,4436.914332844993,2
40,25,10,5,33,3096.1448568656174,3
40,25,10,5,34,4130.215114290606,4
40,25,10,5,35,4493.476342320059,0
40,25,10,5,36,4464.903265358929,1
40,25,10,5,37,4511.727772902834,2
40,25,10,5,38,3136.5878263285067,3
40,25,10,5,39,4056.514562073098,4
40,25,10,5,40,3685.121212656253,0
40,25,10,5,41,4367.185022850511,1
40,25,10,5,42,4420.90546159554,2
40,25,10,5,43,3310.190712608687,3
40,25,10,5,44,3818.078808957552,4
40,25,10,5,45,3986.766451720923,0
40,25,10,5,46,5374.252216518579,1
40,25,10,5,47,4359.911534466029,2
40,25,10,5,48,4007.6657493483513,3
40,25,10,5,49,3857.3395059266722,4
40,25,10,5,50,3949.797115013603,0
40,25,30,0,1,4436.84523153028,1
40,25,30,0,2,4265.8756953518905,2
40,25,30,0,3,3405.5242097452387,3
40,25,30,0,4,3963.54147651211,4
40,25,30,0,5,4016.639670085047,0
40,25,30,0,6,5514.315431343823,1
40,25,30,0,7,4170.227708898571,2
40,25,30,0,8,3777.286016172301,3
40,25,30,0,9,3841.778843204779,4
40,25,30,0,10,3779.4204401149186,0
40,25,30,0,11,3652.4499910576683,1
40,25,30,0,12,4456.4341042257265,2
40,25,30,0,13,3194.3245581536935,3
40,25,30,0,14,4071.8435203866125,4
40,25,30,0,15,4500.352789817158,0
40,25,30,0,16,4383.81960600468,1
40,25,30,0,17,4479.511909967845,2
40,25,30,0,18,3121.9298641146133,3
40,25,30,0,19,4119.3323905705965,4
40,25,30,0,20,3681.848400388135,0
40,25,30,0,21,4464.799046709412,1
40,25,30,0,22,4348.139060484407,2
40,25,30,0,23,3442.9733889153135,3
40,25,30,0,24,4016.2555961110374,4
40,25,30,0,25,4076.892483114214,0
40,25,30,0,26,5701.656295667725,1
40,25,30,0,27,4115.445549953386,2
40,25,30,0,28,3537.226815502578,3
40,25,30,0,29,3808.3636574516254,4
40,25,30,0,30,3963.4903755398686,0
40,25,30,0,31,3771.864346353622,1
40,25,30,0,32,4420.348484331894,2
40,25,30,0,33,3092.517621187618,3
40,25,30,0,34,4101.4876177248425,4
40,25,30,0,35,4493.476342320059,0
40,25,30,0,36,4457.951999771685,1
40,25,30,0,37,4567.912858539926,2
40,25,30,0,38,3136.5878263285067,3
40,25,30,0,39,3955.3094698909795,4
40,25,30,0,40,3655.1492590802713,0
40,25,30,0,41,4367.185022850511,1
40,25,30,0,42,4383.878823798018,2
40,25,30,0,43,3303.075777240815,3
40,25,30,0,44,3808.852050077056,4
40,25,30,0,45,3911.2964991723584,0
40,25,30,0,46,5439.895982115338,1
40,25,30,0,47,4183.312541182291,2
40,25,30,0,48,4038.7266903099367,3
40,25,30,0,49,3838.5019475256377,4
40,25,30,0,50,4000.838802793051,0
40,25,30,1,1,4456.449954527293,1
40,25,30,1,2,4265.8756953518905,2
40,25,30,1,3,3418.244685096748,3
40,25,30,1,4,3975.3990854468307,4
40,25,30,1,5,3970.0731841168968,0
40,25,30,1,6,5514.315431343823,1
40,25,30,1,7,4170.227708898571,2
40,25,30,1,8,3777.286016172301,3
40,25,30,1,9,3841.778843204779,4
40,25,30,1,10,3841.902645560227,0
40,25,30,1,11,3671.868377176126,1
40,25,30,1,12,4459.276858311612,2
40,25,30,1,13,3161.40651519245,3
40,25,30,1,14,4094.29289750566,4
40,25,30,1,15,4500.352789817158,0
40,25,30,1,16,4383.81960600468,1
40,25,30,1,17,4423.374858577979,2
40,25,30,1,18,3121.9298641146133,3
40,25,30,1,19,4138.581340132041,4
40,25,30,1,20,3666.686228581213,0
40,25,30,1,21,4511.124628094141,1
40,25,30,1,22,4362.874224167126,2
40,25,30,1,23,3436.612584562111,3
40,25,30,1,24,4026.2026186951807,4
40,25,30,1,25,4075.46057253753,0
40,25,30,1,26,5632.256491942388,1
40,25,30,1,27,4206.271377994254,2
40,25,30,1,28,3537.226815502578,3
40,25,30,1,29,3795.4234112521162,4
40,25,30,1,30,4019.839530965201,0
40,25,30,1,31,3732.1513907798853,1
40,25,30,1,32,4436.914332844993,2
40,25,30,1,33,3096.1448568656174,3
40,25,30,1,34,4130.215114290606,4
40,25,30,1,35,4493.476342320059,0
40,25,30,1,36,4464.903265358929,1
40,25,30,1,37,4511.727772902834,2
40,25,30,1,38,3136.5878263285067,3
40,25,30,1,39,4056.514562073098,4
40,25,30,1,40,3685.121212656253,0
40,25,30,1,41,4367.185022850511,1
40,25,30,1,42,4420.90546159554,2
40,25,30,1,43,3310.190712608687,3
40,25,30,1,44,3818.078808957552,4
40,25,30,1,45,3986.766451720923,0
40,25,30,1,46,5374.252216518579,1
40,25,30,1,47,4359.911534466029,2
40,25,30,1,48,4007.6657493483513,3
40,25,30,1,49,3857.3395059266722,4
40,25,30,1,50,3949.797115013603,0
40,25,30,2,1,4436.84523153028,1
40,25,30,2,2,4265.8756953518905,2
40,25,30,2,3,3405.5242097452387,3
40,25,30,2,4,3963.54147651211,4
40,25,30,2,5,4016.639670085047,0
40,25,30,2,6,5514.315431343823,1
40,25,30,2,7,4170.227708898571,2
40,25,30,2,8,3777.286016172301,3
40,25,30,2,9,3841.778843204779,4
40,25,30,2,10,3779.4204401149186,0
40,25,30,2,11,3652.4499910576683,1
40,25,30,2,12,4456.4341042257265,2
40,25,30,2,13,3194.3245581536935,3
40,25,30,2,14,4071.8435203866125,4
40,25,30,2,15,4500.352789817158,0
40,25,30,2,16,4383.81960600468,1
40,25,30,2,17,4479.511909967845,2
40,25,30,2,18,3121.9298641146133,3
40,25,30,2,19,4119.3323905705965,4
40,25,30,2,20,3681.848400388135,0
40,25,30,2,21,4464.799046709412,1
40,25,30,2,22,4348.139060484407,2
40,25,30,2,23,3442.9733889153135,3
40,25,30,2,24,4016.2555961110374,4
40,25,30,2,25,4076.892483114214,0
40,25,30,2,26,5701.656295667725,1
40,25,30,2,27,4115.445549953386,2
40,25,30,2,28,3537.226815502578,3
40,25,30,2,29,3808.3636574516254,4
40,25,30,2,30,3963.4903755398686,0
40,25,30,2,31,3771.864346353622,1
40,25,30,2,32,4420.348484331894,2
40,25,30,2,33,3092.517621187618,3
40,25,30,2,34,4101.4876177248425,4
40,25,30,2,35,4493.476342320059,0
40,25,30,2,36,4457.951999771685,1
40,25,30,2,37,4567.912858539926,2
40,25,30,2,38,3136.5878263285067,3
40,25,30,2,39,3955.3094698909795,4
40,25,30,2,40,3655.1492590802713,0
40,25,30,2,41,4367.185022850511,1
40,25,30,2,42,4383.878823798018,2
40,25,30,2,43,3303.075777240815,3
40,25,30,2,44,3808.852050077056,4
40,25,30,2,45,3911.2964991723584,0
40,25,30,2,46,5439.895982115338,1
40,25,30,2,47,4183.312541182291,2
40,25,30,2,48,4038.7266903099367,3
40,25,30,2,49,3838.5019475256377,4
40,25,30,2,50,4000.838802793051,0
40,25,30,3,1,4436.84523153028,1
40,25,30,3,2,4265.8756953518905,2
40,25,30,3,3,3405.5242097452387,3
40,25,30,3,4,3963.54147651211,4
40,25,30,3,5,4016.639670085047,0
40,25,30,3,6,5514.315431343823,1
40,25,30,3,7,4170.227708898571,2
40,25,30,3,8,3777.286016172301,3
40,25,30,3,9,3841.778843204779,4
40,25,30,3,10,3779.4204401149186,0
40,25,30,3,11,3652.4499910576683,1
40,25,30,3,12,4456.4341042257265,2
40,25,30,3,13,3194.3245581536935,3
40,25,30,3,14,4071.8435203866125,4
40,25,30,3,15,4500.352789817158,0
40,25,30,3,16,4383.81960600468,1
40,25,30,3,17,4479.511909967845,2
40,25,30,3,18,3121.9298641146133,3
40,25,30,3,19,4119.3323905705965,4
40,25,30,3,20,3681.848400388135,0
40,25,30,3,21,4464.799046709412,1
40,25,30,3,22,4348.139060484407,2
40,25,30,3,23,3442.9733889153135,3
40,25,30,3,24,4016.2555961110374,4
40,25,30,3,25,4076.892483114214,0
40,25,30,3,26,5701.656295667725,1
40,25,30,3,27,4115.445549953386,2
40,25,30,3,28,3537.226815502578,3
40,25,30,3,29,3808.3636574516254,4
40,25,30,3,30,3963.4903755398686,0
40,25,30,3,31,3771.864346353622,1
40,25,30,3,32,4420.348484331894,2
40,25,30,3,33,3092.517621187618,3
40,25,30,3,34,4101.4876177248425,4
40,25,30,3,35,4493.476342320059,0
40,25,30,3,36,4457.951999771685,1
40,25,30,3,37,4567.912858539926,2
40,25,30,3,38,3136.5878263285067,3
40,25,30,3,39,3955.3094698909795,4
40,25,30,3,40,3655.1492590802713,0
40,25,30,3,41,4367.185022850511,1
40,25,30,3,42,4383.878823798018,2
40,25,30,3,43,3303.075777240815,3
40,25,30,3,44,3808.852050077056,4
40,25,30,3,45,3911.2964991723584,0
40,25,30,3,46,5439.895982115338,1
40,25,30,3,47,4183.312541182291,2
40,25,30,3,48,4038.7266903099367,3
40,25,30,3,49,3838.5019475256377,4
40,25,30,3,50,4000.838802793051,0
40,25,30,4,1,4436.84523153028,1
40,25,30,4,2,4265.8756953518905,2
40,25,30,4,3,3405.5242097452387,3
40,25,30,4,4,3963.54147651211,4
40,25,30,4,5,4016.639670085047,0
40,25,30,4,6,5514.315431343823,1
40,25,30,4,7,4170.227708898571,2
40,25,30,4,8,3777.286016172301,3
40,25,30,4,9,3841.778843204779,4
40,25,30,4,10,3779.4204401149186,0
40,25,30,4,11,3652.4499910576683,1
40,25,30,4,12,4456.4341042257265,2
40,25,30,4,13,3194.3245581536935,3
40,25,30,4,14,4071.8435203866125,4
40,25,30,4,15,4500.352789817158,0
40,25,30,4,16,4383.81960600468,1
40,25,30,4,17,4479.511909967845,2
40,25,30,4,18,3121.9298641146133,3
40,25,30,4,19,4119.3323905705965,4
40,25,30,4,20,3681.848400388135,0
40,25,30,4,21,4464.799046709412,1
40,25,30,4,22,4348.139060484407,2
40,25,30,4,23,3442.9733889153135,3
40,25,30,4,24,4016.2555961110374,4
40,25,30,4,25,4076.892483114214,0
40,25,30,4,26,5701.656295667725,1
40,25,30,4,27,4115.445549953386,2
40,25,30,4,28,3537.226815502578,3
40,25,30,4,29,3808.3636574516254,4
40,25,30,4,30,3963.4903755398686,0
40,25,30,4,31,3771.864346353622,1
40,25,30,4,32,4420.348484331894,2
40,25,30,4,33,3092.517621187618,3
40,25,30,4,34,4101.4876177248425,4
40,25,30,4,35,4493.476342320059,0
40,25,30,4,36,4457.951999771685,1
40,25,30,4,37,4567.912858539926,2
40,25,30,4,38,3136.5878263285067,3
40,25,30,4,39,3955.3094698909795,4
40,25,30,4,40,3655.1492590802713,0
40,25,30,4,41,4367.185022850511,1
40,25,30,4,42,4383.878823798018,2
40,25,30,4,43,3303.075777240815,3
40,25,30,4,44,3808.852050077056,4
40,25,30,4,45,3911.2964991723584,0
40,25,30,4,46,5439.895982115338,1
40,25,30,4,47,4183.312541182291,2
40,25,30,4,48,4038.7266903099367,3
40,25,30,4,49,3838.5019475256377,4
40,25,30,4,50,4000.838802793051,0
40,25,30,5,1,4456.449954527293,1
40,25,30,5,2,4265.8756953518905,2
40,25,30,5,3,3418.244685096748,3
40,25,30,5,4,3975.3990854468307,4
40,25,30,5,5,3970.0731841168968,0
40,25,30,5,6,5514.315431343823,1
40,25,30,5,7,4170.227708898571,2
40,25,30,5,8,3777.286016172301,3
40,25,30,5,9,3841.778843204779,4
40,25,30,5,10,3841.902645560227,0
40,25,30,5,11,3671.868377176126,1
40,25,30,5,12,4459.276858311612,2
40,25,30,5,13,3161.40651519245,3
40,25,30,5,14,4094.29289750566,4
40,25,30,5,15,4500.352789817158,0
40,25,30,5,16,4383.81960600468,1
40,25,30,5,17,4423.374858577979,2
40,25,30,5,18,3121.9298641146133,3
40,25,30,5,19,4138.581340132041,4
40,25,30,5,20,3666.686228581213,0
40,25,30,5,21,4511.124628094141,1
40,25,30,5,22,4362.874224167126,2
40,25,30,5,23,3436.612584562111,3
40,25,30,5,24,4026.2026186951807,4
40,25,30,5,25,4075.46057253753,0
40,25,30,5,26,5632.256491942388,1
40,25,30,5,27,4206.271377994254,2
40,25,30,5,28,3537.226815502578,3
40,25,30,5,29,3795.4234112521162,4
40,25,30,5,30,4019.839530965201,0
40,25,30,5,31,3732.1513907798853,1
40,25,30,5,32,4436.914332844993,2
40,25,30,5,33,3096.1448568656174,3
40,25,30,5,34,4130.215114290606,4
40,25,30,5,35,4493.476342320059,0
40,25,30,5,36,4464.903265358929,1
40,25,30,5,37,4511.727772902834,2
40,25,30,5,38,3136.5878263285067,3
40,25,30,5,39,4056.514562073098,4
40,25,30,5,40,3685.121212656253,0
40,25,30,5,41,4367.185022850511,1
40,25,30,5,42,4420.90546159554,2
40,25,30,5,43,3310.190712608687,3
40,25,30,5,44,3818.078808957552,4
40,25,30,5,45,3986.766451720923,0
40,25,30,5,46,5374.252216518579,1
40,25,30,5,47,4359.911534466029,2
40,25,30,5,48,4007.6657493483513,3
40,25,30,5,49,3857.3395059266722,4
40,25,30,5,50,3949.797115013603,0
40,25,50,0,1,4436.84523153028,1
40,25,50,0,2,4265.8756953518905,2
40,25,50,0,3,3405.5242097452387,3
40,25,50,0,4,3963.54147651211,4
40,25,50,0,5,4016.639670085047,0
40,25,50,0,6,5514.315431343823,1
40,25,50,0,7,4170.227708898571,2
40,25,50,0,8,3777.286016172301,3
40,25,50,0,9,3841.778843204779,4
40,25,50,0,10,3779.4204401149186,0
40,25,50,0,11,3652.4499910576683,1
40,25,50,0,12,4456.4341042257265,2
40,25,50,0,13,3194.3245581536935,3
40,25,50,0,14,4071.8435203866125,4
40,25,50,0,15,4500.352789817158,0
40,25,50,0,16,4383.81960600468,1
40,25,50,0,17,4479.511909967845,2
40,25,50,0,18,3121.9298641146133,3
40,25,50,0,19,4119.3323905705965,4
40,25,50,0,20,3681.848400388135,0
40,25,50,0,21,4464.799046709412,1
40,25,50,0,22,4348.139060484407,2
40,25,50,0,23,3442.9733889153135,3
40,25,50,0,24,4016.2555961110374,4
40,25,50,0,25,4076.892483114214,0
40,25,50,0,26,5701.656295667725,1
40,25,50,0,27,4115.445549953386,2
40,25,50,0,28,3537.226815502578,3
40,25,50,0,29,3808.3636574516254,4
40,25,50,0,30,3963.4903755398686,0
40,25,50,0,31,3771.864346353622,1
40,25,50,0,32,4420.348484331894,2
40,25,50,0,33,3092.517621187618,3
40,25,50,0,34,4101.4876177248425,4
40,25,50,0,35,4493.476342320059,0
40,25,50,0,36,4457.951999771685,1
40,25,50,0,37,4567.912858539926,2
40,25,50,0,38,3136.5878263285067,3
40,25,50,0,39,3955.3094698909795,4
40,25,50,0,40,3655.1492590802713,0
40,25,50,0,41,4367.185022850511,1
40,25,50,0,42,4383.878823798018,2
40,25,50,0,43,3303.075777240815,3
40,25,50,0,44,3808.852050077056,4
40,25,50,0,45,3911.2964991723584,0
40,25,50,0,46,5439.895982115338,1
40,25,50,0,47,4183.312541182291,2
40,25,50,0,48,4038.7266903099367,3
40,25,50,0,49,3838.5019475256377,4
40,25,50,0,50,4000.838802793051,0
40,25,50,1,1,4456.449954527293,1
40,25,50,1,2,4265.8756953518905,2
40,25,50,1,3,3418.244685096748,3
40,25,50,1,4,3975.3990854468307,4
40,25,50,1,5,3970.0731841168968,0
40,25,50,1,6,5514.315431343823,1
40,25,50,1,7,4170.227708898571,2
40,25,50,1,8,3777.286016172301,3
40,25,50,1,9,3841.778843204779,4
40,25,50,1,10,3841.902645560227,0
40,25,50,1,11,3671.868377176126,1
40,25,50,1,12,4459.276858311612,2
40,25,50,1,13,3161.40651519245,3
40,25,50,1,14,4094.29289750566,4
40,25,50,1,15,4500.352789817158,0
40,25,50,1,16,4383.81960600468,1
40,25,50,1,17,4423.374858577979,2
40,25,50,1,18,3121.9298641146133,3
40,25,50,1,19,4138.581340132041,4
40,25,50,1,20,3666.686228581213,0
40,25,50,1,21,4511.124628094141,1
40,25,50,1,22,4362.874224167126,2
40,25,50,1,23,3436.612584562111,3
40,25,50,1,24,4026.2026186951807,4
40,25,50,1,25,4075.46057253753,0
40,25,50,1,26,5632.256491942388,1
40,25,50,1,27,4206.271377994254,2
40,25,50,1,28,3537.226815502578,3
40,25,50,1,29,3795.4234112521162,4
40,25,50,1,30,4019.839530965201,0
40,25,50,1,31,3732.1513907798853,1
40,25,50,1,32,4436.914332844993,2
40,25,50,1,33,3096.1448568656174,3
40,25,50,1,34,4130.215114290606,4
40,25,50,1,35,4493.476342320059,0
40,25,50,1,36,4464.903265358929,1
40,25,50,1,37,4511.727772902834,2
40,25,50,1,38,3136.5878263285067,3
40,25,50,1,39,4056.514562073098,4
40,25,50,1,40,3685.121212656253,0
40,25,50,1,41,4367.185022850511,1
40,25,50,1,42,4420.90546159554,2
40,25,50,1,43,3310.190712608687,3
40,25,50,1,44,3818.078808957552,4
40,25,50,1,45,3986.766451720923,0
40,25,50,1,46,5374.252216518579,1
40,25,50,1,47,4359.911534466029,2
40,25,50,1,48,4007.6657493483513,3
40,25,50,1,49,3857.3395059266722,4
40,25,50,1,50,3949.797115013603,0
40,25,50,2,1,4436.84523153028,1
40,25,50,2,2,4265.8756953518905,2
40,25,50,2,3,3405.5242097452387,3
40,25,50,2,4,3963.54147651211,4
40,25,50,2,5,4016.639670085047,0
40,25,50,2,6,5514.315431343823,1
40,25,50,2,7,4170.227708898571,2
40,25,50,2,8,3777.286016172301,3
40,25,50,2,9,3841.778843204779,4
40,25,50,2,10,3779.4204401149186,0
40,25,50,2,11,3652.4499910576683,1
40,25,50,2,12,4456.4341042257265,2
40,25,50,2,13,3194.3245581536935,3
40,25,50,2,14,4071.8435203866125,4
40,25,50,2,15,4500.352789817158,0
40,25,50,2,16,4383.81960600468,1
40,25,50,2,17,4479.511909967845,2
40,25,50,2,18,3121.9298641146133,3
40,25,50,2,19,4119.3323905705965,4
40,25,50,2,20,3681.848400388135,0
40,25,50,2,21,4464.799046709412,1
40,25,50,2,22,4348.139060484407,2
40,25,50,2,23,3442.9733889153135,3
40,25,50,2,24,4016.2555961110374,4
40,25,50,2,25,4076.892483114214,0
40,25,50,2,26,5701.656295667725,1
40,25,50,2,27,4115.445549953386,2
40,25,50,2,28,3537.226815502578,3
40,25,50,2,29,3808.3636574516254,4
40,25,50,2,30,3963.4903755398686,0
40,25,50,2,31,3771.864346353622,1
40,25,50,2,32,4420.348484331894,2
40,25,50,2,33,3092.517621187618,3
40,25,50,2,34,4101.4876177248425,4
40,25,50,2,35,4493.476342320059,0
40,25,50,2,36,4457.951999771685,1
40,25,50,2,37,4567.912858539926,2
40,25,50,2,38,3136.5878263285067,3
40,25,50,2,39,3955.3094698909795,4
40,25,50,2,40,3655.1492590802713,0
40,25,50,2,41,4367.185022850511,1
40,25,50,2,42,4383.878823798018,2
40,25,50,2,43,3303.075777240815,3
40,25,50,2,44,3808.852050077056,4
40,25,50,2,45,3911.2964991723584,0
40,25,50,2,46,5439.895982115338,1
40,25,50,2,47,4183.312541182291,2
40,25,50,2,48,4038.7266903099367,3
40,25,50,2,49,3838.5019475256377,4
40,25,50,2,50,4000.838802793051,0
40,25,50,3,1,4436.84523153028,1
40,25,50,3,2,4265.8756953518905,2
40,25,50,3,3,3405.5242097452387,3
40,25,50,3,4,3963.54147651211,4
40,25,50,3,5,4016.639670085047,0
40,25,50,3,6,5514.315431343823,1
40,25,50,3,7,4170.227708898571,2
40,25,50,3,8,3777.286016172301,3
40,25,50,3,9,3841.778843204779,4
40,25,50,3,10,3779.4204401149186,0
40,25,50,3,11,3652.4499910576683,1
40,25,50,3,12,4456.4341042257265,2
40,25,50,3,13,3194.3245581536935,3
40,25,50,3,14,4071.8435203866125,4
40,25,50,3,15,4500.352789817158,0
40,25,50,3,16,4383.81960600468,1
40,25,50,3,17,4479.511909967845,2
40,25,50,3,18,3121.9298641146133,3
40,25,50,3,19,4119.3323905705965,4
40,25,50,3,20,3681.848400388135,0
40,25,50,3,21,4464.799046709412,1
40,25,50,3,22,4348.139060484407,2
40,25,50,3,23,3442.9733889153135,3
40,25,50,3,24,4016.2555961110374,4
40,25,50,3,25,4076.892483114214,0
40,25,50,3,26,5701.656295667725,1
40,25,50,3,27,4115.445549953386,2
40,25,50,3,28,3537.226815502578,3
40,25,50,3,29,3808.3636574516254,4
40,25,50,3,30,3963.4903755398686,0
40,25,50,3,31,3771.864346353622,1
40,25,50,3,32,4420.348484331894,2
40,25,50,3,33,3092.517621187618,3
40,25,50,3,34,4101.4876177248425,4
40,25,50,3,35,4493.476342320059,0
40,25,50,3,36,4457.951999771685,1
40,25,50,3,37,4567.912858539926,2
40,25,50,3,38,3136.5878263285067,3
40,25,50,3,39,3955.3094698909795,4
40,25,50,3,40,3655.1492590802713,0
40,25,50,3,41,4367.185022850511,1
40,25,50,3,42,4383.878823798018,2
40,25,50,3,43,3303.075777240815,3
40,25,50,3,44,3808.852050077056,4
40,25,50,3,45,3911.2964991723584,0
40,25,50,3,46,5439.895982115338,1
40,25,50,3,47,4183.312541182291,2
40,25,50,3,48,4038.7266903099367,3
40,25,50,3,49,3838.5019475256377,4
40,25,50,3,50,4000.838802793051,0
40,25,50,4,1,4436.84523153028,1
40,25,50,4,2,4265.8756953518905,2
40,25,50,4,3,3405.5242097452387,3
40,25,50,4,4,3963.54147651211,4
40,25,50,4,5,4016.639670085047,0
40,25,50,4,6,5514.315431343823,1
40,25,50,4,7,4170.227708898571,2
40,25,50,4,8,3777.286016172301,3
40,25,50,4,9,3841.778843204779,4
40,25,50,4,10,3779.4204401149186,0
40,25,50,4,11,3652.4499910576683,1
40,25,50,4,12,4456.4341042257265,2
40,25,50,4,13,3194.3245581536935,3
40,25,50,4,14,4071.8435203866125,4
40,25,50,4,15,4500.352789817158,0
40,25,50,4,16,4383.81960600468,1
40,25,50,4,17,4479.511909967845,2
40,25,50,4,18,3121.9298641146133,3
40,25,50,4,19,4119.3323905705965,4
40,25,50,4,20,3681.848400388135,0
40,25,50,4,21,4464.799046709412,1
40,25,50,4,22,4348.139060484407,2
40,25,50,4,23,3442.9733889153135,3
40,25,50,4,24,4016.2555961110374,4
40,25,50,4,25,4076.892483114214,0
40,25,50,4,26,5701.656295667725,1
40,25,50,4,27,4115.445549953386,2
40,25,50,4,28,3537.226815502578,3
40,25,50,4,29,3808.3636574516254,4
40,25,50,4,30,3963.4903755398686,0
40,25,50,4,31,3771.864346353622,1
40,25,50,4,32,4420.348484331894,2
40,25,50,4,33,3092.517621187618,3
40,25,50,4,34,4101.4876177248425,4
40,25,50,4,35,4493.476342320059,0
40,25,50,4,36,4457.951999771685,1
40,25,50,4,37,4567.912858539926,2
40,25,50,4,38,3136.5878263285067,3
40,25,50,4,39,3955.3094698909795,4
40,25,50,4,40,3655.1492590802713,0
40,25,50,4,41,4367.185022850511,1
40,25,50,4,42,4383.878823798018,2
40,25,50,4,43,3303.075777240815,3
40,25,50,4,44,3808.852050077056,4
40,25,50,4,45,3911.2964991723584,0
40,25,50,4,46,5439.895982115338,1
40,25,50,4,47,4183.312541182291,2
40,25,50,4,48,4038.7266903099367,3
40,25,50,4,49,3838.5019475256377,4
40,25,50,4,50,4000.838802793051,0
40,25,50,5,1,4456.449954527293,1
40,25,50,5,2,4265.8756953518905,2
40,25,50,5,3,3418.244685096748,3
40,25,50,5,4,3975.3990854468307,4
40,25,50,5,5,3970.0731841168968,0
40,25,50,5,6,5514.315431343823,1
40,25,50,5,7,4170.227708898571,2
40,25,50,5,8,3777.286016172301,3
40,25,50,5,9,3841.778843204779,4
40,25,50,5,10,3841.902645560227,0
40,25,50,5,11,3671.868377176126,1
40,25,50,5,12,4459.276858311612,2
40,25,50,5,13,3161.40651519245,3
40,25,50,5,14,4094.29289750566,4
40,25,50,5,15,4500.352789817158,0
40,25,50,5,16,4383.81960600468,1
40,25,50,5,17,4423.374858577979,2
40,25,50,5,18,3121.9298641146133,3
40,25,50,5,19,4138.581340132041,4
40,25,50,5,20,3666.686228581213,0
40,25,50,5,21,4511.124628094141,1
40,25,50,5,22,4362.874224167126,2
40,25,50,5,23,3436.612584562111,3
40,25,50,5,24,4026.2026186951807,4
40,25,50,5,25,4075.46057253753,0
40,25,50,5,26,5632.256491942388,1
40,25,50,5,27,4206.271377994254,2
40,25,50,5,28,3537.226815502578,3
40,25,50,5,29,3795.4234112521162,4
40,25,50,5,30,4019.839530965201,0
40,25,50,5,31,3732.1513907798853,1
40,25,50,5,32,4436.914332844993,2
40,25,50,5,33,3096.1448568656174,3
40,25,50,5,34,4130.215114290606,4
40,25,50,5,35,4493.476342320059,0
40,25,50,5,36,4464.903265358929,1
40,25,50,5,37,4511.727772902834,2
40,25,50,5,38,3136.5878263285067,3
40,25,50,5,39,4056.514562073098,4
40,25,50,5,40,3685.121212656253,0
40,25,50,5,41,4367.185022850511,1
40,25,50,5,42,4420.90546159554,2
40,25,50,5,43,3310.190712608687,3
40,25,50,5,44,3818.078808957552,4
40,25,50,5,45,3986.766451720923,0
40,25,50,5,46,5374.252216518579,1
40,25,50,5,47,4359.911534466029,2
40,25,50,5,48,4007.6657493483513,3
40,25,50,5,49,3857.3395059266722,4
40,25,50,5,50,3949.797115013603,0
40,50,10,0,1,4436.84523153028,1
40,50,10,0,2,4265.8756953518905,2
40,50,10,0,3,3395.3847001655276,3
40,50,10,0,4,3992.9413358701645,4
40,50,10,0,5,4016.639670085047,0
40,50,10,0,6,5487.547388725052,1
40,50,10,0,7,4170.227708898571,2
40,50,10,0,8,3753.3757112578237,3
40,50,10,0,9,3835.7804624136684,4
40,50,10,0,10,3820.7465930478124,0
40,50,10,0,11,3652.4499910576683,1
40,50,10,0,12,4460.138924713179,2
40,50,10,0,13,3182.719137350406,3
40,50,10,0,14,4071.8435203866125,4
40,50,10,0,15,4483.031093590061,0
40,50,10,0,16,4374.463661332978,1
40,50,10,0,17,4479.511909967845,2
40,50,10,0,18,3104.4990824787383,3
40,50,10,0,19,4107.643768184326,4
40,50,10,0,20,3681.848400388135,0
40,50,10,0,21,4464.799046709412,1
40,50,10,0,22,4348.139060484407,2
40,50,10,0,23,3442.9733889153135,3
40,50,10,0,24,4012.2005189596457,4
40,50,10,0,25,4076.892483114214,0
40,50,10,0,26,5693.170917559312,1
40,50,10,0,27,4224.564992712952,2
40,50,10,0,28,3537.226815502578,3
40,50,10,0,29,3795.236307692307,4
40,50,10,0,30,3934.1224334557355,0
40,50,10,0,31,3771.864346353622,1
40,50,10,0,32,4441.386117924617,2
40,50,10,0,33,3105.912759375178,3
40,50,10,0,34,4161.25703822371,4
40,50,10,0,35,4508.242023250062,0
40,50,10,0,36,4407.190000646892,1
40,50,10,0,37,4567.912858539926,2
40,50,10,0,38,3136.5878263285067,3
40,50,10,0,39,4054.94379885462,4
40,50,10,0,40,3655.1492590802713,0
40,50,10,0,41,4367.185022850511,1
40,50,10,0,42,4383.878823798018,2
40,50,10,0,43,3327.363389333891,3
40,50,10,0,44,3808.852050077056,4
40,50,10,0,45,3937.035605548051,0
40,50,10,0,46,5451.697039974124,1
40,50,10,0,47,4183.312541182291,2
40,50,10,0,48,3995.441050096083,3
40,50,10,0,49,3838.5019475256377,4
40,50,10,0,50,4000.838802793051,0
40,50,10,1,1,4456.449954527293,1
40,50,10,1,2,4265.8756953518905,2
40,50,10,1,3,3395.3847001655276,3
40,50,10,1,4,3992.9413358701645,4
40,50,10,1,5,3970.0731841168968,0
40,50,10,1,6,5500.846275081337,1
40,50,10,1,7,4170.227708898571,2
40,50,10,1,8,3811.568351757073,3
40,50,10,1,9,3848.9621798740463,4
40,50,10,1,10,3820.7465930478124,0
40,50,10,1,11,3671.868377176126,1
40,50,10,1,12,4460.138924713179,2
40,50,10,1,13,3182.719137350406,3
40,50,10,1,14,4094.29289750566,4
40,50,10,1,15,4428.486305827736,0
40,50,10,1,16,4369.114442892749,1
40,50,10,1,17,4423.374858577979,2
40,50,10,1,18,3121.663325710155,3
40,50,10,1,19,4107.643768184326,4
40,50,10,1,20,3666.686228581213,0
40,50,10,1,21,4511.124628094141,1
40,50,10,1,22,4362.874224167126,2
40,50,10,1,23,3436.612584562111,3
40,50,10,1,24,4012.2005189596457,4
40,50,10,1,25,4075.46057253753,0
40,50,10,1,26,5693.170917559312,1
40,50,10,1,27,4224.564992712952,2
40,50,10,1,28,3537.226815502578,3
40,50,10,1,29,3795.236307692307,4
40,50,10,1,30,3934.1224334557355,0
40,50,10,1,31,3732.1513907798853,1
40,50,10,1,32,4441.386117924617,2
40,50,10,1,33,3105.912759375178,3
40,50,10,1,34,4161.25703822371,4
40,50,10,1,35,4502.298343499687,0
40,50,10,1,36,4407.190000646892,1
40,50,10,1,37,4511.727772902834,2
40,50,10,1,38,3136.5878263285067,3
40,50,10,1,39,4054.94379885462,4
40,50,10,1,40,3685.121212656253,0
40,50,10,1,41,4367.185022850511,1
40,50,10,1,42,4420.90546159554,2
40,50,10,1,43,3327.363389333891,3
40,50,10,1,44,3818.078808957552,4
40,50,10,1,45,3937.035605548051,0
40,50,10,1,46,5451.697039974124,1
40,50,10,1,47,4359.911534466029,2
40,50,10,1,48,3995.441050096083,3
40,50,10,1,49,3857.3395059266722,4
40,50,10,1,50,3949.797115013603,0
40,50,10,2,1,4436.84523153028,1
40,50,10,2,2,4265.8756953518905,2
40,50,10,2,3,3395.3847001655276,3
40,50,10,2,4,3992.9413358701645,4
40,50,10,2,5,4016.639670085047,0
40,50,10,2,6,5487.547388725052,1
40,50,10,2,7,4170.227708898571,2
40,50,10,2,8,3753.3757112578237,3
40,50,10,2,9,3835.7804624136684,4
40,50,10,2,10,3820.7465930478124,0
40,50,10,2,11,3652.4499910576683,1
40,50,10,2,12,4460.138924713179,2
40,50,10,2,13,3182.719137350406,3
40,50,10,2,14,4071.8435203866125,4
40,50,10,2,15,4483.031093590061,0
40,50,10,2,16,4374.463661332978,1
40,50,10,2,17,4479.511909967845,2
40,50,10,2,18,3104.4990824787383,3
40,50,10,2,19,4107.643768184326,4
40,50,10,2,20,3681.848400388135,0
40,50,10,2,21,4464.799046709412,1
40,50,10,2,22,4348.139060484407,2
40,50,10,2,23,3442.9733889153135,3
40,50,10,2,24,4012.2005189596457,4
40,50,10,2,25,4076.892483114214,0
40,50,10,2,26,5693.170917559312,1
40,50,10,2,27,4224.564992712952,2
40,50,10,2,28,3537.226815502578,3
40,50,10,2,29,3795.236307692307,4
40,50,10,2,30,3934.1224334557355,0
40,50,10,2,31,3771.864346353622,1
40,50,10,2,32,4441.386117924617,2
40,50,10,2,33,3105.912759375178,3
40,50,10,2,34,4161.25703822371,4
40,50,10,2,35,4508.242023250062,0
40,50,10,2,36,4407.190000646892,1
40,50,10,2,37,4567.912858539926,2
40,50,10,2,38,3136.5878263285067,3
40,50,10,2,39,4054.94379885462,4
40,50,10,2,40,3655.1492590802713,0
40,50,10,2,41,4367.185022850511,1
40,50,10,2,42,4383.878823798018,2
40,50,10,2,43,3327.363389333891,3
40,50,10,2,44,3808.852050077056,4
40,50,10,2,45,3937.035605548051,0
40,50,10,2,46,5451.697039974124,1
40,50,10,2,47,4183.312541182291,2
40,50,10,2,48,3995.441050096083,3
40,50,10,2,49,3838.5019475256377,4
40,50,10,2,50,4000.838802793051,0
40,50,10,3,1,4436.84523153028,1
40,50,10,3,2,4265.8756953518905,2
40,50,10,3,3,3395.3847001655276,3
40,50,10,3,4,3992.9413358701645,4
40,50,10,3,5,4016.639670085047,0
40,50,10,3,6,5487.547388725052,1
40,50,10,3,7,4170.227708898571,2
40,50,10,3,8,3753.3757112578237,3
40,50,10,3,9,3835.7804624136684,4
40,50,10,3,10,3820.7465930478124,0
40,50,10,3,11,3652.4499910576683,1
40,50,10,3,12,4460.138924713179,2
40,50,10,3,13,3182.719137350406,3
40,50,10,3,14,4071.8435203866125,4
40,50,10,3,15,4483.031093590061,0
40,50,10,3,16,4374.463661332978,1
40,50,10,3,17,4479.511909967845,2
40,50,10,3,18,3104.4990824787383,3
40,50,10,3,19,4107.643768184326,4
40,50,10,3,20,3681.848400388135,0
40,50,10,3,21,4464.799046709412,1
40,50,10,3,22,4348.139060484407,2
40,50,10,3,23,3442.9733889153135,3
40,50,10,3,24,4012.2005189596457,4
40,50,10,3,25,4076.892483114214,0
40,50,10,3,26,5693.170917559312,1
40,50,10,3,27,4224.564992712952,2
40,50,10,3,28,3537.226815502578,3
40,50,10,3,29,3795.236307692307,4
40,50,10,3,30,3934.1224334557355,0
40,50,10,3,31,3771.864346353622,1
40,50,10,3,32,4441.386117924617,2
40,50,10,3,33,3105.912759375178,3
40,50,10,3,34,4161.25703822371,4
40,50,10,3,35,4508.242023250062,0
40,50,10,3,36,4407.190000646892,1
40,50,10,3,37,4567.912858539926,2
40,50,10,3,38,3136.5878263285067,3
40,50,10,3,39,4054.94379885462,4
40,50,10,3,40,3655.1492590802713,0
40,50,10,3,41,4367.185022850511,1
40,50,10,3,42,4383.878823798018,2
40,50,10,3,43,3327.363389333891,3
40,50,10,3,44,3808.852050077056,4
40,50,10,3,45,3937.035605548051,0
40,50,10,3,46,5451.697039974124,1
40,50,10,3,47,4183.312541182291,2
40,50,10,3,48,3995.441050096083,3
40,50,10,3,49,3838.5019475256377,4
40,50,10,3,50,4000.838802793051,0
40,50,10,4,1,4436.84523153028,1
40,50,10,4,2,4265.8756953518905,2
40,50,10,4,3,3395.3847001655276,3
40,50,10,4,4,3992.9413358701645,4
40,50,10,4,5,4016.639670085047,0
40,50,10,4,6,5487.547388725052,1
40,50,10,4,7,4170.227708898571,2
40,50,10,4,8,3753.3757112578237,3
40,50,10,4,9,3835.7804624136684,4
40,50,10,4,10,3820.7465930478124,0
40,50,10,4,11,3652.4499910576683,1
40,50,10,4,12,4460.138924713179,2
40,50,10,4,13,3182.719137350406,3
40,50,10,4,14,4071.8435203866125,4
40,50,10,4,15,4483.031093590061,0
40,50,10,4,16,4374.463661332978,1
40,50,10,4,17,4479.511909967845,2
40,50,10,4,18,3104.4990824787383,3
40,50,10,4,19,4107.643768184326,4
40,50,10,4,20,3681.848400388135,0
40,50,10,4,21,4464.799046709412,1
40,50,10,4,22,4348.139060484407,2
40,50,10,4,23,3442.9733889153135,3
40,50,10,4,24,4012.2005189596457,4
40,50,10,4,25,4076.892483114214,0
40,50,10,4,26,5693.170917559312,1
40,50,10,4,27,4224.564992712952,2
40,50,10,4,28,3537.226815502578,3
40,50,10,4,29,3795.236307692307,4
40,50,10,4,30,3934.1224334557355,0
40,50,10,4,31,3771.864346353622,1
40,50,10,4,32,4441.386117924617,2
40,50,10,4,33,3105.912759375178,3
40,50,10,4,34,4161.25703822371,4
40,50,10,4,35,4508.242023250062,0
40,50,10,4,36,4407.190000646892,1
40,50,10,4,37,4567.912858539926,2
40,50,10,4,38,3136.5878263285067,3
40,50,10,4,39,4054.94379885462,4
40,50,10,4,40,3655.1492590802713,0
40,50,10,4,41,4367.185022850511,1
40,50,10,4,42,4383.878823798018,2
40,50,10,4,43,3327.363389333891,3
40,50,10,4,44,3808.852050077056,4
40,50,10,4,45,3937.035605548051,0
40,50,10,4,46,5451.697039974124,1
40,50,10,4,47,4183.312541182291,2
40,50,10,4,48,3995.441050096083,3
40,50,10,4,49,3838.5019475256377,4
40,50,10,4,50,4000.838802793051,0
40,50,10,5,1,4456.449954527293,1
40,50,10,5,2,4265.8756953518905,2
40,50,10,5,3,3395.3847001655276,3
40,50,10,5,4,3992.9413358701645,4
40,50,10,5,5,3970.0731841168968,0
40,50,10,5,6,5500.846275081337,1
40,50,10,5,7,4170.227708898571,2
40,50,10,5,8,3811.568351757073,3
40,50,10,5,9,3848.9621798740463,4
40,50,10,5,10,3820.7465930478124,0
40,50,10,5,11,3671.868377176126,1
40,50,10,5,12,4460.138924713179,2
40,50,10,5,13,3182.719137350406,3
40,50,10,5,14,4094.29289750566,4
40,50,10,5,15,4428.486305827736,0
40,50,10,5,16,4369.114442892749,1
40,50,10,5,17,4423.374858577979,2
40,50,10,5,18,3121.663325710155,3
40,50,10,5,19,4107.643768184326,4
40,50,10,5,20,3666.686228581213,0
40,50,10,5,21,4511.124628094141,1
40,50,10,5,22,4362.874224167126,2
40,50,10,5,23,3436.612584562111,3
40,50,10,5,24,4012.2005189596457,4
40,50,10,5,25,4075.46057253753,0
40,50,10,5,26,5693.170917559312,1
40,50,10,5,27,4224.564992712952,2
40,50,10,5,28,3537.226815502578,3
40,50,10,5,29,3795.236307692307,4
40,50,10,5,30,3934.1224334557355,0
40,50,10,5,31,3732.1513907798853,1
40,50,10,5,32,4441.386117924617,2
40,50,10,5,33,3105.912759375178,3
40,50,10,5,34,4161.25703822371,4
40,50,10,5,35,4502.298343499687,0
40,50,10,5,36,4407.190000646892,1
40,50,10,5,37,4511.727772902834,2
40,50,10,5,38,3136.5878263285067,3
40,50,10,5,39,4054.94379885462,4
40,50,10,5,40,3685.121212656253,0
40,50,10,5,41,4367.185022850511,1
40,50,10,5,42,4420.90546159554,2
40,50,10,5,43,3327.363389333891,3
40,50,10,5,44,3818.078808957552,4
40,50,10,5,45,3937.035605548051,0
40,50,10,5,46,5451.697039974124,1
40,50,10,5,47,4359.911534466029,2
40,50,10,5,48,3995.441050096083,3
40,50,10,5,49,3857.3395059266722,4
40,50,10,5,50,3949.797115013603,0
40,50,30,0,1,4436.84523153028,1
40,50,30,0,2,4265.8756953518905,2
40,50,30,0,3,3395.3847001655276,3
40,50,30,0,4,3992.9413358701645,4
40,50,30,0,5,4016.639670085047,0
40,50,30,0,6,5487.547388725052,1
40,50,30,0,7,4170.227708898571,2
40,50,30,0,8,3753.3757112578237,3
40,50,30,0,9,3835.7804624136684,4
40,50,30,0,10,3820.7465930478124,0
40,50,30,0,11,3652.4499910576683,1
40,50,30,0,12,4460.138924713179,2
40,50,30,0,13,3182.719137350406,3
40,50,30,0,14,4071.8435203866125,4
40,50,30,0,15,4483.031093590061,0
40,50,30,0,16,4374.463661332978,1
40,50,30,0,17,4479.511909967845,2
40,50,30,0,18,3104.4990824787383,3
40,50,30,0,19,4107.643768184326,4
40,50,30,0,20,3681.848400388135,0
40,50,30,0,21,4464.799046709412,1
40,50,30,0,22,4348.139060484407,2
40,50,30,0,23,3442.9733889153135,3
40,50,30,0,24,4012.2005189596457,4
40,50,30,0,25,4076.892483114214,0
40,50,30,0,26,5693.170917559312,1
40,50,30,0,27,4224.564992712952,2
40,50,30,0,28,3537.226815502578,3
40,50,30,0,29,3795.236307692307,4
40,50,30,0,30,3934.1224334557355,0
40,50,30,0,31,3771.864346353622,1
40,50,30,0,32,4441.386117924617,2
40,50,30,0,33,3105.912759375178,3
40,50,30,0,34,4161.25703822371,4
40,50,30,0,35,4508.242023250062,0
40,50,30,0,36,4407.190000646892,1
40,50,30,0,37,4567.912858539926,2
40,50,30,0,38,3136.5878263285067,3
40,50,30,0,39,4054.94379885462,4
40,50,30,0,40,3655.1492590802713,0
40,50,30,0,41,4367.185022850511,1
40,50,30,0,42,4383.878823798018,2
40,50,30,0,43,3327.363389333891,3
40,50,30,0,44,3808.852050077056,4
40,50,30,0,45,3937.035605548051,0
40,50,30,0,46,5451.697039974124,1
40,50,30,0,47,4183.312541182291,2
40,50,30,0,48,3995.441050096083,3
40,50,30,0,49,3838.5019475256377,4
40,50,30,0,50,4000.838802793051,0
40,50,30,1,1,4456.449954527293,1
40,50,30,1,2,4265.8756953518905,2
40,50,30,1,3,3395.3847001655276,3
40,50,30,1,4,3992.9413358701645,4
40,50,30,1,5,3970.0731841168968,0
40,50,30,1,6,5500.846275081337,1
40,50,30,1,7,4170.227708898571,2
40,50,30,1,8,3811.568351757073,3
40,50,30,1,9,3848.9621798740463,4
40,50,30,1,10,3820.7465930478124,0
40,50,30,1,11,3671.868377176126,1
40,50,30,1,12,4460.138924713179,2
40,50,30,1,13,3182.719137350406,3
40,50,30,1,14,4094.29289750566,4
40,50,30,1,15,4428.486305827736,0
40,50,30,1,16,4369.114442892749,1
40,50,30,1,17,4423.374858577979,2
40,50,30,1,18,3121.663325710155,3
40,50,30,1,19,4107.643768184326,4
40,50,30,1,20,3666.686228581213,0
40,50,30,1,21,4511.124628094141,1
40,50,30,1,22,4362.874224167126,2
40,50,30,1,23,3436.612584562111,3
40,50,30,1,24,4012.2005189596457,4
40,50,30,1,25,4075.46057253753,0
40,50,30,1,26,5693.170917559312,1
40,50,30,1,27,4224.564992712952,2
40,50,30,1,28,3537.226815502578,3
40,50,30,1,29,3795.236307692307,4
40,50,30,1,30,3934.1224334557355,0
40,50,30,1,31,3732.1513907798853,1
40,50,30,1,32,4441.386117924617,2
40,50,30,1,33,3105.912759375178,3
40,50,30,1,34,4161.25703822371,4
40,50,30,1,35,4502.298343499687,0
40,50,30,1,36,4407.190000646892,1
40,50,30,1,37,4511.727772902834,2
40,50,30,1,38,3136.5878263285067,3
40,50,30,1,39,4054.94379885462,4
40,50,30,1,40,3685.121212656253,0
40,50,30,1,41,4367.185022850511,1
40,50,30,1,42,4420.90546159554,2
40,50,30,1,43,3327.363389333891,3
40,50,30,1,44,3818.078808957552,4
40,50,30,1,45,3937.035605548051,0
40,50,30,1,46,5451.697039974124,1
40,50,30,1,47,4359.911534466029,2
40,50,30,1,48,3995.441050096083,3
40,50,30,1,49,3857.3395059266722,4
40,50,30,1,50,3949.797115013603,0
40,50,30,2,1,4436.84523153028,1
40,50,30,2,2,4265.8756953518905,2
40,50,30,2,3,3395.3847001655276,3
40,50,30,2,4,3992.9413358701645,4
40,50,30,2,5,4016.639670085047,0
40,50,30,2,6,5487.547388725052,1
40,50,30,2,7,4170.227708898571,2
40,50,30,2,8,3753.3757112578237,3
40,50,30,2,9,3835.7804624136684,4
40,50,30,2,10,3820.7465930478124,0
40,50,30,2,11,3652.4499910576683,1
40,50,30,2,12,4460.138924713179,2
40,50,30,2,13,3182.719137350406,3
40,50,30,2,14,4071.8435203866125,4
40,50,30,2,15,4483.031093590061,0
40,50,30,2,16,4374.463661332978,1
40,50,30,2,17,4479.511909967845,2
40,50,30,2,18,3104.4990824787383,3
40,50,30,2,19,4107.643768184326,4
40,50,30,2,20,3681.848400388135,0
40,50,30,2,21,4464.799046709412,1
40,50,30,2,22,4348.139060484407,2
40,50,30,2,23,3442.9733889153135,3
40,50,30,2,24,4012.2005189596457,4
40,50,30,2,25,4076.892483114214,0
40,50,30,2,26,5693.170917559312,1
40,50,30,2,27,4224.564992712952,2
40,50,30,2,28,3537.226815502578,3
40,50,30,2,29,3795.236307692307,4
40,50,30,2,30,3934.1224334557355,0
40,50,30,2,31,3771.864346353622,1
40,50,30,2,32,4441.386117924617,2
40,50,30,2,33,3105.912759375178,3
40,50,30,2,34,4161.25703822371,4
40,50,30,2,35,4508.242023250062,0
40,50,30,2,36,4407.190000646892,1
40,50,30,2,37,4567.912858539926,2
40,50,30,2,38,3136.5878263285067,3
40,50,30,2,39,4054.94379885462,4
40,50,30,2,40,3655.1492590802713,0
40,50,30,2,41,4367.185022850511,1
40,50,30,2,42,4383.878823798018,2
40,50,30,2,43,3327.363389333891,3
40,50,30,2,44,3808.852050077056,4
40,50,30,2,45,3937.035605548051,0
40,50,30,2,46,5451.697039974124,1
40,50,30,2,47,4183.312541182291,2
40,50,30,2,48,3995.441050096083,3
40,50,30,2,49,3838.5019475256377,4
40,50,30,2,50,4000.838802793051,0
40,50,30,3,1,4436.84523153028,1
40,50,30,3,2,4265.8756953518905,2
40,50,30,3,3,3395.3847001655276,3
40,50,30,3,4,3992.9413358701645,4
40,50,30,3,5,4016.639670085047,0
40,50,30,3,6,5487.547388725052,1
40,50,30,3,7,4170.227708898571,2
40,50,30,3,8,3753.3757112578237,3
40,50,30,3,9,3835.7804624136684,4
40,50,30,3,10,3820.7465930478124,0
40,50,30,3,11,3652.4499910576683,1
40,50,30,3,12,4460.138924713179,2
40,50,30,3,13,3182.719137350406,3
40,50,30,3,14,4071.8435203866125,4
40,50,30,3,15,4483.031093590061,0
40,50,30,3,16,4374.463661332978,1
40,50,30,3,17,4479.511909967845,2
40,50,30,3,18,3104.4990824787383,3
40,50,30,3,19,4107.643768184326,4
40,50,30,3,20,3681.848400388135,0
40,50,30,3,21,4464.799046709412,1
40,50,30,3,22,4348.139060484407,2
40,50,30,3,23,3442.9733889153135,3
40,50,30,3,24,4012.2005189596457,4
40,50,30,3,25,4076.892483114214,0
40,50,30,3,26,5693.170917559312,1
40,50,30,3,27,4224.564992712952,2
40,50,30,3,28,3537.226815502578,3
40,50,30,3,29,3795.236307692307,4
40,50,30,3,30,3934.1224334557355,0
40,50,30,3,31,3771.864346353622,1
40,50,30,3,32,4441.386117924617,2
40,50,30,3,33,3105.912759375178,3
40,50,30,3,34,4161.25703822371,4
40,50,30,3,35,4508.242023250062,0
40,50,30,3,36,4407.190000646892,1
40,50,30,3,37,4567.912858539926,2
40,50,30,3,38,3136.5878263285067,3
40,50,30,3,39,4054.94379885462,4
40,50,30,3,40,3655.1492590802713,0
40,50,30,3,41,4367.185022850511,1
40,50,30,3,42,4383.878823798018,2
40,50,30,3,43,3327.363389333891,3
40,50,30,3,44,3808.852050077056,4
40,50,30,3,45,3937.035605548051,0
40,50,30,3,46,5451.697039974124,1
40,50,30,3,47,4183.312541182291,2
40,50,30,3,48,3995.441050096083,3
40,50,30,3,49,3838.5019475256377,4
40,50,30,3,50,4000.838802793051,0
40,50,30,4,1,4436.84523153028,1
40,50,30,4,2,4265.8756953518905,2
40,50,30,4,3,3395.3847001655276,3
40,50,30,4,4,3992.9413358701645,4
40,50,30,4,5,4016.639670085047,0
40,50,30,4,6,5487.547388725052,1
40,50,30,4,7,4170.227708898571,2
40,50,30,4,8,3753.3757112578237,3
40,50,30,4,9,3835.7804624136684,4
40,50,30,4,10,3820.7465930478124,0
40,50,30,4,11,3652.4499910576683,1
40,50,30,4,12,4460.138924713179,2
40,50,30,4,13,3182.719137350406,3
40,50,30,4,14,4071.8435203866125,4
40,50,30,4,15,4483.031093590061,0
40,50,30,4,16,4374.463661332978,1
40,50,30,4,17,4479.511909967845,2
40,50,30,4,18,3104.4990824787383,3
40,50,30,4,19,4107.643768184326,4
40,50,30,4,20,3681.848400388135,0
40,50,30,4,21,4464.799046709412,1
40,50,30,4,22,4348.139060484407,2
40,50,30,4,23,3442.9733889153135,3
40,50,30,4,24,4012.2005189596457,4
40,50,30,4,25,4076.892483114214,0
40,50,30,4,26,5693.170917559312,1
40,50,30,4,27,4224.564992712952,2
40,50,30,4,28,3537.226815502578,3
40,50,30,4,29,3795.236307692307,4
40,50,30,4,30,3934.1224334557355,0
40,50,30,4,31,3771.864346353622,1
40,50,30,4,32,4441.386117924617,2
40,50,30,4,33,3105.912759375178,3
40,50,30,4,34,4161.25703822371,4
40,50,30,4,35,4508.242023250062,0
40,50,30,4,36,4407.190000646892,1
40,50,30,4,37,4567.912858539926,2
40,50,30,4,38,3136.5878263285067,3
40,50,30,4,39,4054.94379885462,4
40,50,30,4,40,3655.1492590802713,0
40,50,30,4,41,4367.185022850511,1
40,50,30,4,42,4383.878823798018,2
40,50,30,4,43,3327.363389333891,3
40,50,30,4,44,3808.852050077056,4
40,50,30,4,45,3937.035605548051,0
40,50,30,4,46,5451.697039974124,1
40,50,30,4,47,4183.312541182291,2
40,50,30,4,48,3995.441050096083,3
40,50,30,4,49,3838.5019475256377,4
40,50,30,4,50,4000.838802793051,0
40,50,30,5,1,4456.449954527293,1
40,50,30,5,2,4265.8756953518905,2
40,50,30,5,3,3395.3847001655276,3
40,50,30,5,4,3992.9413358701645,4
40,50,30,5,5,3970.0731841168968,0
40,50,30,5,6,5500.846275081337,1
40,50,30,5,7,4170.227708898571,2
40,50,30,5,8,3811.568351757073,3
40,50,30,5,9,3848.9621798740463,4
40,50,30,5,10,3820.7465930478124,0
40,50,30,5,11,3671.868377176126,1
40,50,30,5,12,4460.138924713179,2
40,50,30,5,13,3182.719137350406,3
40,50,30,5,14,4094.29289750566,4
40,50,30,5,15,4428.486305827736,0
40,50,30,5,16,4369.114442892749,1
40,50,30,5,17,4423.374858577979,2
40,50,30,5,18,3121.663325710155,3
40,50,30,5,19,4107.643768184326,4
40,50,30,5,20,3666.686228581213,0
40,50,30,5,21,4511.124628094141,1
40,50,30,5,22,4362.874224167126,2
40,50,30,5,23,3436.612584562111,3
40,50,30,5,24,4012.2005189596457,4
40,50,30,5,25,4075.46057253753,0
40,50,30,5,26,5693.170917559312,1
40,50,30,5,27,4224.564992712952,2
40,50,30,5,28,3537.226815502578,3
40,50,30,5,29,3795.236307692307,4
40,50,30,5,30,3934.1224334557355,0
40,50,30,5,31,3732.1513907798853,1
40,50,30,5,32,4441.386117924617,2
40,50,30,5,33,3105.912759375178,3
40,50,30,5,34,4161.25703822371,4
40,50,30,5,35,4502.298343499687,0
40,50,30,5,36,4407.190000646892,1
40,50,30,5,37,4511.727772902834,2
40,50,30,5,38,3136.5878263285067,3
40,50,30,5,39,4054.94379885462,4
40,50,30,5,40,3685.121212656253,0
40,50,30,5,41,4367.185022850511,1
40,50,30,5,42,4420.90546159554,2
40,50,30,5,43,3327.363389333891,3
40,50,30,5,44,3818.078808957552,4
40,50,30,5,45,3937.035605548051,0
40,50,30,5,46,5451.697039974124,1
40,50,30,5,47,4359.911534466029,2
40,50,30,5,48,3995.441050096083,3
40,50,30,5,49,3857.3395059266722,4
40,50,30,5,50,3949.797115013603,0
40,50,50,0,1,4436.84523153028,1
40,50,50,0,2,4265.8756953518905,2
40,50,50,0,3,3395.3847001655276,3
40,50,50,0,4,3992.9413358701645,4
40,50,50,0,5,4016.639670085047,0
40,50,50,0,6,5487.547388725052,1
40,50,50,0,7,4170.227708898571,2
40,50,50,0,8,3753.3757112578237,3
40,50,50,0,9,3835.7804624136684,4
40,50,50,0,10,3820.7465930478124,0
40,50,50,0,11,3652.4499910576683,1
40,50,50,0,12,4460.138924713179,2
40,50,50,0,13,3182.719137350406,3
40,50,50,0,14,4071.8435203866125,4
40,50,50,0,15,4483.031093590061,0
40,50,50,0,16,4374.463661332978,1
40,50,50,0,17,4479.511909967845,2
40,50,50,0,18,3104.4990824787383,3
40,50,50,0,19,4107.643768184326,4
40,50,50,0,20,3681.848400388135,0
40,50,50,0,21,4464.799046709412,1
40,50,50,0,22,4348.139060484407,2
40,50,50,0,23,3442.9733889153135,3
40,50,50,0,24,4012.2005189596457,4
40,50,50,0,25,4076.892483114214,0
40,50,50,0,26,5693.170917559312,1
40,50,50,0,27,4224.564992712952,2
40,50,50,0,28,3537.226815502578,3
40,50,50,0,29,3795.236307692307,4
40,50,50,0,30,3934.1224334557355,0
40,50,50,0,31,3771.864346353622,1
40,50,50,0,32,4441.386117924617,2
40,50,50,0,33,3105.912759375178,3
40,50,50,0,34,4161.25703822371,4
40,50,50,0,35,4508.242023250062,0
40,50,50,0,36,4407.190000646892,1
40,50,50,0,37,4567.912858539926,2
40,50,50,0,38,3136.5878263285067,3
40,50,50,0,39,4054.94379885462,4
40,50,50,0,40,3655.1492590802713,0
40,50,50,0,41,4367.185022850511,1
40,50,50,0,42,4383.878823798018,2
40,50,50,0,43,3327.363389333891,3
40,50,50,0,44,3808.852050077056,4
40,50,50,0,45,3937.035605548051,0
40,50,50,0,46,5451.697039974124,1
40,50,50,0,47,4183.312541182291,2
40,50,50,0,48,3995.441050096083,3
40,50,50,0,49,3838.5019475256377,4
40,50,50,0,50,4000.838802793051,0
40,50,50,1,1,4456.449954527293,1
40,50,50,1,2,4265.8756953518905,2
40,50,50,1,3,3395.3847001655276,3
40,50,50,1,4,3992.9413358701645,4
40,50,50,1,5,3970.0731841168968,0
40,50,50,1,6,5500.846275081337,1
40,50,50,1,7,4170.227708898571,2
40,50,50,1,8,3811.568351757073,3
40,50,50,1,9,3848.9621798740463,4
40,50,50,1,10,3820.7465930478124,0
40,50,50,1,11,3671.868377176126,1
40,50,50,1,12,4460.138924713179,2
40,50,50,1,13,3182.719137350406,3
40,50,50,1,14,4094.29289750566,4
40,50,50,1,15,4428.486305827736,0
40,50,50,1,16,4369.114442892749,1
40,50,50,1,17,4423.374858577979,2
40,50,50,1,18,3121.663325710155,3
40,50,50,1,19,4107.643768184326,4
40,50,50,1,20,3666.686228581213,0
40,50,50,1,21,4511.124628094141,1
40,50,50,1,22,4362.874224167126,2
40,50,50,1,23,3436.612584562111,3
40,50,50,1,24,4012.2005189596457,4
40,50,50,1,25,4075.46057253753,0
40,50,50,1,26,5693.170917559312,1
40,50,50,1,27,4224.564992712952,2
40,50,50,1,28,3537.226815502578,3
40,50,50,1,29,3795.236307692307,4
40,50,50,1,30,3934.1224334557355,0
40,50,50,1,31,3732.1513907798853,1
40,50,50,1,32,4441.386117924617,2
40,50,50,1,33,3105.912759375178,3
40,50,50,1,34,4161.25703822371,4
40,50,50,1,35,4502.298343499687,0
40,50,50,1,36,4407.190000646892,1
40,50,50,1,37,4511.727772902834,2
40,50,50,1,38,3136.5878263285067,3
40,50,50,1,39,4054.94379885462,4
40,50,50,1,40,3685.121212656253,0
40,50,50,1,41,4367.185022850511,1
40,50,50,1,42,4420.90546159554,2
40,50,50,1,43,3327.363389333891,3
40,50,50,1,44,3818.078808957552,4
40,50,50,1,45,3937.035605548051,0
40,50,50,1,46,5451.697039974124,1
40,50,50,1,47,4359.911534466029,2
40,50,50,1,48,3995.441050096083,3
40,50,50,1,49,3857.3395059266722,4
40,50,50,1,50,3949.797115013603,0
40,50,50,2,1,4436.84523153028,1
40,50,50,2,2,4265.8756953518905,2
40,50,50,2,3,3395.3847001655276,3
40,50,50,2,4,3992.9413358701645,4
40,50,50,2,5,4016.639670085047,0
40,50,50,2,6,5487.547388725052,1
40,50,50,2,7,4170.227708898571,2
40,50,50,2,8,3753.3757112578237,3
40,50,50,2,9,3835.7804624136684,4
40,50,50,2,10,3820.7465930478124,0
40,50,50,2,11,3652.4499910576683,1
40,50,50,2,12,4460.138924713179,2
40,50,50,2,13,3182.719137350406,3
40,50,50,2,14,4071.8435203866125,4
40,50,50,2,15,4483.031093590061,0
40,50,50,2,16,4374.463661332978,1
40,50,50,2,17,4479.511909967845,2
40,50,50,2,18,3104.4990824787383,3
40,50,50,2,19,4107.643768184326,4
40,50,50,2,20,3681.848400388135,0
40,50,50,2,21,4464.799046709412,1
40,50,50,2,22,4348.139060484407,2
40,50,50,2,23,3442.9733889153135,3
40,50,50,2,24,4012.2005189596457,4
40,50,50,2,25,4076.892483114214,0
40,50,50,2,26,5693.170917559312,1
40,50,50,2,27,4224.564992712952,2
40,50,50,2,28,3537.226815502578,3
40,50,50,2,29,3795.236307692307,4
40,50,50,2,30,3934.1224334557355,0
40,50,50,2,31,3771.864346353622,1
40,50,50,2,32,4441.386117924617,2
40,50,50,2,33,3105.912759375178,3
40,50,50,2,34,4161.25703822371,4
40,50,50,2,35,4508.242023250062,0
40,50,50,2,36,4407.190000646892,1
40,50,50,2,37,4567.912858539926,2
40,50,50,2,38,3136.5878263285067,3
40,50,50,2,39,4054.94379885462,4
40,50,50,2,40,3655.1492590802713,0
40,50,50,2,41,4367.185022850511,1
40,50,50,2,42,4383.878823798018,2
40,50,50,2,43,3327.363389333891,3
40,50,50,2,44,3808.852050077056,4
40,50,50,2,45,3937.035605548051,0
40,50,50,2,46,5451.697039974124,1
40,50,50,2,47,4183.312541182291,2
40,50,50,2,48,3995.441050096083,3
40,50,50,2,49,3838.5019475256377,4
40,50,50,2,50,4000.838802793051,0
40,50,50,3,1,4436.84523153028,1
40,50,50,3,2,4265.8756953518905,2
40,50,50,3,3,3395.3847001655276,3
40,50,50,3,4,3992.9413358701645,4
40,50,50,3,5,4016.639670085047,0
40,50,50,3,6,5487.547388725052,1
40,50,50,3,7,4170.227708898571,2
40,50,50,3,8,3753.3757112578237,3
40,50,50,3,9,3835.7804624136684,4
40,50,50,3,10,3820.7465930478124,0
40,50,50,3,11,3652.4499910576683,1
40,50,50,3,12,4460.138924713179,2
40,50,50,3,13,3182.719137350406,3
40,50,50,3,14,4071.8435203866125,4
40,50,50,3,15,4483.031093590061,0
40,50,50,3,16,4374.463661332978,1
40,50,50,3,17,4479.511909967845,2
40,50,50,3,18,3104.4990824787383,3
40,50,50,3,19,4107.643768184326,4
40,50,50,3,20,3681.848400388135,0
40,50,50,3,21,4464.799046709412,1
40,50,50,3,22,4348.139060484407,2
40,50,50,3,23,3442.9733889153135,3
40,50,50,3,24,4012.2005189596457,4
40,50,50,3,25,4076.892483114214,0
40,50,50,3,26,5693.170917559312,1
40,50,50,3,27,4224.564992712952,2
40,50,50,3,28,3537.226815502578,3
40,50,50,3,29,3795.236307692307,4
40,50,50,3,30,3934.1224334557355,0
40,50,50,3,31,3771.864346353622,1
40,50,50,3,32,4441.386117924617,2
40,50,50,3,33,3105.912759375178,3
40,50,50,3,34,4161.25703822371,4
40,50,50,3,35,4508.242023250062,0
40,50,50,3,36,4407.190000646892,1
40,50,50,3,37,4567.912858539926,2
40,50,50,3,38,3136.5878263285067,3
40,50,50,3,39,4054.94379885462,4
40,50,50,3,40,3655.1492590802713,0
40,50,50,3,41,4367.185022850511,1
40,50,50,3,42,4383.878823798018,2
40,50,50,3,43,3327.363389333891,3
40,50,50,3,44,3808.852050077056,4
40,50,50,3,45,3937.035605548051,0
40,50,50,3,46,5451.697039974124,1
40,50,50,3,47,4183.312541182291,2
40,50,50,3,48,3995.441050096083,3
40,50,50,3,49,3838.5019475256377,4
40,50,50,3,50,4000.838802793051,0
40,50,50,4,1,4436.84523153028,1
40,50,50,4,2,4265.8756953518905,2
40,50,50,4,3,3395.3847001655276,3
40,50,50,4,4,3992.9413358701645,4
40,50,50,4,5,4016.639670085047,0
40,50,50,4,6,5487.547388725052,1
40,50,50,4,7,4170.227708898571,2
40,50,50,4,8,3753.3757112578237,3
40,50,50,4,9,3835.7804624136684,4
40,50,50,4,10,3820.7465930478124,0
40,50,50,4,11,3652.4499910576683,1
40,50,50,4,12,4460.138924713179,2
40,50,50,4,13,3182.719137350406,3
40,50,50,4,14,4071.8435203866125,4
40,50,50,4,15,4483.031093590061,0
40,50,50,4,16,4374.463661332978,1
40,50,50,4,17,4479.511909967845,2
40,50,50,4,18,3104.4990824787383,3
40,50,50,4,19,4107.643768184326,4
40,50,50,4,20,3681.848400388135,0
40,50,50,4,21,4464.799046709412,1
40,50,50,4,22,4348.139060484407,2
40,50,50,4,23,3442.9733889153135,3
40,50,50,4,24,4012.2005189596457,4
40,50,50,4,25,4076.892483114214,0
40,50,50,4,26,5693.170917559312,1
40,50,50,4,27,4224.564992712952,2
40,50,50,4,28,3537.226815502578,3
40,50,50,4,29,3795.236307692307,4
40,50,50,4,30,3934.1224334557355,0
40,50,50,4,31,3771.864346353622,1
40,50,50,4,32,4441.386117924617,2
40,50,50,4,33,3105.912759375178,3
40,50,50,4,34,4161.25703822371,4
40,50,50,4,35,4508.242023250062,0
40,50,50,4,36,4407.190000646892,1
40,50,50,4,37,4567.912858539926,2
40,50,50,4,38,3136.5878263285067,3
40,50,50,4,39,4054.94379885462,4
40,50,50,4,40,3655.1492590802713,0
40,50,50,4,41,4367.185022850511,1
40,50,50,4,42,4383.878823798018,2
40,50,50,4,43,3327.363389333891,3
40,50,50,4,44,3808.852050077056,4
40,50,50,4,45,3937.035605548051,0
40,50,50,4,46,5451.697039974124,1
40,50,50,4,47,4183.312541182291,2
40,50,50,4,48,3995.441050096083,3
40,50,50,4,49,3838.5019475256377,4
40,50,50,4,50,4000.838802793051,0
40,50,50,5,1,4456.449954527293,1
40,50,50,5,2,4265.8756953518905,2
40,50,50,5,3,3395.3847001655276,3
40,50,50,5,4,3992.9413358701645,4
40,50,50,5,5,3970.0731841168968,0
40,50,50,5,6,5500.846275081337,1
40,50,50,5,7,4170.227708898571,2
40,50,50,5,8,3811.568351757073,3
40,50,50,5,9,3848.9621798740463,4
40,50,50,5,10,3820.7465930478124,0
40,50,50,5,11,3671.868377176126,1
40,50,50,5,12,4460.138924713179,2
40,50,50,5,13,3182.719137350406,3
40,50,50,5,14,4094.29289750566,4
40,50,50,5,15,4428.486305827736,0
40,50,50,5,16,4369.114442892749,1
40,50,50,5,17,4423.374858577979,2
40,50,50,5,18,3121.663325710155,3
40,50,50,5,19,4107.643768184326,4
40,50,50,5,20,3666.686228581213,0
40,50,50,5,21,4511.124628094141,1
40,50,50,5,22,4362.874224167126,2
40,50,50,5,23,3436.612584562111,3
40,50,50,5,24,4012.2005189596457,4
40,50,50,5,25,4075.46057253753,0
40,50,50,5,26,5693.170917559312,1
40,50,50,5,27,4224.564992712952,2
40,50,50,5,28,3537.226815502578,3
40,50,50,5,29,3795.236307692307,4
40,50,50,5,30,3934.1224334557355,0
40,50,50,5,31,3732.1513907798853,1
40,50,50,5,32,4441.386117924617,2
40,50,50,5,33,3105.912759375178,3
40,50,50,5,34,4161.25703822371,4
40,50,50,5,35,4502.298343499687,0
40,50,50,5,36,4407.190000646892,1
40,50,50,5,37,4511.727772902834,2
40,50,50,5,38,3136.5878263285067,3
40,50,50,5,39,4054.94379885462,4
40,50,50,5,40,3685.121212656253,0
40,50,50,5,41,4367.185022850511,1
40,50,50,5,42,4420.90546159554,2
40,50,50,5,43,3327.363389333891,3
40,50,50,5,44,3818.078808957552,4
40,50,50,5,45,3937.035605548051,0
40,50,50,5,46,5451.697039974124,1
40,50,50,5,47,4359.911534466029,2
40,50,50,5,48,3995.441050096083,3
40,50,50,5,49,3857.3395059266722,4
40,50,50,5,50,3949.797115013603,0
40,75,10,0,1,4422.474458113738,1
40,75,10,0,2,4265.8756953518905,2
40,75,10,0,3,3395.3847001655276,3
40,75,10,0,4,3992.9413358701645,4
40,75,10,0,5,3963.749130462908,0
40,75,10,0,6,5514.315431343823,1
40,75,10,0,7,4170.227708898571,2
40,75,10,0,8,3777.286016172301,3
40,75,10,0,9,3835.7804624136684,4
40,75,10,0,10,3820.7465930478124,0
40,75,10,0,11,3680.3587887136364,1
40,75,10,0,12,4460.138924713179,2
40,75,10,0,13,3182.719137350406,3
40,75,10,0,14,4071.8435203866125,4
40,75,10,0,15,4500.352789817158,0
40,75,10,0,16,4374.463661332978,1
40,75,10,0,17,4451.584178618315,2
40,75,10,0,18,3104.4990824787383,3
40,75,10,0,19,4107.643768184326,4
40,75,10,0,20,3690.6710015791778,0
40,75,10,0,21,4508.696731901292,1
40,75,10,0,22,4405.911726326604,2
40,75,10,0,23,3429.166542894652,3
40,75,10,0,24,4012.2005189596457,4
40,75,10,0,25,4057.9225721950575,0
40,75,10,0,26,5693.170917559312,1
40,75,10,0,27,4224.564992712952,2
40,75,10,0,28,3537.6935743830745,3
40,75,10,0,29,3808.3636574516254,4
40,75,10,0,30,3963.4903755398686,0
40,75,10,0,31,3763.3237838619457,1
40,75,10,0,32,4441.386117924617,2
40,75,10,0,33,3105.912759375178,3
40,75,10,0,34,4161.25703822371,4
40,75,10,0,35,4493.476342320059,0
40,75,10,0,36,4457.951999771685,1
40,75,10,0,37,4588.381431305771,2
40,75,10,0,38,3151.027751060712,3
40,75,10,0,39,3955.3094698909795,4
40,75,10,0,40,3655.1492590802713,0
40,75,10,0,41,4367.185022850511,1
40,75,10,0,42,4368.939289560303,2
40,75,10,0,43,3327.363389333891,3
40,75,10,0,44,3808.1190694647917,4
40,75,10,0,45,3937.035605548051,0
40,75,10,0,46,5451.697039974124,1
40,75,10,0,47,4354.179092067961,2
40,75,10,0,48,3995.441050096083,3
40,75,10,0,49,3872.443509960235,4
40,75,10,0,50,4000.838802793051,0
40,75,10,1,1,4422.474458113738,1
40,75,10,1,2,4265.8756953518905,2
40,75,10,1,3,3395.3847001655276,3
40,75,10,1,4,3992.9413358701645,4
40,75,10,1,5,3963.749130462908,0
40,75,10,1,6,5514.315431343823,1
40,75,10,1,7,4170.227708898571,2
40,75,10,1,8,3777.286016172301,3
40,75,10,1,9,3848.9621798740463,4
40,75,10,1,10,3820.7465930478124,0
40,75,10,1,11,3680.3587887136364,1
40,75,10,1,12,4460.138924713179,2
40,75,10,1,13,3182.719137350406,3
40,75,10,1,14,4094.29289750566,4
40,75,10,1,15,4500.352789817158,0
40,75,10,1,16,4369.114442892749,1
40,75,10,1,17,4451.584178618315,2
40,75,10,1,18,3121.663325710155,3
40,75,10,1,19,4107.643768184326,4
40,75,10,1,20,3690.6710015791778,0
40,75,10,1,21,4508.696731901292,1
40,75,10,1,22,4405.911726326604,2
40,75,10,1,23,3429.166542894652,3
40,75,10,1,24,4012.2005189596457,4
40,75,10,1,25,4057.9225721950575,0
40,75,10,1,26,5693.170917559312,1
40,75,10,1,27,4224.564992712952,2
40,75,10,1,28,3534.1984912193916,3
40,75,10,1,29,3795.4234112521162,4
40,75,10,1,30,4019.839530965201,0
40,75,10,1,31,3763.3237838619457,1
40,75,10,1,32,4441.386117924617,2
40,75,10,1,33,3105.912759375178,3
40,75,10,1,34,4161.25703822371,4
40,75,10,1,35,4493.476342320059,0
40,75,10,1,36,4464.903265358929,1
40,75,10,1,37,4588.381431305771,2
40,75,10,1,38,3164.447023040773,3
40,75,10,1,39,4056.514562073098,4
40,75,10,1,40,3685.121212656253,0
40,75,10,1,41,4367.185022850511,1
40,75,10,1,42,4368.939289560303,2
40,75,10,1,43,3327.363389333891,3
40,75,10,1,44,3808.1190694647917,4
40,75,10,1,45,3937.035605548051,0
40,75,10,1,46,5451.697039974124,1
40,75,10,1,47,4354.179092067961,2
40,75,10,1,48,3995.441050096083,3
40,75,10,1,49,3872.443509960235,4
40,75,10,1,50,3949.797115013603,0
40,75,10,2,1,4422.474458113738,1
40,75,10,2,2,4265.8756953518905,2
40,75,10,2,3,3395.3847001655276,3
40,75,10,2,4,3992.9413358701645,4
40,75,10,2,5,3963.749130462908,0
40,75,10,2,6,5514.315431343823,1
40,75,10,2,7,4170.227708898571,2
40,75,10,2,8,3777.286016172301,3
40,75,10,2,9,3835.7804624136684,4
40,75,10,2,10,3820.7465930478124,0
40,75,10,2,11,3680.3587887136364,1
40,75,10,2,12,4460.138924713179,2
40,75,10,2,13,3182.719137350406,3
40,75,10,2,14,4071.8435203866125,4
40,75,10,2,15,4500.352789817158,0
40,75,10,2,16,4374.463661332978,1
40,75,10,2,17,4451.584178618315,2
40,75,10,2,18,3104.4990824787383,3
40,75,10,2,19,4107.643768184326,4
40,75,10,2,20,3690.6710015791778,0
40,75,10,2,21,4508.696731901292,1
40,75,10,2,22,4405.911726326604,2
40,75,10,2,23,3429.166542894652,3
40,75,10,2,24,4012.2005189596457,4
40,75,10,2,25,4057.9225721950575,0
40,75,10,2,26,5693.170917559312,1
40,75,10,2,27,4224.564992712952,2
40,75,10,2,28,3537.6935743830745,3
40,75,10,2,29,3808.3636574516254,4
40,75,10,2,30,3963.4903755398686,0
40,75,10,2,31,3763.3237838619457,1
40,75,10,2,32,4441.386117924617,2
40,75,10,2,33,3105.912759375178,3
40,75,10,2,34,4161.25703822371,4
40,75,10,2,35,4493.476342320059,0
40,75,10,2,36,4457.951999771685,1
40,75,10,2,37,4588.381431305771,2
40,75,10,2,38,3151.027751060712,3
40,75,10,2,39,3955.3094698909795,4
40,75,10,2,40,3655.1492590802713,0
40,75,10,2,41,4367.185022850511,1
40,75,10,2,42,4368.939289560303,2
40,75,10,2,43,3327.363389333891,3
40,75,10,2,44,3808.1190694647917,4
40,75,10,2,45,3937.035605548051,0
40,75,10,2,46,5451.697039974124,1
40,75,10,2,47,4354.179092067961,2
40,75,10,2,48,3995.441050096083,3
40,75,10,2,49,3872.443509960235,4
40,75,10,2,50,4000.838802793051,0
40,75,10,3,1,4422.474458113738,1
40,75,10,3,2,4265.8756953518905,2
40,75,10,3,3,3395.3847001655276,3
40,75,10,3,4,3992.9413358701645,4
40,75,10,3,5,3963.749130462908,0
40,75,10,3,6,5514.315431343823,1
40,75,10,3,7,4170.227708898571,2
40,75,10,3,8,3777.286016172301,3
40,75,10,3,9,3835.7804624136684,4
40,75,10,3,10,3820.7465930478124,0
40,75,10,3,11,3680.3587887136364,1
40,75,10,3,12,4460.138924713179,2
40,75,10,3,13,3182.719137350406,3
40,75,10,3,14,4071.8435203866125,4
40,75,10,3,15,4500.352789817158,0
40,75,10,3,16,4374.463661332978,1
40,75,10,3,17,4451.584178618315,2
40,75,10,3,18,3104.4990824787383,3
40,75,10,3,19,4107.643768184326,4
40,75,10,3,20,3690.6710015791778,0
40,75,10,3,21,4508.696731901292,1
40,75,10,3,22,4405.911726326604,2
40,75,10,3,23,3429.166542894652,3
40,75,10,3,24,4012.2005189596457,4
40,75,10,3,25,4057.9225721950575,0
40,75,10,3,26,5693.170917559312,1
40,75,10,3,27,4224.564992712952,2
40,75,10,3,28,3537.6935743830745,3
40,75,10,3,29,3808.3636574516254,4
40,75,10,3,30,3963.4903755398686,0
40,75,10,3,31,3763.3237838619457,1
40,75,10,3,32,4441.386117924617,2
40,75,10,3,33,3105.912759375178,3
40,75,10,3,34,4161.25703822371,4
40,75,10,3,35,4493.476342320059,0
40,75,10,3,36,4457.951999771685,1
40,75,10,3,37,4588.381431305771,2
40,75,10,3,38,3151.027751060712,3
40,75,10,3,39,3955.3094698909795,4
40,75,10,3,40,3655.1492590802713,0
40,75,10,3,41,4367.185022850511,1
40,75,10,3,42,4368.939289560303,2
40,75,10,3,43,3327.363389333891,3
40,75,10,3,44,3808.1190694647917,4
40,75,10,3,45,3937.035605548051,0
40,75,10,3,46,5451.697039974124,1
40,75,10,3,47,4354.179092067961,2
40,75,10,3,48,3995.441050096083,3
40,75,10,3,49,3872.443509960235,4
40,75,10,3,50,4000.838802793051,0
40,75,10,4,1,4422.474458113738,1
40,75,10,4,2,4265.8756953518905,2
40,75,10,4,3,3395.3847001655276,3
40,75,10,4,4,3992.9413358701645,4
40,75,10,4,5,3963.749130462908,0
40,75,10,4,6,5514.315431343823,1
40,75,10,4,7,4170.227708898571,2
40,75,10,4,8,3777.286016172301,3
40,75,10,4,9,3835.7804624136684,4
40,75,10,4,10,3820.7465930478124,0
40,75,10,4,11,3680.3587887136364,1
40,75,10,4,12,4460.138924713179,2
40,75,10,4,13,3182.719137350406,3
40,75,10,4,14,4071.8435203866125,4
40,75,10,4,15,4500.352789817158,0
40,75,10,4,16,4374.463661332978,1
40,75,10,4,17,4451.584178618315,2
40,75,10,4,18,3104.4990824787383,3
40,75,10,4,19,4107.643768184326,4
40,75,10,4,20,3690.6710015791778,0
40,75,10,4,21,4508.696731901292,1
40,75,10,4,22,4405.911726326604,2
40,75,10,4,23,3429.166542894652,3
40,75,10,4,24,4012.2005189596457,4
40,75,10,4,25,4057.9225721950575,0
40,75,10,4,26,5693.170917559312,1
40,75,10,4,27,4224.564992712952,2
40,75,10,4,28,3537.6935743830745,3
40,75,10,4,29,3808.3636574516254,4
40,75,10,4,30,3963.4903755398686,0
40,75,10,4,31,3763.3237838619457,1
40,75,10,4,32,4441.386117924617,2
40,75,10,4,33,3105.912759375178,3
40,75,10,4,34,4161.25703822371,4
40,75,10,4,35,4493.476342320059,0
40,75,10,4,36,4457.951999771685,1
40,75,10,4,37,4588.381431305771,2
40,75,10,4,38,3151.027751060712,3
40,75,10,4,39,3955.3094698909795,4
40,75,10,4,40,3655.1492590802713,0
40,75,10,4,41,4367.185022850511,1
40,75,10,4,42,4368.939289560303,2
40,75,10,4,43,3327.363389333891,3
40,75,10,4,44,3808.1190694647917,4
40,75,10,4,45,3937.035605548051,0
40,75,10,4,46,5451.697039974124,1
40,75,10,4,47,4354.179092067961,2
40,75,10,4,48,3995.441050096083,3
40,75,10,4,49,3872.443509960235,4
40,75,10,4,50,4000.838802793051,0
40,75,10,5,1,4422.474458113738,1
40,75,10,5,2,4265.8756953518905,2
40,75,10,5,3,3395.3847001655276,3
40,75,10,5,4,3992.9413358701645,4
40,75,10,5,5,3963.749130462908,0
40,75,10,5,6,5514.315431343823,1
40,75,10,5,7,4170.227708898571,2
40,75,10,5,8,3777.286016172301,3
40,75,10,5,9,3848.9621798740463,4
40,75,10,5,10,3820.7465930478124,0
40,75,10,5,11,3680.3587887136364,1
40,75,10,5,12,4460.138924713179,2
40,75,10,5,13,3182.719137350406,3
40,75,10,5,14,4094.29289750566,4
40,75,10,5,15,4500.352789817158,0
40,75,10,5,16,4369.114442892749,1
40,75,10,5,17,4451.584178618315,2
40,75,10,5,18,3121.663325710155,3
40,75,10,5,19,4107.643768184326,4
40,75,10,5,20,3690.6710015791778,0
40,75,10,5,21,4508.696731901292,1
40,75,10,5,22,4405.911726326604,2
40,75,10,5,23,3429.166542894652,3
40,75,10,5,24,4012.2005189596457,4
40,75,10,5,25,4057.9225721950575,0
40,75,10,5,26,5693.170917559312,1
40,75,10,5,27,4224.564992712952,2
40,75,10,5,28,3534.1984912193916,3
40,75,10,5,29,3795.4234112521162,4
40,75,10,5,30,4019.839530965201,0
40,75,10,5,31,3763.3237838619457,1
40,75,10,5,32,4441.386117924617,2
40,75,10,5,33,3105.912759375178,3
40,75,10,5,34,4161.25703822371,4
40,75,10,5,35,4493.476342320059,0
40,75,10,5,36,4464.903265358929,1
40,75,10,5,37,4588.381431305771,2
40,75,10,5,38,3164.447023040773,3
40,75,10,5,39,4056.514562073098,4
40,75,10,5,40,3685.121212656253,0
40,75,10,5,41,4367.185022850511,1
40,75,10,5,42,4368.939289560303,2
40,75,10,5,43,3327.363389333891,3
40,75,10,5,44,3808.1190694647917,4
40,75,10,5,45,3937.035605548051,0
40,75,10,5,46,5451.697039974124,1
40,75,10,5,47,4354.179092067961,2
40,75,10,5,48,3995.441050096083,3
40,75,10,5,49,3872.443509960235,4
40,75,10,5,50,3949.797115013603,0
40,75,30,0,1,4422.474458113738,1
40,75,30,0,2,4265.8756953518905,2
40,75,30,0,3,3395.3847001655276,3
40,75,30,0,4,3992.9413358701645,4
40,75,30,0,5,3963.749130462908,0
40,75,30,0,6,5514.315431343823,1
40,75,30,0,7,4170.227708898571,2
40,75,30,0,8,3777.286016172301,3
40,75,30,0,9,3835.7804624136684,4
40,75,30,0,10,3820.7465930478124,0
40,75,30,0,11,3680.3587887136364,1
40,75,30,0,12,4460.138924713179,2
40,75,30,0,13,3182.719137350406,3
40,75,30,0,14,4071.8435203866125,4
40,75,30,0,15,4500.352789817158,0
40,75,30,0,16,4374.463661332978,1
40,75,30,0,17,4451.584178618315,2
40,75,30,0,18,3104.4990824787383,3
40,75,30,0,19,4107.643768184326,4
40,75,30,0,20,3690.6710015791778,0
40,75,30,0,21,4508.696731901292,1
40,75,30,0,22,4405.911726326604,2
40,75,30,0,23,3429.166542894652,3
40,75,30,0,24,4012.2005189596457,4
40,75,30,0,25,4057.9225721950575,0
40,75,30,0,26,5693.170917559312,1
40,75,30,0,27,4224.564992712952,2
40,75,30,0,28,3537.6935743830745,3
40,75,30,0,29,3808.3636574516254,4
40,75,30,0,30,3963.4903755398686,0
40,75,30,0,31,3763.3237838619457,1
40,75,30,0,32,4441.386117924617,2
40,75,30,0,33,3105.912759375178,3
40,75,30,0,34,4161.25703822371,4
40,75,30,0,35,4493.476342320059,0
40,75,30,0,36,4457.951999771685,1
40,75,30,0,37,4588.381431305771,2
40,75,30,0,38,3151.027751060712,3
40,75,30,0,39,3955.3094698909795,4
40,75,30,0,40,3655.1492590802713,0
40,75,30,0,41,4367.185022850511,1
40,75,30,0,42,4368.939289560303,2
40,75,30,0,43,3327.363389333891,3
40,75,30,0,44,3808.1190694647917,4
40,75,30,0,45,3937.035605548051,0
40,75,30,0,46,5451.697039974124,1
40,75,30,0,47,4354.179092067961,2
40,75,30,0,48,3995.441050096083,3
40,75,30,0,49,3872.443509960235,4
40,75,30,0,50,4000.838802793051,0
40,75,30,1,1,4422.474458113738,1
40,75,30,1,2,4265.8756953518905,2
40,75,30,1,3,3395.3847001655276,3
40,75,30,1,4,3992.9413358701645,4
40,75,30,1,5,3963.749130462908,0
40,75,30,1,6,5514.315431343823,1
40,75,30,1,7,4170.227708898571,2
40,75,30,1,8,3777.286016172301,3
40,75,30,1,9,3848.9621798740463,4
40,75,30,1,10,3820.7465930478124,0
40,75,30,1,11,3680.3587887136364,1
40,75,30,1,12,4460.138924713179,2
40,75,30,1,13,3182.719137350406,3
40,75,30,1,14,4094.29289750566,4
40,75,30,1,15,4500.352789817158,0
40,75,30,1,16,4369.114442892749,1
40,75,30,1,17,4451.584178618315,2
40,75,30,1,18,3121.663325710155,3
40,75,30,1,19,4107.643768184326,4
40,75,30,1,20,3690.6710015791778,0
40,75,30,1,21,4508.696731901292,1
40,75,30,1,22,4405.911726326604,2
40,75,30,1,23,3429.166542894652,3
40,75,30,1,24,4012.2005189596457,4
40,75,30,1,25,4057.9225721950575,0
40,75,30,1,26,5693.170917559312,1
40,75,30,1,27,4224.564992712952,2
40,75,30,1,28,3534.1984912193916,3
40,75,30,1,29,3795.4234112521162,4
40,75,30,1,30,4019.839530965201,0
40,75,30,1,31,3763.3237838619457,1
40,75,30,1,32,4441.386117924617,2
40,75,30,1,33,3105.912759375178,3
40,75,30,1,34,4161.25703822371,4
40,75,30,1,35,4493.476342320059,0
40,75,30,1,36,4464.903265358929,1
40,75,30,1,37,4588.381431305771,2
40,75,30,1,38,3164.447023040773,3
40,75,30,1,39,4056.514562073098,4
40,75,30,1,40,3685.121212656253,0
40,75,30,1,41,4367.185022850511,1
40,75,30,1,42,4368.939289560303,2
40,75,30,1,43,3327.363389333891,3
40,75,30,1,44,3808.1190694647917,4
40,75,30,1,45,3937.035605548051,0
40,75,30,1,46,5451.697039974124,1
40,75,30,1,47,4354.179092067961,2
40,75,30,1,48,3995.441050096083,3
40,75,30,1,49,3872.443509960235,4
40,75,30,1,50,3949.797115013603,0
40,75,30,2,1,4422.474458113738,1
40,75,30,2,2,4265.8756953518905,2
40,75,30,2,3,3395.3847001655276,3
40,75,30,2,4,3992.9413358701645,4
40,75,30,2,5,3963.749130462908,0
40,75,30,2,6,5514.315431343823,1
40,75,30,2,7,4170.227708898571,2
40,75,30,2,8,3777.286016172301,3
40,75,30,2,9,3835.7804624136684,4
40,75,30,2,10,3820.7465930478124,0
40,75,30,2,11,3680.3587887136364,1
40,75,30,2,12,4460.138924713179,2
40,75,30,2,13,3182.719137350406,3
40,75,30,2,14,4071.8435203866125,4
40,75,30,2,15,4500.352789817158,0
40,75,30,2,16,4374.463661332978,1
40,75,30,2,17,4451.584178618315,2
40,75,30,2,18,3104.4990824787383,3
40,75,30,2,19,4107.643768184326,4
40,75,30,2,20,3690.6710015791778,0
40,75,30,2,21,4508.696731901292,1
40,75,30,2,22,4405.911726326604,2
40,75,30,2,23,3429.166542894652,3
40,75,30,2,24,4012.2005189596457,4
40,75,30,2,25,4057.9225721950575,0
40,75,30,2,26,5693.170917559312,1
40,75,30,2,27,4224.564992712952,2
40,75,30,2,28,3537.6935743830745,3
40,75,30,2,29,3808.3636574516254,4
40,75,30,2,30,3963.4903755398686,0
40,75,30,2,31,3763.3237838619457,1
40,75,30,2,32,4441.386117924617,2
40,75,30,2,33,3105.912759375178,3
40,75,30,2,34,4161.25703822371,4
40,75,30,2,35,4493.476342320059,0
40,75,30,2,36,4457.951999771685,1
40,75,30,2,37,4588.381431305771,2
40,75,30,2,38,3151.027751060712,3
40,75,30,2,39,3955.3094698909795,4
40,75,30,2,40,3655.1492590802713,0
40,75,30,2,41,4367.185022850511,1
40,75,30,2,42,4368.939289560303,2
40,75,30,2,43,3327.363389333891,3
40,75,30,2,44,3808.1190694647917,4
40,75,30,2,45,3937.035605548051,0
40,75,30,2,46,5451.697039974124,1
40,75,30,2,47,4354.179092067961,2
40,75,30,2,48,3995.441050096083,3
40,75,30,2,49,3872.443509960235,4
40,75,30,2,50,4000.838802793051,0
40,75,30,3,1,4422.474458113738,1
40,75,30,3,2,4265.8756953518905,2
40,75,30,3,3,3395.3847001655276,3
40,75,30,3,4,3992.9413358701645,4
40,75,30,3,5,3963.749130462908,0
40,75,30,3,6,5514.315431343823,1
40,75,30,3,7,4170.227708898571,2
40,75,30,3,8,3777.286016172301,3
40,75,30,3,9,3835.7804624136684,4
40,75,30,3,10,3820.7465930478124,0
40,75,30,3,11,3680.3587887136364,1
40,75,30,3,12,4460.138924713179,2
40,75,30,3,13,3182.719137350406,3
40,75,30,3,14,4071.8435203866125,4
40,75,30,3,15,4500.352789817158,0
40,75,30,3,16,4374.463661332978,1
40,75,30,3,17,4451.584178618315,2
40,75,30,3,18,3104.4990824787383,3
40,75,30,3,19,4107.643768184326,4
40,75,30,3,20,3690.6710015791778,0
40,75,30,3,21,4508.696731901292,1
40,75,30,3,22,4405.911726326604,2
40,75,30,3,23,3429.166542894652,3
40,75,30,3,24,4012.2005189596457,4
40,75,30,3,25,4057.9225721950575,0
40,75,30,3,26,5693.170917559312,1
40,75,30,3,27,4224.564992712952,2
40,75,30,3,28,3537.6935743830745,3
40,75,30,3,29,3808.3636574516254,4
40,75,30,3,30,3963.4903755398686,0
40,75,30,3,31,3763.3237838619457,1
40,75,30,3,32,4441.386117924617,2
40,75,30,3,33,3105.912759375178,3
40,75,30,3,34,4161.25703822371,4
40,75,30,3,35,4493.476342320059,0
40,75,30,3,36,4457.951999771685,1
40,75,30,3,37,4588.381431305771,2
40,75,30,3,38,3151.027751060712,3
40,75,30,3,39,3955.3094698909795,4
40,75,30,3,40,3655.1492590802713,0
40,75,30,3,41,4367.185022850511,1
40,75,30,3,42,4368.939289560303,2
40,75,30,3,43,3327.363389333891,3
40,75,30,3,44,3808.1190694647917,4
40,75,30,3,45,3937.035605548051,0
40,75,30,3,46,5451.697039974124,1
40,75,30,3,47,4354.179092067961,2
40,75,30,3,48,3995.441050096083,3
40,75,30,3,49,3872.443509960235,4
40,75,30,3,50,4000.838802793051,0
40,75,30,4,1,4422.474458113738,1
40,75,30,4,2,4265.8756953518905,2
40,75,30,4,3,3395.3847001655276,3
40,75,30,4,4,3992.9413358701645,4
40,75,30,4,5,3963.749130462908,0
40,75,30,4,6,5514.315431343823,1
40,75,30,4,7,4170.227708898571,2
40,75,30,4,8,3777.286016172301,3
40,75,30,4,9,3835.7804624136684,4
40,75,30,4,10,3820.7465930478124,0
40,75,30,4,11,3680.3587887136364,1
40,75,30,4,12,4460.138924713179,2
40,75,30,4,13,3182.719137350406,3
40,75,30,4,14,4071.8435203866125,4
40,75,30,4,15,4500.352789817158,0
40,75,30,4,16,4374.463661332978,1
40,75,30,4,17,4451.584178618315,2
40,75,30,4,18,3104.4990824787383,3
40,75,30,4,19,4107.643768184326,4
40,75,30,4,20,3690.6710015791778,0
40,75,30,4,21,4508.696731901292,1
40,75,30,4,22,4405.911726326604,2
40,75,30,4,23,3429.166542894652,3
40,75,30,4,24,4012.2005189596457,4
40,75,30,4,25,4057.9225721950575,0
40,75,30,4,26,5693.170917559312,1
40,75,30,4,27,4224.564992712952,2
40,75,30,4,28,3537.6935743830745,3
40,75,30,4,29,3808.3636574516254,4
40,75,30,4,30,3963.4903755398686,0
40,75,30,4,31,3763.3237838619457,1
40,75,30,4,32,4441.386117924617,2
40,75,30,4,33,3105.912759375178,3
40,75,30,4,34,4161.25703822371,4
40,75,30,4,35,4493.476342320059,0
40,75,30,4,36,4457.951999771685,1
40,75,30,4,37,4588.381431305771,2
40,75,30,4,38,3151.027751060712,3
40,75,30,4,39,3955.3094698909795,4
40,75,30,4,40,3655.1492590802713,0
40,75,30,4,41,4367.185022850511,1
40,75,30,4,42,4368.939289560303,2
40,75,30,4,43,3327.363389333891,3
40,75,30,4,44,3808.1190694647917,4
40,75,30,4,45,3937.035605548051,0
40,75,30,4,46,5451.697039974124,1
40,75,30,4,47,4354.179092067961,2
40,75,30,4,48,3995.441050096083,3
40,75,30,4,49,3872.443509960235,4
40,75,30,4,50,4000.838802793051,0
40,75,30,5,1,4422.474458113738,1
40,75,30,5,2,4265.8756953518905,2
40,75,30,5,3,3395.3847001655276,3
40,75,30,5,4,3992.9413358701645,4
40,75,30,5,5,3963.749130462908,0
40,75,30,5,6,5514.315431343823,1
40,75,30,5,7,4170.227708898571,2
40,75,30,5,8,3777.286016172301,3
40,75,30,5,9,3848.9621798740463,4
40,75,30,5,10,3820.7465930478124,0
40,75,30,5,11,3680.3587887136364,1
40,75,30,5,12,4460.138924713179,2
40,75,30,5,13,3182.719137350406,3
40,75,30,5,14,4094.29289750566,4
40,75,30,5,15,4500.352789817158,0
40,75,30,5,16,4369.114442892749,1
40,75,30,5,17,4451.584178618315,2
40,75,30,5,18,3121.663325710155,3
40,75,30,5,19,4107.643768184326,4
40,75,30,5,20,3690.6710015791778,0
40,75,30,5,21,4508.696731901292,1
40,75,30,5,22,4405.911726326604,2
40,75,30,5,23,3429.166542894652,3
40,75,30,5,24,4012.2005189596457,4
40,75,30,5,25,4057.9225721950575,0
40,75,30,5,26,5693.170917559312,1
40,75,30,5,27,4224.564992712952,2
40,75,30,5,28,3534.1984912193916,3
40,75,30,5,29,3795.4234112521162,4
40,75,30,5,30,4019.839530965201,0
40,75,30,5,31,3763.3237838619457,1
40,75,30,5,32,4441.386117924617,2
40,75,30,5,33,3105.912759375178,3
40,75,30,5,34,4161.25703822371,4
40,75,30,5,35,4493.476342320059,0
40,75,30,5,36,4464.903265358929,1
40,75,30,5,37,4588.381431305771,2
40,75,30,5,38,3164.447023040773,3
40,75,30,5,39,4056.514562073098,4
40,75,30,5,40,3685.121212656253,0
40,75,30,5,41,4367.185022850511,1
40,75,30,5,42,4368.939289560303,2
40,75,30,5,43,3327.363389333891,3
40,75,30,5,44,3808.1190694647917,4
40,75,30,5,45,3937.035605548051,0
40,75,30,5,46,5451.697039974124,1
40,75,30,5,47,4354.179092067961,2
40,75,30,5,48,3995.441050096083,3
40,75,30,5,49,3872.443509960235,4
40,75,30,5,50,3949.797115013603,0
40,75,50,0,1,4422.474458113738,1
40,75,50,0,2,4265.8756953518905,2
40,75,50,0,3,3395.3847001655276,3
40,75,50,0,4,3992.9413358701645,4
40,75,50,0,5,3963.749130462908,0
40,75,50,0,6,5514.315431343823,1
40,75,50,0,7,4170.227708898571,2
40,75,50,0,8,3777.286016172301,3
40,75,50,0,9,3835.7804624136684,4
40,75,50,0,10,3820.7465930478124,0
40,75,50,0,11,3680.3587887136364,1
40,75,50,0,12,4460.138924713179,2
40,75,50,0,13,3182.719137350406,3
40,75,50,0,14,4071.8435203866125,4
40,75,50,0,15,4500.352789817158,0
40,75,50,0,16,4374.463661332978,1
40,75,50,0,17,4451.584178618315,2
40,75,50,0,18,3104.4990824787383,3
40,75,50,0,19,4107.643768184326,4
40,75,50,0,20,3690.6710015791778,0
40,75,50,0,21,4508.696731901292,1
40,75,50,0,22,4405.911726326604,2
40,75,50,0,23,3429.166542894652,3
40,75,50,0,24,4012.2005189596457,4
40,75,50,0,25,4057.9225721950575,0
40,75,50,0,26,5693.170917559312,1
40,75,50,0,27,4224.564992712952,2
40,75,50,0,28,3537.6935743830745,3
40,75,50,0,29,3808.3636574516254,4
40,75,50,0,30,3963.4903755398686,0
40,75,50,0,31,3763.3237838619457,1
40,75,50,0,32,4441.386117924617,2
40,75,50,0,33,3105.912759375178,3
40,75,50,0,34,4161.25703822371,4
40,75,50,0,35,4493.476342320059,0
40,75,50,0,36,4457.951999771685,1
40,75,50,0,37,4588.381431305771,2
40,75,50,0,38,3151.027751060712,3
40,75,50,0,39,3955.3094698909795,4
40,75,50,0,40,3655.1492590802713,0
40,75,50,0,41,4367.185022850511,1
40,75,50,0,42,4368.939289560303,2
40,75,50,0,43,3327.363389333891,3
40,75,50,0,44,3808.1190694647917,4
40,75,50,0,45,3937.035605548051,0
40,75,50,0,46,5451.697039974124,1
40,75,50,0,47,4354.179092067961,2
40,75,50,0,48,3995.441050096083,3
40,75,50,0,49,3872.443509960235,4
40,75,50,0,50,4000.838802793051,0
40,75,50,1,1,4422.474458113738,1
40,75,50,1,2,4265.8756953518905,2
40,75,50,1,3,3395.3847001655276,3
40,75,50,1,4,3992.9413358701645,4
40,75,50,1,5,3963.749130462908,0
40,75,50,1,6,5514.315431343823,1
40,75,50,1,7,4170.227708898571,2
40,75,50,1,8,3777.286016172301,3
40,75,50,1,9,3848.9621798740463,4
40,75,50,1,10,3820.7465930478124,0
40,75,50,1,11,3680.3587887136364,1
40,75,50,1,12,4460.138924713179,2
40,75,50,1,13,3182.719137350406,3
40,75,50,1,14,4094.29289750566,4
40,75,50,1,15,4500.352789817158,0
40,75,50,1,16,4369.114442892749,1
40,75,50,1,17,4451.584178618315,2
40,75,50,1,18,3121.663325710155,3
40,75,50,1,19,4107.643768184326,4
40,75,50,1,20,3690.6710015791778,0
40,75,50,1,21,4508.696731901292,1
40,75,50,1,22,4405.911726326604,2
40,75,50,1,23,3429.166542894652,3
40,75,50,1,24,4012.2005189596457,4
40,75,50,1,25,4057.9225721950575,0
40,75,50,1,26,5693.170917559312,1
40,75,50,1,27,4224.564992712952,2
40,75,50,1,28,3534.1984912193916,3
40,75,50,1,29,3795.4234112521162,4
40,75,50,1,30,4019.839530965201,0
40,75,50,1,31,3763.3237838619457,1
40,75,50,1,32,4441.386117924617,2
40,75,50,1,33,3105.912759375178,3
40,75,50,1,34,4161.25703822371,4
40,75,50,1,35,4493.476342320059,0
40,75,50,1,36,4464.903265358929,1
40,75,50,1,37,4588.381431305771,2
40,75,50,1,38,3164.447023040773,3
40,75,50,1,39,4056.514562073098,4
40,75,50,1,40,3685.121212656253,0
40,75,50,1,41,4367.185022850511,1
40,75,50,1,42,4368.939289560303,2
40,75,50,1,43,3327.363389333891,3
40,75,50,1,44,3808.1190694647917,4
40,75,50,1,45,3937.035605548051,0
40,75,50,1,46,5451.697039974124,1
40,75,50,1,47,4354.179092067961,2
40,75,50,1,48,3995.441050096083,3
40,75,50,1,49,3872.443509960235,4
40,75,50,1,50,3949.797115013603,0
40,75,50,2,1,4422.474458113738,1
40,75,50,2,2,4265.8756953518905,2
40,75,50,2,3,3395.3847001655276,3
40,75,50,2,4,3992.9413358701645,4
40,75,50,2,5,3963.749130462908,0
40,75,50,2,6,5514.315431343823,1
40,75,50,2,7,4170.227708898571,2
40,75,50,2,8,3777.286016172301,3
40,75,50,2,9,3835.7804624136684,4
40,75,50,2,10,3820.7465930478124,0
40,75,50,2,11,3680.3587887136364,1
40,75,50,2,12,4460.138924713179,2
40,75,50,2,13,3182.719137350406,3
40,75,50,2,14,4071.8435203866125,4
40,75,50,2,15,4500.352789817158,0
40,75,50,2,16,4374.463661332978,1
40,75,50,2,17,4451.584178618315,2
40,75,50,2,18,3104.4990824787383,3
40,75,50,2,19,4107.643768184326,4
40,75,50,2,20,3690.6710015791778,0
40,75,50,2,21,4508.696731901292,1
40,75,50,2,22,4405.911726326604,2
40,75,50,2,23,3429.166542894652,3
40,75,50,2,24,4012.2005189596457,4
40,75,50,2,25,4057.9225721950575,0
40,75,50,2,26,5693.170917559312,1
40,75,50,2,27,4224.564992712952,2
40,75,50,2,28,3537.6935743830745,3
40,75,50,2,29,3808.3636574516254,4
40,75,50,2,30,3963.4903755398686,0
40,75,50,2,31,3763.3237838619457,1
40,75,50,2,32,4441.386117924617,2
40,75,50,2,33,3105.912759375178,3
40,75,50,2,34,4161.25703822371,4
40,75,50,2,35,4493.476342320059,0
40,75,50,2,36,4457.951999771685,1
40,75,50,2,37,4588.381431305771,2
40,75,50,2,38,3151.027751060712,3
40,75,50,2,39,3955.3094698909795,4
40,75,50,2,40,3655.1492590802713,0
40,75,50,2,41,4367.185022850511,1
40,75,50,2,42,4368.939289560303,2
40,75,50,2,43,3327.363389333891,3
40,75,50,2,44,3808.1190694647917,4
40,75,50,2,45,3937.035605548051,0
40,75,50,2,46,5451.697039974124,1
40,75,50,2,47,4354.179092067961,2
40,75,50,2,48,3995.441050096083,3
40,75,50,2,49,3872.443509960235,4
40,75,50,2,50,4000.838802793051,0
40,75,50,3,1,4422.474458113738,1
40,75,50,3,2,4265.8756953518905,2
40,75,50,3,3,3395.3847001655276,3
40,75,50,3,4,3992.9413358701645,4
40,75,50,3,5,3963.749130462908,0
40,75,50,3,6,5514.315431343823,1
40,75,50,3,7,4170.227708898571,2
40,75,50,3,8,3777.286016172301,3
40,75,50,3,9,3835.7804624136684,4
40,75,50,3,10,3820.7465930478124,0
40,75,50,3,11,3680.3587887136364,1
40,75,50,3,12,4460.138924713179,2
40,75,50,3,13,3182.719137350406,3
40,75,50,3,14,4071.8435203866125,4
40,75,50,3,15,4500.352789817158,0
40,75,50,3,16,4374.463661332978,1
40,75,50,3,17,4451.584178618315,2
40,75,50,3,18,3104.4990824787383,3
40,75,50,3,19,4107.643768184326,4
40,75,50,3,20,3690.6710015791778,0
40,75,50,3,21,4508.696731901292,1
40,75,50,3,22,4405.911726326604,2
40,75,50,3,23,3429.166542894652,3
40,75,50,3,24,4012.2005189596457,4
40,75,50,3,25,4057.9225721950575,0
40,75,50,3,26,5693.170917559312,1
40,75,50,3,27,4224.564992712952,2
40,75,50,3,28,3537.6935743830745,3
40,75,50,3,29,3808.3636574516254,4
40,75,50,3,30,3963.4903755398686,0
40,75,50,3,31,3763.3237838619457,1
40,75,50,3,32,4441.386117924617,2
40,75,50,3,33,3105.912759375178,3
40,75,50,3,34,4161.25703822371,4
40,75,50,3,35,4493.476342320059,0
40,75,50,3,36,4457.951999771685,1
40,75,50,3,37,4588.381431305771,2
40,75,50,3,38,3151.027751060712,3
40,75,50,3,39,3955.3094698909795,4
40,75,50,3,40,3655.1492590802713,0
40,75,50,3,41,4367.185022850511,1
40,75,50,3,42,4368.939289560303,2
40,75,50,3,43,3327.363389333891,3
40,75,50,3,44,3808.1190694647917,4
40,75,50,3,45,3937.035605548051,0
40,75,50,3,46,5451.697039974124,1
40,75,50,3,47,4354.179092067961,2
40,75,50,3,48,3995.441050096083,3
40,75,50,3,49,3872.443509960235,4
40,75,50,3,50,4000.838802793051,0
40,75,50,4,1,4422.474458113738,1
40,75,50,4,2,4265.8756953518905,2
40,75,50,4,3,3395.3847001655276,3
40,75,50,4,4,3992.9413358701645,4
40,75,50,4,5,3963.749130462908,0
40,75,50,4,6,5514.315431343823,1
40,75,50,4,7,4170.227708898571,2
40,75,50,4,8,3777.286016172301,3
40,75,50,4,9,3835.7804624136684,4
40,75,50,4,10,3820.7465930478124,0
40,75,50,4,11,3680.3587887136364,1
40,75,50,4,12,4460.138924713179,2
40,75,50,4,13,3182.719137350406,3
40,75,50,4,14,4071.8435203866125,4
40,75,50,4,15,4500.352789817158,0
40,75,50,4,16,4374.463661332978,1
40,75,50,4,17,4451.584178618315,2
40,75,50,4,18,3104.4990824787383,3
40,75,50,4,19,4107.643768184326,4
40,75,50,4,20,3690.6710015791778,0
40,75,50,4,21,4508.696731901292,1
40,75,50,4,22,4405.911726326604,2
40,75,50,4,23,3429.166542894652,3
40,75,50,4,24,4012.2005189596457,4
40,75,50,4,25,4057.9225721950575,0
40,75,50,4,26,5693.170917559312,1
40,75,50,4,27,4224.564992712952,2
40,75,50,4,28,3537.6935743830745,3
40,75,50,4,29,3808.3636574516254,4
40,75,50,4,30,3963.4903755398686,0
40,75,50,4,31,3763.3237838619457,1
40,75,50,4,32,4441.386117924617,2
40,75,50,4,33,3105.912759375178,3
40,75,50,4,34,4161.25703822371,4
40,75,50,4,35,4493.476342320059,0
40,75,50,4,36,4457.951999771685,1
40,75,50,4,37,4588.381431305771,2
40,75,50,4,38,3151.027751060712,3
40,75,50,4,39,3955.3094698909795,4
40,75,50,4,40,3655.1492590802713,0
40,75,50,4,41,4367.185022850511,1
40,75,50,4,42,4368.939289560303,2
40,75,50,4,43,3327.363389333891,3
40,75,50,4,44,3808.1190694647917,4
40,75,50,4,45,3937.035605548051,0
40,75,50,4,46,5451.697039974124,1
40,75,50,4,47,4354.179092067961,2
40,75,50,4,48,3995.441050096083,3
40,75,50,4,49,3872.443509960235,4
40,75,50,4,50,4000.838802793051,0
40,75,50,5,1,4422.474458113738,1
40,75,50,5,2,4265.8756953518905,2
40,75,50,5,3,3395.3847001655276,3
40,75,50,5,4,3992.9413358701645,4
40,75,50,5,5,3963.749130462908,0
40,75,50,5,6,5514.315431343823,1
40,75,50,5,7,4170.227708898571,2
40,75,50,5,8,3777.286016172301,3
40,75,50,5,9,3848.9621798740463,4
40,75,50,5,10,3820.7465930478124,0
40,75,50,5,11,3680.3587887136364,1
40,75,50,5,12,4460.138924713179,2
40,75,50,5,13,3182.719137350406,3
40,75,50,5,14,4094.29289750566,4
40,75,50,5,15,4500.352789817158,0
40,75,50,5,16,4369.114442892749,1
40,75,50,5,17,4451.584178618315,2
40,75,50,5,18,3121.663325710155,3
40,75,50,5,19,4107.643768184326,4
40,75,50,5,20,3690.6710015791778,0
40,75,50,5,21,4508.696731901292,1
40,75,50,5,22,4405.911726326604,2
40,75,50,5,23,3429.166542894652,3
40,75,50,5,24,4012.2005189596457,4
40,75,50,5,25,4057.9225721950575,0
40,75,50,5,26,5693.170917559312,1
40,75,50,5,27,4224.564992712952,2
40,75,50,5,28,3534.1984912193916,3
40,75,50,5,29,3795.4234112521162,4
40,75,50,5,30,4019.839530965201,0
40,75,50,5,31,3763.3237838619457,1
40,75,50,5,32,4441.386117924617,2
40,75,50,5,33,3105.912759375178,3
40,75,50,5,34,4161.25703822371,4
40,75,50,5,35,4493.476342320059,0
40,75,50,5,36,4464.903265358929,1
40,75,50,5,37,4588.381431305771,2
40,75,50,5,38,3164.447023040773,3
40,75,50,5,39,4056.514562073098,4
40,75,50,5,40,3685.121212656253,0
40,75,50,5,41,4367.185022850511,1
40,75,50,5,42,4368.939289560303,2
40,75,50,5,43,3327.363389333891,3
40,75,50,5,44,3808.1190694647917,4
40,75,50,5,45,3937.035605548051,0
40,75,50,5,46,5451.697039974124,1
40,75,50,5,47,4354.179092067961,2
40,75,50,5,48,3995.441050096083,3
40,75,50,5,49,3872.443509960235,4
40,75,50,5,50,3949.797115013603,0
60,100,10,0,1,4416.706698377062,1
60,100,10,0,2,4265.887212237676,2
60,100,10,0,3,3402.6332714092728,3
60,100,10,0,4,3978.1811550448065,4
60,100,10,0,5,3988.3413650183597,0
60,100,10,0,6,5472.653255351128,1
60,100,10,0,7,4184.736351604863,2
60,100,10,0,8,3819.3167658440993,3
60,100,10,0,9,3840.725389828574,4
60,100,10,0,10,3857.065650716338,0
60,100,10,0,11,3707.5722898076447,1
60,100,10,0,12,4447.774839475637,2
60,100,10,0,13,3178.6582100877104,3
60,100,10,0,14,4002.4328831218245,4
60,100,10,0,15,4491.30915108735,0
60,100,10,0,16,4386.480256625887,1
60,100,10,0,17,4441.716357541049,2
60,100,10,0,18,3136.274487033619,3
60,100,10,0,19,4062.2208039726784,4
60,100,10,0,20,3682.784018189083,0
60,100,10,0,21,4500.661129016915,1
60,100,10,0,22,4415.818731482715,2
60,100,10,0,23,3430.18084552598,3
60,100,10,0,24,4024.4990362830335,4
60,100,10,0,25,4058.2950459483623,0
60,100,10,0,26,5697.416731672977,1
60,100,10,0,27,4185.971491771153,2
60,100,10,0,28,3545.916880838676,3
60,100,10,0,29,3784.456552598032,4
60,100,10,0,30,3942.1321525143167,0
60,100,10,0,31,3801.6870970908885,1
60,100,10,0,32,4456.93324705569,2
60,100,10,0,33,3104.404947354401,3
60,100,10,0,34,4125.655377537624,4
60,100,10,0,35,4498.046629273768,0
60,100,10,0,36,4425.90924013014,1
60,100,10,0,37,4617.908676420783,2
60,100,10,0,38,3136.1736017808553,3
60,100,10,0,39,4238.041849121939,4
60,100,10,0,40,3577.00937240054,0
60,100,10,0,41,4393.595825339142,1
60,100,10,0,42,4423.907985387849,2
60,100,10,0,43,3310.5386192279148,3
60,100,10,0,44,3825.9244748948804,4
60,100,10,0,45,3879.5277780779693,0
60,100,10,0,46,5376.827732186685,1
60,100,10,0,47,4326.7639871382635,2
60,100,10,0,48,3963.243087501665,3
60,100,10,0,49,3874.601767689644,4
60,100,10,0,50,3977.470408188892,0
60,100,10,1,1,4416.706698377062,1
60,100,10,1,2,4265.887212237676,2
60,100,10,1,3,3402.6332714092728,3
60,100,10,1,4,3978.1811550448065,4
60,100,10,1,5,3988.3413650183597,0
60,100,10,1,6,5472.653255351128,1
60,100,10,1,7,4184.736351604863,2
60,100,10,1,8,3819.3167658440993,3
60,100,10,1,9,3840.725389828574,4
60,100,10,1,10,3857.065650716338,0
60,100,10,1,11,3707.5722898076447,1
60,100,10,1,12,4447.774839475637,2
60,100,10,1,13,3178.6582100877104,3
60,100,10,1,14,4002.4328831218245,4
60,100,10,1,15,4491.30915108735,0
60,100,10,1,16,4386.480256625887,1
60,100,10,1,17,4441.716357541049,2
60,100,10,1,18,3136.274487033619,3
60,100,10,1,19,4062.2208039726784,4
60,100,10,1,20,3682.784018189083,0
60,100,10,1,21,4500.661129016915,1
60,100,10,1,22,4415.818731482715,2
60,100,10,1,23,3430.18084552598,3
60,100,10,1,24,4024.4990362830335,4
60,100,10,1,25,4058.2950459483623,0
60,100,10,1,26,5697.416731672977,1
60,100,10,1,27,4185.971491771153,2
60,100,10,1,28,3545.916880838676,3
60,100,10,1,29,3784.456552598032,4
60,100,10,1,30,3942.1321525143167,0
60,100,10,1,31,3801.6870970908885,1
60,100,10,1,32,4456.93324705569,2
60,100,10,1,33,3104.404947354401,3
60,100,10,1,34,4125.655377537624,4
60,100,10,1,35,4498.046629273768,0
60,100,10,1,36,4425.90924013014,1
60,100,10,1,37,4617.908676420783,2
60,100,10,1,38,3136.1736017808553,3
60,100,10,1,39,4238.041849121939,4
60,100,10,1,40,3577.00937240054,0
60,100,10,1,41,4393.595825339142,1
60,100,10,1,42,4423.907985387849,2
60,100,10,1,43,3310.5386192279148,3
60,100,10,1,44,3825.9244748948804,4
60,100,10,1,45,3879.5277780779693,0
60,100,10,1,46,5376.827732186685,1
60,100,10,1,47,4326.7639871382635,2
60,100,10,1,48,3963.243087501665,3
60,100,10,1,49,3874.601767689644,4
60,100,10,1,50,3977.470408188892,0
60,100,10,2,1,4416.706698377062,1
60,100,10,2,2,4265.887212237676,2
60,100,10,2,3,3402.6332714092728,3
60,100,10,2,4,3978.1811550448065,4
60,100,10,2,5,3988.3413650183597,0
60,100,10,2,6,5472.653255351128,1
60,100,10,2,7,4184.736351604863,2
60,100,10,2,8,3819.3167658440993,3
60,100,10,2,9,3840.725389828574,4
60,100,10,2,10,3857.065650716338,0
60,100,10,2,11,3707.5722898076447,1
60,100,10,2,12,4447.774839475637,2
60,100,10,2,13,3178.6582100877104,3
60,100,10,2,14,4002.4328831218245,4
60,100,10,2,15,4491.30915108735,0
60,100,10,2,16,4386.480256625887,1
60,100,10,2,17,4441.716357541049,2
60,100,10,2,18,3136.274487033619,3
60,100,10,2,19,4062.2208039726784,4
60,100,10,2,20,3682.784018189083,0
60,100,10,2,21,4500.661129016915,1
60,100,10,2,22,4415.818731482715,2
60,100,10,2,23,3430.18084552598,3
60,100,10,2,24,4024.4990362830335,4
60,100,10,2,25,4058.2950459483623,0
60,100,10,2,26,5697.416731672977,1
60,100,10,2,27,4185.971491771153,2
60,100,10,2,28,3545.916880838676,3
60,100,10,2,29,3784.456552598032,4
60,100,10,2,30,3942.1321525143167,0
60,100,10,2,31,3801.6870970908885,1
60,100,10,2,32,4456.93324705569,2
60,100,10,2,33,3104.404947354401,3
60,100,10,2,34,4125.655377537624,4
60,100,10,2,35,4498.046629273768,0
60,100,10,2,36,4425.90924013014,1
60,100,10,2,37,4617.908676420783,2
60,100,10,2,38,3136.1736017808553,3
60,100,10,2,39,4238.041849121939,4
60,100,10,2,40,3577.00937240054,0
60,100,10,2,41,4393.595825339142,1
60,100,10,2,42,4423.907985387849,2
60,100,10,2,43,3310.5386192279148,3
60,100,10,2,44,3825.9244748948804,4
60,100,10,2,45,3879.5277780779693,0
60,100,10,2,46,5376.827732186685,1
60,100,10,2,47,4326.7639871382635,2
60,100,10,2,48,3963.243087501665,3
60,100,10,2,49,3874.601767689644,4
60,100,10,2,50,3977.470408188892,0
60,100,10,3,1,4416.706698377062,1
60,100,10,3,2,4265.887212237676,2
60,100,10,3,3,3402.6332714092728,3
60,100,10,3,4,3978.1811550448065,4
60,100,10,3,5,3988.3413650183597,0
60,100,10,3,6,5472.653255351128,1
60,100,10,3,7,4184.736351604863,2
60,100,10,3,8,3819.3167658440993,3
60,100,10,3,9,3840.725389828574,4
60,100,10,3,10,3857.065650716338,0
60,100,10,3,11,3707.5722898076447,1
60,100,10,3,12,4447.774839475637,2
60,100,10,3,13,3178.6582100877104,3
60,100,10,3,14,4002.4328831218245,4
60,100,10,3,15,4491.30915108735,0
60,100,10,3,16,4386.480256625887,1
60,100,10,3,17,4441.716357541049,2
60,100,10,3,18,3136.274487033619,3
60,100,10,3,19,4062.2208039726784,4
60,100,10,3,20,3682.784018189083,0
60,100,10,3,21,4500.661129016915,1
60,100,10,3,22,4415.818731482715,2
60,100,10,3,23,3430.18084552598,3
60,100,10,3,24,4024.4990362830335,4
60,100,10,3,25,4058.2950459483623,0
60,100,10,3,26,5697.416731672977,1
60,100,10,3,27,4185.971491771153,2
60,100,10,3,28,3545.916880838676,3
60,100,10,3,29,3784.456552598032,4
60,100,10,3,30,3942.1321525143167,0
60,100,10,3,31,3801.6870970908885,1
60,100,10,3,32,4456.93324705569,2
60,100,10,3,33,3104.404947354401,3
60,100,10,3,34,4125.655377537624,4
60,100,10,3,35,4498.046629273768,0
60,100,10,3,36,4425.90924013014,1
60,100,10,3,37,4617.908676420783,2
60,100,10,3,38,3136.1736017808553,3
60,100,10,3,39,4238.041849121939,4
60,100,10,3,40,3577.00937240054,0
60,100,10,3,41,4393.595825339142,1
60,100,10,3,42,4423.907985387849,2
60,100,10,3,43,3310.5386192279148,3
60,100,10,3,44,3825.9244748948804,4
60,100,10,3,45,3879.5277780779693,0
60,100,10,3,46,5376.827732186685,1
60,100,10,3,47,4326.7639871382635,2
60,100,10,3,48,3963.243087501665,3
60,100,10,3,49,3874.601767689644,4
60,100,10,3,50,3977.470408188892,0
60,100,10,4,1,4416.706698377062,1
60,100,10,4,2,4265.887212237676,2
60,100,10,4,3,3402.6332714092728,3
60,100,10,4,4,3978.1811550448065,4
60,100,10,4,5,3988.3413650183597,0
60,100,10,4,6,5472.653255351128,1
60,100,10,4,7,4184.736351604863,2
60,100,10,4,8,3819.3167658440993,3
60,100,10,4,9,3840.725389828574,4
60,100,10,4,10,3857.065650716338,0
60,100,10,4,11,3707.5722898076447,1
60,100,10,4,12,4447.774839475637,2
60,100,10,4,13,3178.6582100877104,3
60,100,10,4,14,4002.4328831218245,4
60,100,10,4,15,4491.30915108735,0
60,100,10,4,16,4386.480256625887,1
60,100,10,4,17,4441.716357541049,2
60,100,10,4,18,3136.274487033619,3
60,100,10,4,19,4062.2208039726784,4
60,100,10,4,20,3682.784018189083,0
60,100,10,4,21,4500.661129016915,1
60,100,10,4,22,4415.818731482715,2
60,100,10,4,23,3430.18084552598,3
60,100,10,4,24,4024.4990362830335,4
60,100,10,4,25,4058.2950459483623,0
60,100,10,4,26,5697.416731672977,1
60,100,10,4,27,4185.971491771153,2
60,100,10,4,28,3545.916880838676,3
60,100,10,4,29,3784.456552598032,4
60,100,10,4,30,3942.1321525143167,0
60,100,10,4,31,3801.6870970908885,1
60,100,10,4,32,4456.93324705569,2
60,100,10,4,33,3104.404947354401,3
60,100,10,4,34,4125.655377537624,4
60,100,10,4,35,4498.046629273768,0
60,100,10,4,36,4425.90924013014,1
60,100,10,4,37,4617.908676420783,2
60,100,10,4,38,3136.1736017808553,3
60,100,10,4,39,4238.041849121939,4
60,100,10,4,40,3577.00937240054,0
60,100,10,4,41,4393.595825339142,1
60,100,10,4,42,4423.907985387849,2
60,100,10,4,43,3310.5386192279148,3
60,100,10,4,44,3825.9244748948804,4
60,100,10,4,45,3879.5277780779693,0
60,100,10,4,46,5376.827732186685,1
60,100,10,4,47,4326.7639871382635,2
60,100,10,4,48,3963.243087501665,3
60,100,10,4,49,3874.601767689644,4
60,100,10,4,50,3977.470408188892,0
60,100,10,5,1,4416.706698377062,1
60,100,10,5,2,4265.887212237676,2
60,100,10,5,3,3402.6332714092728,3
60,100,10,5,4,3978.1811550448065,4
60,100,10,5,5,3988.3413650183597,0
60,100,10,5,6,5472.653255351128,1
60,100,10,5,7,4184.736351604863,2
60,100,10,5,8,3819.3167658440993,3
60,100,10,5,9,3840.725389828574,4
60,100,10,5,10,3857.065650716338,0
60,100,10,5,11,3707.5722898076447,1
60,100,10,5,12,4447.774839475637,2
60,100,10,5,13,3178.6582100877104,3
60,100,10,5,14,4002.4328831218245,4
60,100,10,5,15,4491.30915108735,0
60,100,10,5,16,4386.480256625887,1
60,100,10,5,17,4441.716357541049,2
60,100,10,5,18,3136.274487033619,3
60,100,10,5,19,4062.2208039726784,4
60,100,10,5,20,3682.784018189083,0
60,100,10,5,21,4500.661129016915,1
60,100,10,5,22,4415.818731482715,2
60,100,10,5,23,3430.18084552598,3
60,100,10,5,24,4024.4990362830335,4
60,100,10,5,25,4058.2950459483623,0
60,100,10,5,26,5697.416731672977,1
60,100,10,5,27,4185.971491771153,2
60,100,10,5,28,3545.916880838676,3
60,100,10,5,29,3784.456552598032,4
60,100,10,5,30,3942.1321525143167,0
60,100,10,5,31,3801.6870970908885,1
60,100,10,5,32,4456.93324705569,2
60,100,10,5,33,3104.404947354401,3
60,100,10,5,34,4125.655377537624,4
60,100,10,5,35,4498.046629273768,0
60,100,10,5,36,4425.90924013014,1
60,100,10,5,37,4617.908676420783,2
60,100,10,5,38,3136.1736017808553,3
60,100,10,5,39,4238.041849121939,4
60,100,10,5,40,3577.00937240054,0
60,100,10,5,41,4393.595825339142,1
60,100,10,5,42,4423.907985387849,2
60,100,10,5,43,3310.5386192279148,3
60,100,10,5,44,3825.9244748948804,4
60,100,10,5,45,3879.5277780779693,0
60,100,10,5,46,5376.827732186685,1
60,100,10,5,47,4326.7639871382635,2
60,100,10,5,48,3963.243087501665,3
60,100,10,5,49,3874.601767689644,4
60,100,10,5,50,3977.470408188892,0
60,100,30,0,1,4416.706698377062,1
60,100,30,0,2,4265.887212237676,2
60,100,30,0,3,3402.6332714092728,3
60,100,30,0,4,3978.1811550448065,4
60,100,30,0,5,3988.3413650183597,0
60,100,30,0,6,5472.653255351128,1
60,100,30,0,7,4184.736351604863,2
60,100,30,0,8,3819.3167658440993,3
60,100,30,0,9,3840.725389828574,4
60,100,30,0,10,3857.065650716338,0
60,100,30,0,11,3707.5722898076447,1
60,100,30,0,12,4447.774839475637,2
60,100,30,0,13,3178.6582100877104,3
60,100,30,0,14,4002.4328831218245,4
60,100,30,0,15,4491.30915108735,0
60,100,30,0,16,4386.480256625887,1
60,100,30,0,17,4441.716357541049,2
60,100,30,0,18,3136.274487033619,3
60,100,30,0,19,4062.2208039726784,4
60,100,30,0,20,3682.784018189083,0
60,100,30,0,21,4500.661129016915,1
60,100,30,0,22,4415.818731482715,2
60,100,30,0,23,3430.18084552598,3
60,100,30,0,24,4024.4990362830335,4
60,100,30,0,25,4058.2950459483623,0
60,100,30,0,26,5697.416731672977,1
60,100,30,0,27,4185.971491771153,2
60,100,30,0,28,3545.916880838676,3
60,100,30,0,29,3784.456552598032,4
60,100,30,0,30,3942.1321525143167,0
60,100,30,0,31,3801.6870970908885,1
60,100,30,0,32,4456.93324705569,2
60,100,30,0,33,3104.404947354401,3
60,100,30,0,34,4125.655377537624,4
60,100,30,0,35,4498.046629273768,0
60,100,30,0,36,4425.90924013014,1
60,100,30,0,37,4617.908676420783,2
60,100,30,0,38,3136.1736017808553,3
60,100,30,0,39,4238.041849121939,4
60,100,30,0,40,3577.00937240054,0
60,100,30,0,41,4393.595825339142,1
60,100,30,0,42,4423.907985387849,2
60,100,30,0,43,3310.5386192279148,3
60,100,30,0,44,3825.9244748948804,4
60,100,30,0,45,3879.5277780779693,0
60,100,30,0,46,5376.827732186685,1
60,100,30,0,47,4326.7639871382635,2
60,100,30,0,48,3963.243087501665,3
60,100,30,0,49,3874.601767689644,4
60,100,30,0,50,3977.470408188892,0
60,100,30,1,1,4416.706698377062,1
60,100,30,1,2,4265.887212237676,2
60,100,30,1,3,3402.6332714092728,3
60,100,30,1,4,3978.1811550448065,4
60,100,30,1,5,3988.3413650183597,0
60,100,30,1,6,5472.653255351128,1
60,100,30,1,7,4184.736351604863,2
60,100,30,1,8,3819.3167658440993,3
60,100,30,1,9,3840.725389828574,4
60,100,30,1,10,3857.065650716338,0
60,100,30,1,11,3707.5722898076447,1
60,100,30,1,12,4447.774839475637,2
60,100,30,1,13,3178.6582100877104,3
60,100,30,1,14,4002.4328831218245,4
60,100,30,1,15,4491.30915108735,0
60,100,30,1,16,4386.480256625887,1
60,100,30,1,17,4441.716357541049,2
60,100,30,1,18,3136.274487033619,3
60,100,30,1,19,4062.2208039726784,4
60,100,30,1,20,3682.784018189083,0
60,100,30,1,21,4500.661129016915,1
60,100,30,1,22,4415.818731482715,2
60,100,30,1,23,3430.18084552598,3
60,100,30,1,24,4024.4990362830335,4
60,100,30,1,25,4058.2950459483623,0
60,100,30,1,26,5697.416731672977,1
60,100,30,1,27,4185.971491771153,2
60,100,30,1,28,3545.916880838676,3
60,100,30,1,29,3784.456552598032,4
60,100,30,1,30,3942.1321525143167,0
60,100,30,1,31,3801.6870970908885,1
60,100,30,1,32,4456.93324705569,2
60,100,30,1,33,3104.404947354401,3
60,100,30,1,34,4125.655377537624,4
60,100,30,1,35,4498.046629273768,0
60,100,30,1,36,4425.90924013014,1
60,100,30,1,37,4617.908676420783,2
60,100,30,1,38,3136.1736017808553,3
60,100,30,1,39,4238.041849121939,4
60,100,30,1,40,3577.00937240054,0
60,100,30,1,41,4393.595825339142,1
60,100,30,1,42,4423.907985387849,2
60,100,30,1,43,3310.5386192279148,3
60,100,30,1,44,3825.9244748948804,4
60,100,30,1,45,3879.5277780779693,0
60,100,30,1,46,5376.827732186685,1
60,100,30,1,47,4326.7639871382635,2
60,100,30,1,48,3963.243087501665,3
60,100,30,1,49,3874.601767689644,4
60,100,30,1,50,3977.470408188892,0
60,100,30,2,1,4416.706698377062,1
60,100,30,2,2,4265.887212237676,2
60,100,30,2,3,3402.6332714092728,3
60,100,30,2,4,3978.1811550448065,4
60,100,30,2,5,3988.3413650183597,0
60,100,30,2,6,5472.653255351128,1
60,100,30,2,7,4184.736351604863,2
60,100,30,2,8,3819.3167658440993,3
60,100,30,2,9,3840.725389828574,4
60,100,30,2,10,3857.065650716338,0
60,100,30,2,11,3707.5722898076447,1
60,100,30,2,12,4447.774839475637,2
60,100,30,2,13,3178.6582100877104,3
60,100,30,2,14,4002.4328831218245,4
60,100,30,2,15,4491.30915108735,0
60,100,30,2,16,4386.480256625887,1
60,100,30,2,17,4441.716357541049,2
60,100,30,2,18,3136.274487033619,3
60,100,30,2,19,4062.2208039726784,4
60,100,30,2,20,3682.784018189083,0
60,100,30,2,21,4500.661129016915,1
60,100,30,2,22,4415.818731482715,2
60,100,30,2,23,3430.18084552598,3
60,100,30,2,24,4024.4990362830335,4
60,100,30,2,25,4058.2950459483623,0
60,100,30,2,26,5697.416731672977,1
60,100,30,2,27,4185.971491771153,2
60,100,30,2,28,3545.916880838676,3
60,100,30,2,29,3784.456552598032,4
60,100,30,2,30,3942.1321525143167,0
60,100,30,2,31,3801.6870970908885,1
60,100,30,2,32,4456.93324705569,2
60,100,30,2,33,3104.404947354401,3
60,100,30,2,34,4125.655377537624,4
60,100,30,2,35,4498.046629273768,0
60,100,30,2,36,4425.90924013014,1
60,100,30,2,37,4617.908676420783,2
60,100,30,2,38,3136.1736017808553,3
60,100,30,2,39,4238.041849121939,4
60,100,30,2,40,3577.00937240054,0
60,100,30,2,41,4393.595825339142,1
60,100,30,2,42,4423.907985387849,2
60,100,30,2,43,3310.5386192279148,3
60,100,30,2,44,3825.9244748948804,4
60,100,30,2,45,3879.5277780779693,0
60,100,30,2,46,5376.827732186685,1
60,100,30,2,47,4326.7639871382635,2
60,100,30,2,48,3963.243087501665,3
60,100,30,2,49,3874.601767689644,4
60,100,30,2,50,3977.470408188892,0
60,100,30,3,1,4416.706698377062,1
60,100,30,3,2,4265.887212237676,2
60,100,30,3,3,3402.6332714092728,3
60,100,30,3,4,3978.1811550448065,4
60,100,30,3,5,3988.3413650183597,0
60,100,30,3,6,5472.653255351128,1
60,100,30,3,7,4184.736351604863,2
60,100,30,3,8,3819.3167658440993,3
60,100,30,3,9,3840.725389828574,4
60,100,30,3,10,3857.065650716338,0
60,100,30,3,11,3707.5722898076447,1
60,100,30,3,12,4447.774839475637,2
60,100,30,3,13,3178.6582100877104,3
60,100,30,3,14,4002.4328831218245,4
60,100,30,3,15,4491.30915108735,0
60,100,30,3,16,4386.480256625887,1
60,100,30,3,17,4441.716357541049,2
60,100,30,3,18,3136.274487033619,3
60,100,30,3,19,4062.2208039726784,4
60,100,30,3,20,3682.784018189083,0
60,100,30,3,21,4500.661129016915,1
60,100,30,3,22,4415.818731482715,2
60,100,30,3,23,3430.18084552598,3
60,100,30,3,24,4024.4990362830335,4
60,100,30,3,25,4058.2950459483623,0
60,100,30,3,26,5697.416731672977,1
60,100,30,3,27,4185.971491771153,2
60,100,30,3,28,3545.916880838676,3
60,100,30,3,29,3784.456552598032,4
60,100,30,3,30,3942.1321525143167,0
60,100,30,3,31,3801.6870970908885,1
60,100,30,3,32,4456.93324705569,2
60,100,30,3,33,3104.404947354401,3
60,100,30,3,34,4125.655377537624,4
60,100,30,3,35,4498.046629273768,0
60,100,30,3,36,4425.90924013014,1
60,100,30,3,37,4617.908676420783,2
60,100,30,3,38,3136.1736017808553,3
60,100,30,3,39,4238.041849121939,4
60,100,30,3,40,3577.00937240054,0
60,100,30,3,41,4393.595825339142,1
60,100,30,3,42,4423.907985387849,2
60,100,30,3,43,3310.5386192279148,3
60,100,30,3,44,3825.9244748948804,4
60,100,30,3,45,3879.5277780779693,0
60,100,30,3,46,5376.827732186685,1
60,100,30,3,47,4326.7639871382635,2
60,100,30,3,48,3963.243087501665,3
60,100,30,3,49,3874.601767689644,4
60,100,30,3,50,3977.470408188892,0
60,100,30,4,1,4416.706698377062,1
60,100,30,4,2,4265.887212237676,2
60,100,30,4,3,3402.6332714092728,3
60,100,30,4,4,3978.1811550448065,4
60,100,30,4,5,3988.3413650183597,0
60,100,30,4,6,5472.653255351128,1
60,100,30,4,7,4184.736351604863,2
60,100,30,4,8,3819.3167658440993,3
60,100,30,4,9,3840.725389828574,4
60,100,30,4,10,3857.065650716338,0
60,100,30,4,11,3707.5722898076447,1
60,100,30,4,12,4447.774839475637,2
60,100,30,4,13,3178.6582100877104,3
60,100,30,4,14,4002.4328831218245,4
60,100,30,4,15,4491.30915108735,0
60,100,30,4,16,4386.480256625887,1
60,100,30,4,17,4441.716357541049,2
60,100,30,4,18,3136.274487033619,3
60,100,30,4,19,4062.2208039726784,4
60,100,30,4,20,3682.784018189083,0
60,100,30,4,21,4500.661129016915,1
60,100,30,4,22,4415.818731482715,2
60,100,30,4,23,3430.18084552598,3
60,100,30,4,24,4024.4990362830335,4
60,100,30,4,25,4058.2950459483623,0
60,100,30,4,26,5697.416731672977,1
60,100,30,4,27,4185.971491771153,2
60,100,30,4,28,3545.916880838676,3
60,100,30,4,29,3784.456552598032,4
60,100,30,4,30,3942.1321525143167,0
60,100,30,4,31,3801.6870970908885,1
60,100,30,4,32,4456.93324705569,2
60,100,30,4,33,3104.404947354401,3
60,100,30,4,34,4125.655377537624,4
60,100,30,4,35,4498.046629273768,0
60,100,30,4,36,4425.90924013014,1
60,100,30,4,37,4617.908676420783,2
60,100,30,4,38,3136.1736017808553,3
60,100,30,4,39,4238.041849121939,4
60,100,30,4,40,3577.00937240054,0
60,100,30,4,41,4393.595825339142,1
60,100,30,4,42,4423.907985387849,2
60,100,30,4,43,3310.5386192279148,3
60,100,30,4,44,3825.9244748948804,4
60,100,30,4,45,3879.5277780779693,0
60,100,30,4,46,5376.827732186685,1
60,100,30,4,47,4326.7639871382635,2
60,100,30,4,48,3963.243087501665,3
60,100,30,4,49,3874.601767689644,4
60,100,30,4,50,3977.470408188892,0
60,100,30,5,1,4416.706698377062,1
60,100,30,5,2,4265.887212237676,2
60,100,30,5,3,3402.6332714092728,3
60,100,30,5,4,3978.1811550448065,4
60,100,30,5,5,3988.3413650183597,0
60,100,30,5,6,5472.653255351128,1
60,100,30,5,7,4184.736351604863,2
60,100,30,5,8,3819.3167658440993,3
60,100,30,5,9,3840.725389828574,4
60,100,30,5,10,3857.065650716338,0
60,100,30,5,11,3707.5722898076447,1
60,100,30,5,12,4447.774839475637,2
60,100,30,5,13,3178.6582100877104,3
60,100,30,5,14,4002.4328831218245,4
60,100,30,5,15,4491.30915108735,0
60,100,30,5,16,4386.480256625887,1
60,100,30,5,17,4441.716357541049,2
60,100,30,5,18,3136.274487033619,3
60,100,30,5,19,4062.2208039726784,4
60,100,30,5,20,3682.784018189083,0
60,100,30,5,21,4500.661129016915,1
60,100,30,5,22,4415.818731482715,2
60,100,30,5,23,3430.18084552598,3
60,100,30,5,24,4024.4990362830335,4
60,100,30,5,25,4058.2950459483623,0
60,100,30,5,26,5697.416731672977,1
60,100,30,5,27,4185.971491771153,2
60,100,30,5,28,3545.916880838676,3
60,100,30,5,29,3784.456552598032,4
60,100,30,5,30,3942.1321525143167,0
60,100,30,5,31,3801.6870970908885,1
60,100,30,5,32,4456.93324705569,2
60,100,30,5,33,3104.404947354401,3
60,100,30,5,34,4125.655377537624,4
60,100,30,5,35,4498.046629273768,0
60,100,30,5,36,4425.90924013014,1
60,100,30,5,37,4617.908676420783,2
60,100,30,5,38,3136.1736017808553,3
60,100,30,5,39,4238.041849121939,4
60,100,30,5,40,3577.00937240054,0
60,100,30,5,41,4393.595825339142,1
60,100,30,5,42,4423.907985387849,2
60,100,30,5,43,3310.5386192279148,3
60,100,30,5,44,3825.9244748948804,4
60,100,30,5,45,3879.5277780779693,0
60,100,30,5,46,5376.827732186685,1
60,100,30,5,47,4326.7639871382635,2
60,100,30,5,48,3963.243087501665,3
60,100,30,5,49,3874.601767689644,4
60,100,30,5,50,3977.470408188892,0
60,100,50,0,1,4416.706698377062,1
60,100,50,0,2,4265.887212237676,2
60,100,50,0,3,3402.6332714092728,3
60,100,50,0,4,3978.1811550448065,4
60,100,50,0,5,3988.3413650183597,0
60,100,50,0,6,5472.653255351128,1
60,100,50,0,7,4184.736351604863,2
60,100,50,0,8,3819.3167658440993,3
60,100,50,0,9,3840.725389828574,4
60,100,50,0,10,3857.065650716338,0
60,100,50,0,11,3707.5722898076447,1
60,100,50,0,12,4447.774839475637,2
60,100,50,0,13,3178.6582100877104,3
60,100,50,0,14,4002.4328831218245,4
60,100,50,0,15,4491.30915108735,0
60,100,50,0,16,4386.480256625887,1
60,100,50,0,17,4441.716357541049,2
60,100,50,0,18,3136.274487033619,3
60,100,50,0,19,4062.2208039726784,4
60,100,50,0,20,3682.784018189083,0
60,100,50,0,21,4500.661129016915,1
60,100,50,0,22,4415.818731482715,2
60,100,50,0,23,3430.18084552598,3
60,100,50,0,24,4024.4990362830335,4
60,100,50,0,25,4058.2950459483623,0
60,100,50,0,26,5697.416731672977,1
60,100,50,0,27,4185.971491771153,2
60,100,50,0,28,3545.916880838676,3
60,100,50,0,29,3784.456552598032,4
60,100,50,0,30,3942.1321525143167,0
60,100,50,0,31,3801.6870970908885,1
60,100,50,0,32,4456.93324705569,2
60,100,50,0,33,3104.404947354401,3
60,100,50,0,34,4125.655377537624,4
60,100,50,0,35,4498.046629273768,0
60,100,50,0,36,4425.90924013014,1
60,100,50,0,37,4617.908676420783,2
60,100,50,0,38,3136.1736017808553,3
60,100,50,0,39,4238.041849121939,4
60,100,50,0,40,3577.00937240054,0
60,100,50,0,41,4393.595825339142,1
60,100,50,0,42,4423.907985387849,2
60,100,50,0,43,3310.5386192279148,3
60,100,50,0,44,3825.9244748948804,4
60,100,50,0,45,3879.5277780779693,0
60,100,50,0,46,5376.827732186685,1
60,100,50,0,47,4326.7639871382635,2
60,100,50,0,48,3963.243087501665,3
60,100,50,0,49,3874.601767689644,4
60,100,50,0,50,3977.470408188892,0
60,100,50,1,1,4416.706698377062,1
60,100,50,1,2,4265.887212237676,2
60,100,50,1,3,3402.6332714092728,3
60,100,50,1,4,3978.1811550448065,4
60,100,50,1,5,3988.3413650183597,0
60,100,50,1,6,5472.653255351128,1
60,100,50,1,7,4184.736351604863,2
60,100,50,1,8,3819.3167658440993,3
60,100,50,1,9,3840.725389828574,4
60,100,50,1,10,3857.065650716338,0
60,100,50,1,11,3707.5722898076447,1
60,100,50,1,12,4447.774839475637,2
60,100,50,1,13,3178.6582100877104,3
60,100,50,1,14,4002.4328831218245,4
60,100,50,1,15,4491.30915108735,0
60,100,50,1,16,4386.480256625887,1
60,100,50,1,17,4441.716357541049,2
60,100,50,1,18,3136.274487033619,3
60,100,50,1,19,4062.2208039726784,4
60,100,50,1,20,3682.784018189083,0
60,100,50,1,21,4500.661129016915,1
60,100,50,1,22,4415.818731482715,2
60,100,50,1,23,3430.18084552598,3
60,100,50,1,24,4024.4990362830335,4
60,100,50,1,25,4058.2950459483623,0
60,100,50,1,26,5697.416731672977,1
60,100,50,1,27,4185.971491771153,2
60,100,50,1,28,3545.916880838676,3
60,100,50,1,29,3784.456552598032,4
60,100,50,1,30,3942.1321525143167,0
60,100,50,1,31,3801.6870970908885,1
60,100,50,1,32,4456.93324705569,2
60,100,50,1,33,3104.404947354401,3
60,100,50,1,34,4125.655377537624,4
60,100,50,1,35,4498.046629273768,0
60,100,50,1,36,4425.90924013014,1
60,100,50,1,37,4617.908676420783,2
60,100,50,1,38,3136.1736017808553,3
60,100,50,1,39,4238.041849121939,4
60,100,50,1,40,3577.00937240054,0
60,100,50,1,41,4393.595825339142,1
60,100,50,1,42,4423.907985387849,2
60,100,50,1,43,3310.5386192279148,3
60,100,50,1,44,3825.9244748948804,4
60,100,50,1,45,3879.5277780779693,0
60,100,50,1,46,5376.827732186685,1
60,100,50,1,47,4326.7639871382635,2
60,100,50,1,48,3963.243087501665,3
60,100,50,1,49,3874.601767689644,4
60,100,50,1,50,3977.470408188892,0
60,100,50,2,1,4416.706698377062,1
60,100,50,2,2,4265.887212237676,2
60,100,50,2,3,3402.6332714092728,3
60,100,50,2,4,3978.1811550448065,4
60,100,50,2,5,3988.3413650183597,0
60,100,50,2,6,5472.653255351128,1
60,100,50,2,7,4184.736351604863,2
60,100,50,2,8,3819.3167658440993,3
60,100,50,2,9,3840.725389828574,4
60,100,50,2,10,3857.065650716338,0
60,100,50,2,11,3707.5722898076447,1
60,100,50,2,12,4447.774839475637,2
60,100,50,2,13,3178.6582100877104,3
60,100,50,2,14,4002.4328831218245,4
60,100,50,2,15,4491.30915108735,0
60,100,50,2,16,4386.480256625887,1
60,100,50,2,17,4441.716357541049,2
60,100,50,2,18,3136.274487033619,3
60,100,50,2,19,4062.2208039726784,4
60,100,50,2,20,3682.784018189083,0
60,100,50,2,21,4500.661129016915,1
60,100,50,2,22,4415.818731482715,2
60,100,50,2,23,3430.18084552598,3
60,100,50,2,24,4024.4990362830335,4
60,100,50,2,25,4058.2950459483623,0
60,100,50,2,26,5697.416731672977,1
60,100,50,2,27,4185.971491771153,2
60,100,50,2,28,3545.916880838676,3
60,100,50,2,29,3784.456552598032,4
60,100,50,2,30,3942.1321525143167,0
60,100,50,2,31,3801.6870970908885,1
60,100,50,2,32,4456.93324705569,2
60,100,50,2,33,3104.404947354401,3
60,100,50,2,34,4125.655377537624,4
60,100,50,2,35,4498.046629273768,0
60,100,50,2,36,4425.90924013014,1
60,100,50,2,37,4617.908676420783,2
60,100,50,2,38,3136.1736017808553,3
60,100,50,2,39,4238.041849121939,4
60,100,50,2,40,3577.00937240054,0
60,100,50,2,41,4393.595825339142,1
60,100,50,2,42,4423.907985387849,2
60,100,50,2,43,3310.5386192279148,3
60,100,50,2,44,3825.9244748948804,4
60,100,50,2,45,3879.5277780779693,0
60,100,50,2,46,5376.827732186685,1
60,100,50,2,47,4326.7639871382635,2
60,100,50,2,48,3963.243087501665,3
60,100,50,2,49,3874.601767689644,4
60,100,50,2,50,3977.470408188892,0
60,100,50,3,1,4416.706698377062,1
60,100,50,3,2,4265.887212237676,2
60,100,50,3,3,3402.6332714092728,3
60,100,50,3,4,3978.1811550448065,4
60,100,50,3,5,3988.3413650183597,0
60,100,50,3,6,5472.653255351128,1
60,100,50,3,7,4184.736351604863,2
60,100,50,3,8,3819.3167658440993,3
60,100,50,3,9,3840.725389828574,4
60,100,50,3,10,3857.065650716338,0
60,100,50,3,11,3707.5722898076447,1
60,100,50,3,12,4447.774839475637,2
60,100,50,3,13,3178.6582100877104,3
60,100,50,3,14,4002.4328831218245,4
60,100,50,3,15,4491.30915108735,0
60,100,50,3,16,4386.480256625887,1
60,100,50,3,17,4441.716357541049,2
60,100,50,3,18,3136.274487033619,3
60,100,50,3,19,4062.2208039726784,4
60,100,50,3,20,3682.784018189083,0
60,100,50,3,21,4500.661129016915,1
60,100,50,3,22,4415.818731482715,2
60,100,50,3,23,3430.18084552598,3
60,100,50,3,24,4024.4990362830335,4
60,100,50,3,25,4058.2950459483623,0
60,100,50,3,26,5697.416731672977,1
60,100,50,3,27,4185.971491771153,2
60,100,50,3,28,3545.916880838676,3
60,100,50,3,29,3784.456552598032,4
60,100,50,3,30,3942.1321525143167,0
60,100,50,3,31,3801.6870970908885,1
60,100,50,3,32,4456.93324705569,2
60,100,50,3,33,3104.404947354401,3
60,100,50,3,34,4125.655377537624,4
60,100,50,3,35,4498.046629273768,0
60,100,50,3,36,4425.90924013014,1
60,100,50,3,37,4617.908676420783,2
60,100,50,3,38,3136.1736017808553,3
60,100,50,3,39,4238.041849121939,4
60,100,50,3,40,3577.00937240054,0
60,100,50,3,41,4393.595825339142,1
60,100,50,3,42,4423.907985387849,2
60,100,50,3,43,3310.5386192279148,3
60,100,50,3,44,3825.9244748948804,4
60,100,50,3,45,3879.5277780779693,0
60,100,50,3,46,5376.827732186685,1
60,100,50,3,47,4326.7639871382635,2
60,100,50,3,48,3963.243087501665,3
60,100,50,3,49,3874.601767689644,4
60,100,50,3,50,3977.470408188892,0
60,100,50,4,1,4416.706698377062,1
60,100,50,4,2,4265.887212237676,2
60,100,50,4,3,3402.6332714092728,3
60,100,50,4,4,3978.1811550448065,4
60,100,50,4,5,3988.3413650183597,0
60,100,50,4,6,5472.653255351128,1
60,100,50,4,7,4184.736351604863,2
60,100,50,4,8,3819.3167658440993,3
60,100,50,4,9,3840.725389828574,4
60,100,50,4,10,3857.065650716338,0
60,100,50,4,11,3707.5722898076447,1
60,100,50,4,12,4447.774839475637,2
60,100,50,4,13,3178.6582100877104,3
60,100,50,4,14,4002.4328831218245,4
60,100,50,4,15,4491.30915108735,0
60,100,50,4,16,4386.480256625887,1
60,100,50,4,17,4441.716357541049,2
60,100,50,4,18,3136.274487033619,3
60,100,50,4,19,4062.2208039726784,4
60,100,50,4,20,3682.784018189083,0
60,100,50,4,21,4500.661129016915,1
60,100,50,4,22,4415.818731482715,2
60,100,50,4,23,3430.18084552598,3
60,100,50,4,24,4024.4990362830335,4
60,100,50,4,25,4058.2950459483623,0
60,100,50,4,26,5697.416731672977,1
60,100,50,4,27,4185.971491771153,2
60,100,50,4,28,3545.916880838676,3
60,100,50,4,29,3784.456552598032,4
60,100,50,4,30,3942.1321525143167,0
60,100,50,4,31,3801.6870970908885,1
60,100,50,4,32,4456.93324705569,2
60,100,50,4,33,3104.404947354401,3
60,100,50,4,34,4125.655377537624,4
60,100,50,4,35,4498.046629273768,0
60,100,50,4,36,4425.90924013014,1
60,100,50,4,37,4617.908676420783,2
60,100,50,4,38,3136.1736017808553,3
60,100,50,4,39,4238.041849121939,4
60,100,50,4,40,3577.00937240054,0
60,100,50,4,41,4393.595825339142,1
60,100,50,4,42,4423.907985387849,2
60,100,50,4,43,3310.5386192279148,3
60,100,50,4,44,3825.9244748948804,4
60,100,50,4,45,3879.5277780779693,0
60,100,50,4,46,5376.827732186685,1
60,100,50,4,47,4326.7639871382635,2
60,100,50,4,48,3963.243087501665,3
60,100,50,4,49,3874.601767689644,4
60,100,50,4,50,3977.470408188892,0
60,100,50,5,1,4416.706698377062,1
60,100,50,5,2,4265.887212237676,2
60,100,50,5,3,3402.6332714092728,3
60,100,50,5,4,3978.1811550448065,4
60,100,50,5,5,3988.3413650183597,0
60,100,50,5,6,5472.653255351128,1
60,100,50,5,7,4184.736351604863,2
60,100,50,5,8,3819.3167658440993,3
60,100,50,5,9,3840.725389828574,4
60,100,50,5,10,3857.065650716338,0
60,100,50,5,11,3707.5722898076447,1
60,100,50,5,12,4447.774839475637,2
60,100,50,5,13,3178.6582100877104,3
60,100,50,5,14,4002.4328831218245,4
60,100,50,5,15,4491.30915108735,0
60,100,50,5,16,4386.480256625887,1
60,100,50,5,17,4441.716357541049,2
60,100,50,5,18,3136.274487033619,3
60,100,50,5,19,4062.2208039726784,4
60,100,50,5,20,3682.784018189083,0
60,100,50,5,21,4500.661129016915,1
60,100,50,5,22,4415.818731482715,2
60,100,50,5,23,3430.18084552598,3
60,100,50,5,24,4024.4990362830335,4
60,100,50,5,25,4058.2950459483623,0
60,100,50,5,26,5697.416731672977,1
60,100,50,5,27,4185.971491771153,2
60,100,50,5,28,3545.916880838676,3
60,100,50,5,29,3784.456552598032,4
60,100,50,5,30,3942.1321525143167,0
60,100,50,5,31,3801.6870970908885,1
60,100,50,5,32,4456.93324705569,2
60,100,50,5,33,3104.404947354401,3
60,100,50,5,34,4125.655377537624,4
60,100,50,5,35,4498.046629273768,0
60,100,50,5,36,4425.90924013014,1
60,100,50,5,37,4617.908676420783,2
60,100,50,5,38,3136.1736017808553,3
60,100,50,5,39,4238.041849121939,4
60,100,50,5,40,3577.00937240054,0
60,100,50,5,41,4393.595825339142,1
60,100,50,5,42,4423.907985387849,2
60,100,50,5,43,3310.5386192279148,3
60,100,50,5,44,3825.9244748948804,4
60,100,50,5,45,3879.5277780779693,0
60,100,50,5,46,5376.827732186685,1
60,100,50,5,47,4326.7639871382635,2
60,100,50,5,48,3963.243087501665,3
60,100,50,5,49,3874.601767689644,4
60,100,50,5,50,3977.470408188892,0
60,25,10,0,1,4407.753978043723,1
60,25,10,0,2,4265.887212237676,2
60,25,10,0,3,3381.2973154740384,3
60,25,10,0,4,3947.80229372705,4
60,25,10,0,5,4041.798098746171,0
60,25,10,0,6,5472.653255351128,1
60,25,10,0,7,4184.736351604863,2
60,25,10,0,8,3819.3167658440993,3
60,25,10,0,9,3840.725389828574,4
60,25,10,0,10,3797.397282140071,0
60,25,10,0,11,3644.3611871610947,1
60,25,10,0,12,4445.972921859244,2
60,25,10,0,13,3187.5403124108143,3
60,25,10,0,14,4035.2082400350077,4
60,25,10,0,15,4491.30915108735,0
60,25,10,0,16,4386.480256625887,1
60,25,10,0,17,4439.445431001352,2
60,25,10,0,18,3136.274487033619,3
60,25,10,0,19,4092.209541201317,4
60,25,10,0,20,3700.3938198976384,0
60,25,10,0,21,4458.99983637436,1
60,25,10,0,22,4334.072959531193,2
60,25,10,0,23,3417.288450236877,3
60,25,10,0,24,4022.918456211115,4
60,25,10,0,25,4093.9815415818416,0
60,25,10,0,26,5698.057293860233,1
60,25,10,0,27,4099.603598546396,2
60,25,10,0,28,3545.916880838676,3
60,25,10,0,29,3791.619955554709,4
60,25,10,0,30,3949.1605695694366,0
60,25,10,0,31,3779.334221807873,1
60,25,10,0,32,4420.537854601495,2
60,25,10,0,33,3086.105332521547,3
60,25,10,0,34,4092.811652657014,4
60,25,10,0,35,4498.046629273768,0
60,25,10,0,36,4473.116738294107,1
60,25,10,0,37,4559.018239312011,2
60,25,10,0,38,3136.1736017808553,3
60,25,10,0,39,3974.0978440229073,4
60,25,10,0,40,3675.624648642477,0
60,25,10,0,41,4393.595825339142,1
60,25,10,0,42,4406.821793641431,2
60,25,10,0,43,3309.605784813257,3
60,25,10,0,44,3832.784372077094,4
60,25,10,0,45,3909.5010483456686,0
60,25,10,0,46,5407.054590612454,1
60,25,10,0,47,4200.23006305295,2
60,25,10,0,48,4000.412961357712,3
60,25,10,0,49,3850.2130370060313,4
60,25,10,0,50,3999.725698281931,0
60,25,10,1,1,4462.316099469168,1
60,25,10,1,2,4265.887212237676,2
60,25,10,1,3,3381.5305699119085,3
60,25,10,1,4,3975.9113118590535,4
60,25,10,1,5,3958.7007677467222,0
60,25,10,1,6,5472.653255351128,1
60,25,10,1,7,4184.736351604863,2
60,25,10,1,8,3819.3167658440993,3
60,25,10,1,9,3840.725389828574,4
60,25,10,1,10,3882.7368224661805,0
60,25,10,1,11,3650.2216986624553,1
60,25,10,1,12,4449.079814303926,2
60,25,10,1,13,3175.8771071747938,3
60,25,10,1,14,4076.0884344831525,4
60,25,10,1,15,4491.30915108735,0
60,25,10,1,16,4386.480256625887,1
60,25,10,1,17,4418.1270254000265,2
60,25,10,1,18,3136.274487033619,3
60,25,10,1,19,4131.11119800605,4
60,25,10,1,20,3651.2192509750953,0
60,25,10,1,21,4535.864098784225,1
60,25,10,1,22,4319.329812363249,2
60,25,10,1,23,3433.8444985635188,3
60,25,10,1,24,4024.409351243365,4
60,25,10,1,25,4134.857985958637,0
60,25,10,1,26,5653.1559729066375,1
60,25,10,1,27,4200.480067809509,2
60,25,10,1,28,3545.916880838676,3
60,25,10,1,29,3806.664558458114,4
60,25,10,1,30,4013.5813285640893,0
60,25,10,1,31,3730.761664339124,1
60,25,10,1,32,4432.462614813829,2
60,25,10,1,33,3097.7810213284115,3
60,25,10,1,34,4119.41837553987,4
60,25,10,1,35,4498.046629273768,0
60,25,10,1,36,4511.241813657032,1
60,25,10,1,37,4504.492101904526,2
60,25,10,1,38,3136.1736017808553,3
60,25,10,1,39,4020.859017028482,4
60,25,10,1,40,3696.0764710896324,0
60,25,10,1,41,4393.595825339142,1
60,25,10,1,42,4406.885978195932,2
60,25,10,1,43,3295.3342799520537,3
60,25,10,1,44,3811.7869725831924,4
60,25,10,1,45,4042.451561178865,0
60,25,10,1,46,5422.067126239083,1
60,25,10,1,47,4356.384784033181,2
60,25,10,1,48,4025.6149408474284,3
60,25,10,1,49,3896.2361793032587,4
60,25,10,1,50,3940.87041184193,0
60,25,10,2,1,4407.753978043723,1
60,25,10,2,2,4265.887212237676,2
60,25,10,2,3,3381.2973154740384,3
60,25,10,2,4,3947.80229372705,4
60,25,10,2,5,4041.798098746171,0
60,25,10,2,6,5472.653255351128,1
60,25,10,2,7,4184.736351604863,2
60,25,10,2,8,3819.3167658440993,3
60,25,10,2,9,3840.725389828574,4
60,25,10,2,10,3797.397282140071,0
60,25,10,2,11,3644.3611871610947,1
60,25,10,2,12,4445.972921859244,2
60,25,10,2,13,3187.5403124108143,3
60,25,10,2,14,4035.2082400350077,4
60,25,10,2,15,4491.30915108735,0
60,25,10,2,16,4386.480256625887,1
60,25,10,2,17,4439.445431001352,2
60,25,10,2,18,3136.274487033619,3
60,25,10,2,19,4092.209541201317,4
60,25,10,2,20,3700.3938198976384,0
60,25,10,2,21,4458.99983637436,1
60,25,10,2,22,4334.072959531193,2
60,25,10,2,23,3417.288450236877,3
60,25,10,2,24,4022.918456211115,4
60,25,10,2,25,4093.9815415818416,0
60,25,10,2,26,5698.057293860233,1
60,25,10,2,27,4099.603598546396,2
60,25,10,2,28,3545.916880838676,3
60,25,10,2,29,3791.619955554709,4
60,25,10,2,30,3949.1605695694366,0
60,25,10,2,31,3779.334221807873,1
60,25,10,2,32,4420.537854601495,2
60,25,10,2,33,3086.105332521547,3
60,25,10,2,34,4092.811652657014,4
60,25,10,2,35,4498.046629273768,0
60,25,10,2,36,4473.116738294107,1
60,25,10,2,37,4559.018239312011,2
60,25,10,2,38,3136.1736017808553,3
60,25,10,2,39,3974.0978440229073,4
60,25,10,2,40,3675.624648642477,0
60,25,10,2,41,4393.595825339142,1
60,25,10,2,42,4406.821793641431,2
60,25,10,2,43,3309.605784813257,3
60,25,10,2,44,3832.784372077094,4
60,25,10,2,45,3909.5010483456686,0
60,25,10,2,46,5407.054590612454,1
60,25,10,2,47,4200.23006305295,2
60,25,10,2,48,4000.412961357712,3
60,25,10,2,49,3850.2130370060313,4
60,25,10,2,50,3999.725698281931,0
60,25,10,3,1,4407.753978043723,1
60,25,10,3,2,4265.887212237676,2
60,25,10,3,3,3381.2973154740384,3
60,25,10,3,4,3947.80229372705,4
60,25,10,3,5,4041.798098746171,0
60,25,10,3,6,5472.653255351128,1
60,25,10,3,7,4184.736351604863,2
60,25,10,3,8,3819.3167658440993,3
60,25,10,3,9,3840.725389828574,4
60,25,10,3,10,3797.397282140071,0
60,25,10,3,11,3644.3611871610947,1
60,25,10,3,12,4445.972921859244,2
60,25,10,3,13,3187.5403124108143,3
60,25,10,3,14,4035.2082400350077,4
60,25,10,3,15,4491.30915108735,0
60,25,10,3,16,4386.480256625887,1
60,25,10,3,17,4439.445431001352,2
60,25,10,3,18,3136.274487033619,3
60,25,10,3,19,4092.209541201317,4
60,25,10,3,20,3700.3938198976384,0
60,25,10,3,21,4458.99983637436,1
60,25,10,3,22,4334.072959531193,2
60,25,10,3,23,3417.288450236877,3
60,25,10,3,24,4022.918456211115,4
60,25,10,3,25,4093.9815415818416,0
60,25,10,3,26,5698.057293860233,1
60,25,10,3,27,4099.603598546396,2
60,25,10,3,28,3545.916880838676,3
60,25,10,3,29,3791.619955554709,4
60,25,10,3,30,3949.1605695694366,0
60,25,10,3,31,3779.334221807873,1
60,25,10,3,32,4420.537854601495,2
60,25,10,3,33,3086.105332521547,3
60,25,10,3,34,4092.811652657014,4
60,25,10,3,35,4498.046629273768,0
60,25,10,3,36,4473.116738294107,1
60,25,10,3,37,4559.018239312011,2
60,25,10,3,38,3136.1736017808553,3
60,25,10,3,39,3974.0978440229073,4
60,25,10,3,40,3675.624648642477,0
60,25,10,3,41,4393.595825339142,1
60,25,10,3,42,4406.821793641431,2
60,25,10,3,43,3309.605784813257,3
60,25,10,3,44,3832.784372077094,4
60,25,10,3,45,3909.5010483456686,0
60,25,10,3,46,5407.054590612454,1
60,25,10,3,47,4200.23006305295,2
60,25,10,3,48,4000.412961357712,3
60,25,10,3,49,3850.2130370060313,4
60,25,10,3,50,3999.725698281931,0
60,25,10,4,1,4407.753978043723,1
60,25,10,4,2,4265.887212237676,2
60,25,10,4,3,3381.2973154740384,3
60,25,10,4,4,3947.80229372705,4
60,25,10,4,5,4041.798098746171,0
60,25,10,4,6,5472.653255351128,1
60,25,10,4,7,4184.736351604863,2
60,25,10,4,8,3819.3167658440993,3
60,25,10,4,9,3840.725389828574,4
60,25,10,4,10,3797.397282140071,0
60,25,10,4,11,3644.3611871610947,1
60,25,10,4,12,4445.972921859244,2
60,25,10,4,13,3187.5403124108143,3
60,25,10,4,14,4035.2082400350077,4
60,25,10,4,15,4491.30915108735,0
60,25,10,4,16,4386.480256625887,1
60,25,10,4,17,4439.445431001352,2
60,25,10,4,18,3136.274487033619,3
60,25,10,4,19,4092.209541201317,4
60,25,10,4,20,3700.3938198976384,0
60,25,10,4,21,4458.99983637436,1
60,25,10,4,22,4334.072959531193,2
60,25,10,4,23,3417.288450236877,3
60,25,10,4,24,4022.918456211115,4
60,25,10,4,25,4093.9815415818416,0
60,25,10,4,26,5698.057293860233,1
60,25,10,4,27,4099.603598546396,2
60,25,10,4,28,3545.916880838676,3
60,25,10,4,29,3791.619955554709,4
60,25,10,4,30,3949.1605695694366,0
60,25,10,4,31,3779.334221807873,1
60,25,10,4,32,4420.537854601495,2
60,25,10,4,33,3086.105332521547,3
60,25,10,4,34,4092.811652657014,4
60,25,10,4,35,4498.046629273768,0
60,25,10,4,36,4473.116738294107,1
60,25,10,4,37,4559.018239312011,2
60,25,10,4,38,3136.1736017808553,3
60,25,10,4,39,3974.0978440229073,4
60,25,10,4,40,3675.624648642477,0
60,25,10,4,41,4393.595825339142,1
60,25,10,4,42,4406.821793641431,2
60,25,10,4,43,3309.605784813257,3
60,25,10,4,44,3832.784372077094,4
60,25,10,4,45,3909.5010483456686,0
60,25,10,4,46,5407.054590612454,1
60,25,10,4,47,4200.23006305295,2
60,25,10,4,48,4000.412961357712,3
60,25,10,4,49,3850.2130370060313,4
60,25,10,4,50,3999.725698281931,0
60,25,10,5,1,4462.316099469168,1
60,25,10,5,2,4265.887212237676,2
60,25,10,5,3,3381.5305699119085,3
60,25,10,5,4,3975.9113118590535,4
60,25,10,5,5,3958.7007677467222,0
60,25,10,5,6,5472.653255351128,1
60,25,10,5,7,4184.736351604863,2
60,25,10,5,8,3819.3167658440993,3
60,25,10,5,9,3840.725389828574,4
60,25,10,5,10,3882.7368224661805,0
60,25,10,5,11,3650.2216986624553,1
60,25,10,5,12,4449.079814303926,2
60,25,10,5,13,3175.8771071747938,3
60,25,10,5,14,4076.0884344831525,4
60,25,10,5,15,4491.30915108735,0
60,25,10,5,16,4386.480256625887,1
60,25,10,5,17,4418.1270254000265,2
60,25,10,5,18,3136.274487033619,3
60,25,10,5,19,4131.11119800605,4
60,25,10,5,20,3651.2192509750953,0
60,25,10,5,21,4535.864098784225,1
60,25,10,5,22,4319.329812363249,2
60,25,10,5,23,3433.8444985635188,3
60,25,10,5,24,4024.409351243365,4
60,25,10,5,25,4134.857985958637,0
60,25,10,5,26,5653.1559729066375,1
60,25,10,5,27,4200.480067809509,2
60,25,10,5,28,3545.916880838676,3
60,25,10,5,29,3806.664558458114,4
60,25,10,5,30,4013.5813285640893,0
60,25,10,5,31,3730.761664339124,1
60,25,10,5,32,4432.462614813829,2
60,25,10,5,33,3097.7810213284115,3
60,25,10,5,34,4119.41837553987,4
60,25,10,5,35,4498.046629273768,0
60,25,10,5,36,4511.241813657032,1
60,25,10,5,37,4504.492101904526,2
60,25,10,5,38,3136.1736017808553,3
60,25,10,5,39,4020.859017028482,4
60,25,10,5,40,3696.0764710896324,0
60,25,10,5,41,4393.595825339142,1
60,25,10,5,42,4406.885978195932,2
60,25,10,5,43,3295.3342799520537,3
60,25,10,5,44,3811.7869725831924,4
60,25,10,5,45,4042.451561178865,0
60,25,10,5,46,5422.067126239083,1
60,25,10,5,47,4356.384784033181,2
60,25,10,5,48,4025.6149408474284,3
60,25,10,5,49,3896.2361793032587,4
60,25,10,5,50,3940.87041184193,0
60,25,30,0,1,4407.753978043723,1
60,25,30,0,2,4265.887212237676,2
60,25,30,0,3,3381.2973154740384,3
60,25,30,0,4,3947.80229372705,4
60,25,30,0,5,4041.798098746171,0
60,25,30,0,6,5472.653255351128,1
60,25,30,0,7,4184.736351604863,2
60,25,30,0,8,3819.3167658440993,3
60,25,30,0,9,3840.725389828574,4
60,25,30,0,10,3797.397282140071,0
60,25,30,0,11,3644.3611871610947,1
60,25,30,0,12,4445.972921859244,2
60,25,30,0,13,3187.5403124108143,3
60,25,30,0,14,4035.2082400350077,4
60,25,30,0,15,4491.30915108735,0
60,25,30,0,16,4386.480256625887,1
60,25,30,0,17,4439.445431001352,2
60,25,30,0,18,3136.274487033619,3
60,25,30,0,19,4092.209541201317,4
60,25,30,0,20,3700.3938198976384,0
60,25,30,0,21,4458.99983637436,1
60,25,30,0,22,4334.072959531193,2
60,25,30,0,23,3417.288450236877,3
60,25,30,0,24,4022.918456211115,4
60,25,30,0,25,4093.9815415818416,0
60,25,30,0,26,5698.057293860233,1
60,25,30,0,27,4099.603598546396,2
60,25,30,0,28,3545.916880838676,3
60,25,30,0,29,3791.619955554709,4
60,25,30,0,30,3949.1605695694366,0
60,25,30,0,31,3779.334221807873,1
60,25,30,0,32,4420.537854601495,2
60,25,30,0,33,3086.105332521547,3
60,25,30,0,34,4092.811652657014,4
60,25,30,0,35,4498.046629273768,0
60,25,30,0,36,4473.116738294107,1
60,25,30,0,37,4559.018239312011,2
60,25,30,0,38,3136.1736017808553,3
60,25,30,0,39,3974.0978440229073,4
60,25,30,0,40,3675.624648642477,0
60,25,30,0,41,4393.595825339142,1
60,25,30,0,42,4406.821793641431,2
60,25,30,0,43,3309.605784813257,3
60,25,30,0,44,3832.784372077094,4
60,25,30,0,45,3909.5010483456686,0
60,25,30,0,46,5407.054590612454,1
60,25,30,0,47,4200.23006305295,2
60,25,30,0,48,4000.412961357712,3
60,25,30,0,49,3850.2130370060313,4
60,25,30,0,50,3999.725698281931,0
60,25,30,1,1,4462.316099469168,1
60,25,30,1,2,4265.887212237676,2
60,25,30,1,3,3381.5305699119085,3
60,25,30,1,4,3975.9113118590535,4
60,25,30,1,5,3958.7007677467222,0
60,25,30,1,6,5472.653255351128,1
60,25,30,1,7,4184.736351604863,2
60,25,30,1,8,3819.3167658440993,3
60,25,30,1,9,3840.725389828574,4
60,25,30,1,10,3882.7368224661805,0
60,25,30,1,11,3650.2216986624553,1
60,25,30,1,12,4449.079814303926,2
60,25,30,1,13,3175.8771071747938,3
60,25,30,1,14,4076.0884344831525,4
60,25,30,1,15,4491.30915108735,0
60,25,30,1,16,4386.480256625887,1
60,25,30,1,17,4418.1270254000265,2
60,25,30,1,18,3136.274487033619,3
60,25,30,1,19,4131.11119800605,4
60,25,30,1,20,3651.2192509750953,0
60,25,30,1,21,4535.864098784225,1
60,25,30,1,22,4319.329812363249,2
60,25,30,1,23,3433.8444985635188,3
60,25,30,1,24,4024.409351243365,4
60,25,30,1,25,4134.857985958637,0
60,25,30,1,26,5653.1559729066375,1
60,25,30,1,27,4200.480067809509,2
60,25,30,1,28,3545.916880838676,3
60,25,30,1,29,3806.664558458114,4
60,25,30,1,30,4013.5813285640893,0
60,25,30,1,31,3730.761664339124,1
60,25,30,1,32,4432.462614813829,2
60,25,30,1,33,3097.7810213284115,3
60,25,30,1,34,4119.41837553987,4
60,25,30,1,35,4498.046629273768,0
60,25,30,1,36,4511.241813657032,1
60,25,30,1,37,4504.492101904526,2
60,25,30,1,38,3136.1736017808553,3
60,25,30,1,39,4020.859017028482,4
60,25,30,1,40,3696.0764710896324,0
60,25,30,1,41,4393.595825339142,1
60,25,30,1,42,4406.885978195932,2
60,25,30,1,43,3295.3342799520537,3
60,25,30,1,44,3811.7869725831924,4
60,25,30,1,45,4042.451561178865,0
60,25,30,1,46,5422.067126239083,1
60,25,30,1,47,4356.384784033181,2
60,25,30,1,48,4025.6149408474284,3
60,25,30,1,49,3896.2361793032587,4
60,25,30,1,50,3940.87041184193,0
60,25,30,2,1,4407.753978043723,1
60,25,30,2,2,4265.887212237676,2
60,25,30,2,3,3381.2973154740384,3
60,25,30,2,4,3947.80229372705,4
60,25,30,2,5,4041.798098746171,0
60,25,30,2,6,5472.653255351128,1
60,25,30,2,7,4184.736351604863,2
60,25,30,2,8,3819.3167658440993,3
60,25,30,2,9,3840.725389828574,4
60,25,30,2,10,3797.397282140071,0
60,25,30,2,11,3644.3611871610947,1
60,25,30,2,12,4445.972921859244,2
60,25,30,2,13,3187.5403124108143,3
60,25,30,2,14,4035.2082400350077,4
60,25,30,2,15,4491.30915108735,0
60,25,30,2,16,4386.480256625887,1
60,25,30,2,17,4439.445431001352,2
60,25,30,2,18,3136.274487033619,3
60,25,30,2,19,4092.209541201317,4
60,25,30,2,20,3700.3938198976384,0
60,25,30,2,21,4458.99983637436,1
60,25,30,2,22,4334.072959531193,2
60,25,30,2,23,3417.288450236877,3
60,25,30,2,24,4022.918456211115,4
60,25,30,2,25,4093.9815415818416,0
60,25,30,2,26,5698.057293860233,1
60,25,30,2,27,4099.603598546396,2
60,25,30,2,28,3545.916880838676,3
60,25,30,2,29,3791.619955554709,4
60,25,30,2,30,3949.1605695694366,0
60,25,30,2,31,3779.334221807873,1
60,25,30,2,32,4420.537854601495,2
60,25,30,2,33,3086.105332521547,3
60,25,30,2,34,4092.811652657014,4
60,25,30,2,35,4498.046629273768,0
60,25,30,2,36,4473.116738294107,1
60,25,30,2,37,4559.018239312011,2
60,25,30,2,38,3136.1736017808553,3
60,25,30,2,39,3974.0978440229073,4
60,25,30,2,40,3675.624648642477,0
60,25,30,2,41,4393.595825339142,1
60,25,30,2,42,4406.821793641431,2
60,25,30,2,43,3309.605784813257,3
60,25,30,2,44,3832.784372077094,4
60,25,30,2,45,3909.5010483456686,0
60,25,30,2,46,5407.054590612454,1
60,25,30,2,47,4200.23006305295,2
60,25,30,2,48,4000.412961357712,3
60,25,30,2,49,3850.2130370060313,4
60,25,30,2,50,3999.725698281931,0
60,25,30,3,1,4407.753978043723,1
60,25,30,3,2,4265.887212237676,2
60,25,30,3,3,3381.2973154740384,3
60,25,30,3,4,3947.80229372705,4
60,25,30,3,5,4041.798098746171,0
60,25,30,3,6,5472.653255351128,1
60,25,30,3,7,4184.736351604863,2
60,25,30,3,8,3819.3167658440993,3
60,25,30,3,9,3840.725389828574,4
60,25,30,3,10,3797.397282140071,0
60,25,30,3,11,3644.3611871610947,1
60,25,30,3,12,4445.972921859244,2
60,25,30,3,13,3187.5403124108143,3
60,25,30,3,14,4035.2082400350077,4
60,25,30,3,15,4491.30915108735,0
60,25,30,3,16,4386.480256625887,1
60,25,30,3,17,4439.445431001352,2
60,25,30,3,18,3136.274487033619,3
60,25,30,3,19,4092.209541201317,4
60,25,30,3,20,3700.3938198976384,0
60,25,30,3,21,4458.99983637436,1
60,25,30,3,22,4334.072959531193,2
60,25,30,3,23,3417.288450236877,3
60,25,30,3,24,4022.918456211115,4
60,25,30,3,25,4093.9815415818416,0
60,25,30,3,26,5698.057293860233,1
60,25,30,3,27,4099.603598546396,2
60,25,30,3,28,3545.916880838676,3
60,25,30,3,29,3791.619955554709,4
60,25,30,3,30,3949.1605695694366,0
60,25,30,3,31,3779.334221807873,1
60,25,30,3,32,4420.537854601495,2
60,25,30,3,33,3086.105332521547,3
60,25,30,3,34,4092.811652657014,4
60,25,30,3,35,4498.046629273768,0
60,25,30,3,36,4473.116738294107,1
60,25,30,3,37,4559.018239312011,2
60,25,30,3,38,3136.1736017808553,3
60,25,30,3,39,3974.0978440229073,4
60,25,30,3,40,3675.624648642477,0
60,25,30,3,41,4393.595825339142,1
60,25,30,3,42,4406.821793641431,2
60,25,30,3,43,3309.605784813257,3
60,25,30,3,44,3832.784372077094,4
60,25,30,3,45,3909.5010483456686,0
60,25,30,3,46,5407.054590612454,1
60,25,30,3,47,4200.23006305295,2
60,25,30,3,48,4000.412961357712,3
60,25,30,3,49,3850.2130370060313,4
60,25,30,3,50,3999.725698281931,0
60,25,30,4,1,4407.753978043723,1
60,25,30,4,2,4265.887212237676,2
60,25,30,4,3,3381.2973154740384,3
60,25,30,4,4,3947.80229372705,4
60,25,30,4,5,4041.798098746171,0
60,25,30,4,6,5472.653255351128,1
60,25,30,4,7,4184.736351604863,2
60,25,30,4,8,3819.3167658440993,3
60,25,30,4,9,3840.725389828574,4
60,25,30,4,10,3797.397282140071,0
60,25,30,4,11,3644.3611871610947,1
60,25,30,4,12,4445.972921859244,2
60,25,30,4,13,3187.5403124108143,3
60,25,30,4,14,4035.2082400350077,4
60,25,30,4,15,4491.30915108735,0
60,25,30,4,16,4386.480256625887,1
60,25,30,4,17,4439.445431001352,2
60,25,30,4,18,3136.274487033619,3
60,25,30,4,19,4092.209541201317,4
60,25,30,4,20,3700.3938198976384,0
60,25,30,4,21,4458.99983637436,1
60,25,30,4,22,4334.072959531193,2
60,25,30,4,23,3417.288450236877,3
60,25,30,4,24,4022.918456211115,4
60,25,30,4,25,4093.9815415818416,0
60,25,30,4,26,5698.057293860233,1
60,25,30,4,27,4099.603598546396,2
60,25,30,4,28,3545.916880838676,3
60,25,30,4,29,3791.619955554709,4
60,25,30,4,30,3949.1605695694366,0
60,25,30,4,31,3779.334221807873,1
60,25,30,4,32,4420.537854601495,2
60,25,30,4,33,3086.105332521547,3
60,25,30,4,34,4092.811652657014,4
60,25,30,4,35,4498.046629273768,0
60,25,30,4,36,4473.116738294107,1
60,25,30,4,37,4559.018239312011,2
60,25,30,4,38,3136.1736017808553,3
60,25,30,4,39,3974.0978440229073,4
60,25,30,4,40,3675.624648642477,0
60,25,30,4,41,4393.595825339142,1
60,25,30,4,42,4406.821793641431,2
60,25,30,4,43,3309.605784813257,3
60,25,30,4,44,3832.784372077094,4
60,25,30,4,45,3909.5010483456686,0
60,25,30,4,46,5407.054590612454,1
60,25,30,4,47,4200.23006305295,2
60,25,30,4,48,4000.412961357712,3
60,25,30,4,49,3850.2130370060313,4
60,25,30,4,50,3999.725698281931,0
60,25,30,5,1,4462.316099469168,1
60,25,30,5,2,4265.887212237676,2
60,25,30,5,3,3381.5305699119085,3
60,25,30,5,4,3975.9113118590535,4
60,25,30,5,5,3958.7007677467222,0
60,25,30,5,6,5472.653255351128,1
60,25,30,5,7,4184.736351604863,2
60,25,30,5,8,3819.3167658440993,3
60,25,30,5,9,3840.725389828574,4
60,25,30,5,10,3882.7368224661805,0
60,25,30,5,11,3650.2216986624553,1
60,25,30,5,12,4449.079814303926,2
60,25,30,5,13,3175.8771071747938,3
60,25,30,5,14,4076.0884344831525,4
60,25,30,5,15,4491.30915108735,0
60,25,30,5,16,4386.480256625887,1
60,25,30,5,17,4418.1270254000265,2
60,25,30,5,18,3136.274487033619,3
60,25,30,5,19,4131.11119800605,4
60,25,30,5,20,3651.2192509750953,0
60,25,30,5,21,4535.864098784225,1
60,25,30,5,22,4319.329812363249,2
60,25,30,5,23,3433.8444985635188,3
60,25,30,5,24,4024.409351243365,4
60,25,30,5,25,4134.857985958637,0
60,25,30,5,26,5653.1559729066375,1
60,25,30,5,27,4200.480067809509,2
60,25,30,5,28,3545.916880838676,3
60,25,30,5,29,3806.664558458114,4
60,25,30,5,30,4013.5813285640893,0
60,25,30,5,31,3730.761664339124,1
60,25,30,5,32,4432.462614813829,2
60,25,30,5,33,3097.7810213284115,3
60,25,30,5,34,4119.41837553987,4
60,25,30,5,35,4498.046629273768,0
60,25,30,5,36,4511.241813657032,1
60,25,30,5,37,4504.492101904526,2
60,25,30,5,38,3136.1736017808553,3
60,25,30,5,39,4020.859017028482,4
60,25,30,5,40,3696.0764710896324,0
60,25,30,5,41,4393.595825339142,1
60,25,30,5,42,4406.885978195932,2
60,25,30,5,43,3295.3342799520537,3
60,25,30,5,44,3811.7869725831924,4
60,25,30,5,45,4042.451561178865,0
60,25,30,5,46,5422.067126239083,1
60,25,30,5,47,4356.384784033181,2
60,25,30,5,48,4025.6149408474284,3
60,25,30,5,49,3896.2361793032587,4
60,25,30,5,50,3940.87041184193,0
60,25,50,0,1,4407.753978043723,1
60,25,50,0,2,4265.887212237676,2
60,25,50,0,3,3381.2973154740384,3
60,25,50,0,4,3947.80229372705,4
60,25,50,0,5,4041.798098746171,0
60,25,50,0,6,5472.653255351128,1
60,25,50,0,7,4184.736351604863,2
60,25,50,0,8,3819.3167658440993,3
60,25,50,0,9,3840.725389828574,4
60,25,50,0,10,3797.397282140071,0
60,25,50,0,11,3644.3611871610947,1
60,25,50,0,12,4445.972921859244,2
60,25,50,0,13,3187.5403124108143,3
60,25,50,0,14,4035.2082400350077,4
60,25,50,0,15,4491.30915108735,0
60,25,50,0,16,4386.480256625887,1
60,25,50,0,17,4439.445431001352,2
60,25,50,0,18,3136.274487033619,3
60,25,50,0,19,4092.209541201317,4
60,25,50,0,20,3700.3938198976384,0
60,25,50,0,21,4458.99983637436,1
60,25,50,0,22,4334.072959531193,2
60,25,50,0,23,3417.288450236877,3
60,25,50,0,24,4022.918456211115,4
60,25,50,0,25,4093.9815415818416,0
60,25,50,0,26,5698.057293860233,1
60,25,50,0,27,4099.603598546396,2
60,25,50,0,28,3545.916880838676,3
60,25,50,0,29,3791.619955554709,4
60,25,50,0,30,3949.1605695694366,0
60,25,50,0,31,3779.334221807873,1
60,25,50,0,32,4420.537854601495,2
60,25,50,0,33,3086.105332521547,3
60,25,50,0,34,4092.811652657014,4
60,25,50,0,35,4498.046629273768,0
60,25,50,0,36,4473.116738294107,1
60,25,50,0,37,4559.018239312011,2
60,25,50,0,38,3136.1736017808553,3
60,25,50,0,39,3974.0978440229073,4
60,25,50,0,40,3675.624648642477,0
60,25,50,0,41,4393.595825339142,1
60,25,50,0,42,4406.821793641431,2
60,25,50,0,43,3309.605784813257,3
60,25,50,0,44,3832.784372077094,4
60,25,50,0,45,3909.5010483456686,0
60,25,50,0,46,5407.054590612454,1
60,25,50,0,47,4200.23006305295,2
60,25,50,0,48,4000.412961357712,3
60,25,50,0,49,3850.2130370060313,4
60,25,50,0,50,3999.725698281931,0
60,25,50,1,1,4462.316099469168,1
60,25,50,1,2,4265.887212237676,2
60,25,50,1,3,3381.5305699119085,3
60,25,50,1,4,3975.9113118590535,4
60,25,50,1,5,3958.7007677467222,0
60,25,50,1,6,5472.653255351128,1
60,25,50,1,7,4184.736351604863,2
60,25,50,1,8,3819.3167658440993,3
60,25,50,1,9,3840.725389828574,4
60,25,50,1,10,3882.7368224661805,0
60,25,50,1,11,3650.2216986624553,1
60,25,50,1,12,4449.079814303926,2
60,25,50,1,13,3175.8771071747938,3
60,25,50,1,14,4076.0884344831525,4
60,25,50,1,15,4491.30915108735,0
60,25,50,1,16,4386.480256625887,1
60,25,50,1,17,4418.1270254000265,2
60,25,50,1,18,3136.274487033619,3
60,25,50,1,19,4131.11119800605,4
60,25,50,1,20,3651.2192509750953,0
60,25,50,1,21,4535.864098784225,1
60,25,50,1,22,4319.329812363249,2
60,25,50,1,23,3433.8444985635188,3
60,25,50,1,24,4024.409351243365,4
60,25,50,1,25,4134.857985958637,0
60,25,50,1,26,5653.1559729066375,1
60,25,50,1,27,4200.480067809509,2
60,25,50,1,28,3545.916880838676,3
60,25,50,1,29,3806.664558458114,4
60,25,50,1,30,4013.5813285640893,0
60,25,50,1,31,3730.761664339124,1
60,25,50,1,32,4432.462614813829,2
60,25,50,1,33,3097.7810213284115,3
60,25,50,1,34,4119.41837553987,4
60,25,50,1,35,4498.046629273768,0
60,25,50,1,36,4511.241813657032,1
60,25,50,1,37,4504.492101904526,2
60,25,50,1,38,3136.1736017808553,3
60,25,50,1,39,4020.859017028482,4
60,25,50,1,40,3696.0764710896324,0
60,25,50,1,41,4393.595825339142,1
60,25,50,1,42,4406.885978195932,2
60,25,50,1,43,3295.3342799520537,3
60,25,50,1,44,3811.7869725831924,4
60,25,50,1,45,4042.451561178865,0
60,25,50,1,46,5422.067126239083,1
60,25,50,1,47,4356.384784033181,2
60,25,50,1,48,4025.6149408474284,3
60,25,50,1,49,3896.2361793032587,4
60,25,50,1,50,3940.87041184193,0
60,25,50,2,1,4407.753978043723,1
60,25,50,2,2,4265.887212237676,2
60,25,50,2,3,3381.2973154740384,3
60,25,50,2,4,3947.80229372705,4
60,25,50,2,5,4041.798098746171,0
60,25,50,2,6,5472.653255351128,1
60,25,50,2,7,4184.736351604863,2
60,25,50,2,8,3819.3167658440993,3
60,25,50,2,9,3840.725389828574,4
60,25,50,2,10,3797.397282140071,0
60,25,50,2,11,3644.3611871610947,1
60,25,50,2,12,4445.972921859244,2
60,25,50,2,13,3187.5403124108143,3
60,25,50,2,14,4035.2082400350077,4
60,25,50,2,15,4491.30915108735,0
60,25,50,2,16,4386.480256625887,1
60,25,50,2,17,4439.445431001352,2
60,25,50,2,18,3136.274487033619,3
60,25,50,2,19,4092.209541201317,4
60,25,50,2,20,3700.3938198976384,0
60,25,50,2,21,4458.99983637436,1
60,25,50,2,22,4334.072959531193,2
60,25,50,2,23,3417.288450236877,3
60,25,50,2,24,4022.918456211115,4
60,25,50,2,25,4093.9815415818416,0
60,25,50,2,26,5698.057293860233,1
60,25,50,2,27,4099.603598546396,2
60,25,50,2,28,3545.916880838676,3
60,25,50,2,29,3791.619955554709,4
60,25,50,2,30,3949.1605695694366,0
60,25,50,2,31,3779.334221807873,1
60,25,50,2,32,4420.537854601495,2
60,25,50,2,33,3086.105332521547,3
60,25,50,2,34,4092.811652657014,4
60,25,50,2,35,4498.046629273768,0
60,25,50,2,36,4473.116738294107,1
60,25,50,2,37,4559.018239312011,2
60,25,50,2,38,3136.1736017808553,3
60,25,50,2,39,3974.0978440229073,4
60,25,50,2,40,3675.624648642477,0
60,25,50,2,41,4393.595825339142,1
60,25,50,2,42,4406.821793641431,2
60,25,50,2,43,3309.605784813257,3
60,25,50,2,44,3832.784372077094,4
60,25,50,2,45,3909.5010483456686,0
60,25,50,2,46,5407.054590612454,1
60,25,50,2,47,4200.23006305295,2
60,25,50,2,48,4000.412961357712,3
60,25,50,2,49,3850.2130370060313,4
60,25,50,2,50,3999.725698281931,0
60,25,50,3,1,4407.753978043723,1
60,25,50,3,2,4265.887212237676,2
60,25,50,3,3,3381.2973154740384,3
60,25,50,3,4,3947.80229372705,4
60,25,50,3,5,4041.798098746171,0
60,25,50,3,6,5472.653255351128,1
60,25,50,3,7,4184.736351604863,2
60,25,50,3,8,3819.3167658440993,3
60,25,50,3,9,3840.725389828574,4
60,25,50,3,10,3797.397282140071,0
60,25,50,3,11,3644.3611871610947,1
60,25,50,3,12,4445.972921859244,2
60,25,50,3,13,3187.5403124108143,3
60,25,50,3,14,4035.2082400350077,4
60,25,50,3,15,4491.30915108735,0
60,25,50,3,16,4386.480256625887,1
60,25,50,3,17,4439.445431001352,2
60,25,50,3,18,3136.274487033619,3
60,25,50,3,19,4092.209541201317,4
60,25,50,3,20,3700.3938198976384,0
60,25,50,3,21,4458.99983637436,1
60,25,50,3,22,4334.072959531193,2
60,25,50,3,23,3417.288450236877,3
60,25,50,3,24,4022.918456211115,4
60,25,50,3,25,4093.9815415818416,0
60,25,50,3,26,5698.057293860233,1
60,25,50,3,27,4099.603598546396,2
60,25,50,3,28,3545.916880838676,3
60,25,50,3,29,3791.619955554709,4
60,25,50,3,30,3949.1605695694366,0
60,25,50,3,31,3779.334221807873,1
60,25,50,3,32,4420.537854601495,2
60,25,50,3,33,3086.105332521547,3
60,25,50,3,34,4092.811652657014,4
60,25,50,3,35,4498.046629273768,0
60,25,50,3,36,4473.116738294107,1
60,25,50,3,37,4559.018239312011,2
60,25,50,3,38,3136.1736017808553,3
60,25,50,3,39,3974.0978440229073,4
60,25,50,3,40,3675.624648642477,0
60,25,50,3,41,4393.595825339142,1
60,25,50,3,42,4406.821793641431,2
60,25,50,3,43,3309.605784813257,3
60,25,50,3,44,3832.784372077094,4
60,25,50,3,45,3909.5010483456686,0
60,25,50,3,46,5407.054590612454,1
60,25,50,3,47,4200.23006305295,2
60,25,50,3,48,4000.412961357712,3
60,25,50,3,49,3850.2130370060313,4
60,25,50,3,50,3999.725698281931,0
60,25,50,4,1,4407.753978043723,1
60,25,50,4,2,4265.887212237676,2
60,25,50,4,3,3381.2973154740384,3
60,25,50,4,4,3947.80229372705,4
60,25,50,4,5,4041.798098746171,0
60,25,50,4,6,5472.653255351128,1
60,25,50,4,7,4184.736351604863,2
60,25,50,4,8,3819.3167658440993,3
60,25,50,4,9,3840.725389828574,4
60,25,50,4,10,3797.397282140071,0
60,25,50,4,11,3644.3611871610947,1
60,25,50,4,12,4445.972921859244,2
60,25,50,4,13,3187.5403124108143,3
60,25,50,4,14,4035.2082400350077,4
60,25,50,4,15,4491.30915108735,0
60,25,50,4,16,4386.480256625887,1
60,25,50,4,17,4439.445431001352,2
60,25,50,4,18,3136.274487033619,3
60,25,50,4,19,4092.209541201317,4
60,25,50,4,20,3700.3938198976384,0
60,25,50,4,21,4458.99983637436,1
60,25,50,4,22,4334.072959531193,2
60,25,50,4,23,3417.288450236877,3
60,25,50,4,24,4022.918456211115,4
60,25,50,4,25,4093.9815415818416,0
60,25,50,4,26,5698.057293860233,1
60,25,50,4,27,4099.603598546396,2
60,25,50,4,28,3545.916880838676,3
60,25,50,4,29,3791.619955554709,4
60,25,50,4,30,3949.1605695694366,0
60,25,50,4,31,3779.334221807873,1
60,25,50,4,32,4420.537854601495,2
60,25,50,4,33,3086.105332521547,3
60,25,50,4,34,4092.811652657014,4
60,25,50,4,35,4498.046629273768,0
60,25,50,4,36,4473.116738294107,1
60,25,50,4,37,4559.018239312011,2
60,25,50,4,38,3136.1736017808553,3
60,25,50,4,39,3974.0978440229073,4
60,25,50,4,40,3675.624648642477,0
60,25,50,4,41,4393.595825339142,1
60,25,50,4,42,4406.821793641431,2
60,25,50,4,43,3309.605784813257,3
60,25,50,4,44,3832.784372077094,4
60,25,50,4,45,3909.5010483456686,0
60,25,50,4,46,5407.054590612454,1
60,25,50,4,47,4200.23006305295,2
60,25,50,4,48,4000.412961357712,3
60,25,50,4,49,3850.2130370060313,4
60,25,50,4,50,3999.725698281931,0
60,25,50,5,1,4462.316099469168,1
60,25,50,5,2,4265.887212237676,2
60,25,50,5,3,3381.5305699119085,3
60,25,50,5,4,3975.9113118590535,4
60,25,50,5,5,3958.7007677467222,0
60,25,50,5,6,5472.653255351128,1
60,25,50,5,7,4184.736351604863,2
60,25,50,5,8,3819.3167658440993,3
60,25,50,5,9,3840.725389828574,4
60,25,50,5,10,3882.7368224661805,0
60,25,50,5,11,3650.2216986624553,1
60,25,50,5,12,4449.079814303926,2
60,25,50,5,13,3175.8771071747938,3
60,25,50,5,14,4076.0884344831525,4
60,25,50,5,15,4491.30915108735,0
60,25,50,5,16,4386.480256625887,1
60,25,50,5,17,4418.1270254000265,2
60,25,50,5,18,3136.274487033619,3
60,25,50,5,19,4131.11119800605,4
60,25,50,5,20,3651.2192509750953,0
60,25,50,5,21,4535.864098784225,1
60,25,50,5,22,4319.329812363249,2
60,25,50,5,23,3433.8444985635188,3
60,25,50,5,24,4024.409351243365,4
60,25,50,5,25,4134.857985958637,0
60,25,50,5,26,5653.1559729066375,1
60,25,50,5,27,4200.480067809509,2
60,25,50,5,28,3545.916880838676,3
60,25,50,5,29,3806.664558458114,4
60,25,50,5,30,4013.5813285640893,0
60,25,50,5,31,3730.761664339124,1
60,25,50,5,32,4432.462614813829,2
60,25,50,5,33,3097.7810213284115,3
60,25,50,5,34,4119.41837553987,4
60,25,50,5,35,4498.046629273768,0
60,25,50,5,36,4511.241813657032,1
60,25,50,5,37,4504.492101904526,2
60,25,50,5,38,3136.1736017808553,3
60,25,50,5,39,4020.859017028482,4
60,25,50,5,40,3696.0764710896324,0
60,25,50,5,41,4393.595825339142,1
60,25,50,5,42,4406.885978195932,2
60,25,50,5,43,3295.3342799520537,3
60,25,50,5,44,3811.7869725831924,4
60,25,50,5,45,4042.451561178865,0
60,25,50,5,46,5422.067126239083,1
60,25,50,5,47,4356.384784033181,2
60,25,50,5,48,4025.6149408474284,3
60,25,50,5,49,3896.2361793032587,4
60,25,50,5,50,3940.87041184193,0
60,50,10,0,1,4407.753978043723,1
60,50,10,0,2,4265.887212237676,2
60,50,10,0,3,3402.6332714092728,3
60,50,10,0,4,3978.1811550448065,4
60,50,10,0,5,4041.798098746171,0
60,50,10,0,6,5460.845930706444,1
60,50,10,0,7,4184.736351604863,2
60,50,10,0,8,3771.468305485264,3
60,50,10,0,9,3846.5409004737535,4
60,50,10,0,10,3857.065650716338,0
60,50,10,0,11,3644.3611871610947,1
60,50,10,0,12,4447.774839475637,2
60,50,10,0,13,3178.6582100877104,3
60,50,10,0,14,4035.2082400350077,4
60,50,10,0,15,4490.471835156681,0
60,50,10,0,16,4383.462782549135,1
60,50,10,0,17,4439.445431001352,2
60,50,10,0,18,3090.5384168648566,3
60,50,10,0,19,4062.2208039726784,4
60,50,10,0,20,3700.3938198976384,0
60,50,10,0,21,4458.99983637436,1
60,50,10,0,22,4334.072959531193,2
60,50,10,0,23,3417.288450236877,3
60,50,10,0,24,4024.4990362830335,4
60,50,10,0,25,4093.9815415818416,0
60,50,10,0,26,5697.416731672977,1
60,50,10,0,27,4185.971491771153,2
60,50,10,0,28,3545.916880838676,3
60,50,10,0,29,3784.456552598032,4
60,50,10,0,30,3942.1321525143167,0
60,50,10,0,31,3779.334221807873,1
60,50,10,0,32,4456.93324705569,2
60,50,10,0,33,3104.404947354401,3
60,50,10,0,34,4125.655377537624,4
60,50,10,0,35,4551.3593602618,0
60,50,10,0,36,4425.90924013014,1
60,50,10,0,37,4559.018239312011,2
60,50,10,0,38,3136.1736017808553,3
60,50,10,0,39,4238.041849121939,4
60,50,10,0,40,3675.624648642477,0
60,50,10,0,41,4393.595825339142,1
60,50,10,0,42,4406.821793641431,2
60,50,10,0,43,3310.5386192279148,3
60,50,10,0,44,3832.784372077094,4
60,50,10,0,45,3879.5277780779693,0
60,50,10,0,46,5376.827732186685,1
60,50,10,0,47,4200.23006305295,2
60,50,10,0,48,3963.243087501665,3
60,50,10,0,49,3850.2130370060313,4
60,50,10,0,50,3999.725698281931,0
60,50,10,1,1,4462.316099469168,1
60,50,10,1,2,4265.887212237676,2
60,50,10,1,3,3402.6332714092728,3
60,50,10,1,4,3978.1811550448065,4
60,50,10,1,5,3958.7007677467222,0
60,50,10,1,6,5494.799276698567,1
60,50,10,1,7,4184.736351604863,2
60,50,10,1,8,3770.4032685553375,3
60,50,10,1,9,3844.1508050000953,4
60,50,10,1,10,3857.065650716338,0
60,50,10,1,11,3650.2216986624553,1
60,50,10,1,12,4447.774839475637,2
60,50,10,1,13,3178.6582100877104,3
60,50,10,1,14,4076.0884344831525,4
60,50,10,1,15,4470.333985349797,0
60,50,10,1,16,4359.727480964249,1
60,50,10,1,17,4418.1270254000265,2
60,50,10,1,18,3126.8480410205666,3
60,50,10,1,19,4062.2208039726784,4
60,50,10,1,20,3651.2192509750953,0
60,50,10,1,21,4535.864098784225,1
60,50,10,1,22,4319.329812363249,2
60,50,10,1,23,3433.8444985635188,3
60,50,10,1,24,4024.4990362830335,4
60,50,10,1,25,4134.857985958637,0
60,50,10,1,26,5697.416731672977,1
60,50,10,1,27,4185.971491771153,2
60,50,10,1,28,3545.916880838676,3
60,50,10,1,29,3784.456552598032,4
60,50,10,1,30,3942.1321525143167,0
60,50,10,1,31,3730.761664339124,1
60,50,10,1,32,4456.93324705569,2
60,50,10,1,33,3104.404947354401,3
60,50,10,1,34,4125.655377537624,4
60,50,10,1,35,4529.603629673319,0
60,50,10,1,36,4425.90924013014,1
60,50,10,1,37,4504.492101904526,2
60,50,10,1,38,3136.1736017808553,3
60,50,10,1,39,4238.041849121939,4
60,50,10,1,40,3696.0764710896324,0
60,50,10,1,41,4393.595825339142,1
60,50,10,1,42,4406.885978195932,2
60,50,10,1,43,3310.5386192279148,3
60,50,10,1,44,3811.7869725831924,4
60,50,10,1,45,3879.5277780779693,0
60,50,10,1,46,5376.827732186685,1
60,50,10,1,47,4356.384784033181,2
60,50,10,1,48,3963.243087501665,3
60,50,10,1,49,3896.2361793032587,4
60,50,10,1,50,3940.87041184193,0
60,50,10,2,1,4407.753978043723,1
60,50,10,2,2,4265.887212237676,2
60,50,10,2,3,3402.6332714092728,3
60,50,10,2,4,3978.1811550448065,4
60,50,10,2,5,4041.798098746171,0
60,50,10,2,6,5460.845930706444,1
60,50,10,2,7,4184.736351604863,2
60,50,10,2,8,3771.468305485264,3
60,50,10,2,9,3846.5409004737535,4
60,50,10,2,10,3857.065650716338,0
60,50,10,2,11,3644.3611871610947,1
60,50,10,2,12,4447.774839475637,2
60,50,10,2,13,3178.6582100877104,3
60,50,10,2,14,4035.2082400350077,4
60,50,10,2,15,4490.471835156681,0
60,50,10,2,16,4383.462782549135,1
60,50,10,2,17,4439.445431001352,2
60,50,10,2,18,3090.5384168648566,3
60,50,10,2,19,4062.2208039726784,4
60,50,10,2,20,3700.3938198976384,0
60,50,10,2,21,4458.99983637436,1
60,50,10,2,22,4334.072959531193,2
60,50,10,2,23,3417.288450236877,3
60,50,10,2,24,4024.4990362830335,4
60,50,10,2,25,4093.9815415818416,0
60,50,10,2,26,5697.416731672977,1
60,50,10,2,27,4185.971491771153,2
60,50,10,2,28,3545.916880838676,3
60,50,10,2,29,3784.456552598032,4
60,50,10,2,30,3942.1321525143167,0
60,50,10,2,31,3779.334221807873,1
60,50,10,2,32,4456.93324705569,2
60,50,10,2,33,3104.404947354401,3
60,50,10,2,34,4125.655377537624,4
60,50,10,2,35,4551.3593602618,0
60,50,10,2,36,4425.90924013014,1
60,50,10,2,37,4559.018239312011,2
60,50,10,2,38,3136.1736017808553,3
60,50,10,2,39,4238.041849121939,4
60,50,10,2,40,3675.624648642477,0
60,50,10,2,41,4393.595825339142,1
60,50,10,2,42,4406.821793641431,2
60,50,10,2,43,3310.5386192279148,3
60,50,10,2,44,3832.784372077094,4
60,50,10,2,45,3879.5277780779693,0
60,50,10,2,46,5376.827732186685,1
60,50,10,2,47,4200.23006305295,2
60,50,10,2,48,3963.243087501665,3
60,50,10,2,49,3850.2130370060313,4
60,50,10,2,50,3999.725698281931,0
60,50,10,3,1,4407.753978043723,1
60,50,10,3,2,4265.887212237676,2
60,50,10,3,3,3402.6332714092728,3
60,50,10,3,4,3978.1811550448065,4
60,50,10,3,5,4041.798098746171,0
60,50,10,3,6,5460.845930706444,1
60,50,10,3,7,4184.736351604863,2
60,50,10,3,8,3771.468305485264,3
60,50,10,3,9,3846.5409004737535,4
60,50,10,3,10,3857.065650716338,0
60,50,10,3,11,3644.3611871610947,1
60,50,10,3,12,4447.774839475637,2
60,50,10,3,13,3178.6582100877104,3
60,50,10,3,14,4035.2082400350077,4
60,50,10,3,15,4490.471835156681,0
60,50,10,3,16,4383.462782549135,1
60,50,10,3,17,4439.445431001352,2
60,50,10,3,18,3090.5384168648566,3
60,50,10,3,19,4062.2208039726784,4
60,50,10,3,20,3700.3938198976384,0
60,50,10,3,21,4458.99983637436,1
60,50,10,3,22,4334.072959531193,2
60,50,10,3,23,3417.288450236877,3
60,50,10,3,24,4024.4990362830335,4
60,50,10,3,25,4093.9815415818416,0
60,50,10,3,26,5697.416731672977,1
60,50,10,3,27,4185.971491771153,2
60,50,10,3,28,3545.916880838676,3
60,50,10,3,29,3784.456552598032,4
60,50,10,3,30,3942.1321525143167,0
60,50,10,3,31,3779.334221807873,1
60,50,10,3,32,4456.93324705569,2
60,50,10,3,33,3104.404947354401,3
60,50,10,3,34,4125.655377537624,4
60,50,10,3,35,4551.3593602618,0
60,50,10,3,36,4425.90924013014,1
60,50,10,3,37,4559.018239312011,2
60,50,10,3,38,3136.1736017808553,3
60,50,10,3,39,4238.041849121939,4
60,50,10,3,40,3675.624648642477,0
60,50,10,3,41,4393.595825339142,1
60,50,10,3,42,4406.821793641431,2
60,50,10,3,43,3310.5386192279148,3
60,50,10,3,44,3832.784372077094,4
60,50,10,3,45,3879.5277780779693,0
60,50,10,3,46,5376.827732186685,1
60,50,10,3,47,4200.23006305295,2
60,50,10,3,48,3963.243087501665,3
60,50,10,3,49,3850.2130370060313,4
60,50,10,3,50,3999.725698281931,0
60,50,10,4,1,4407.753978043723,1
60,50,10,4,2,4265.887212237676,2
60,50,10,4,3,3402.6332714092728,3
60,50,10,4,4,3978.1811550448065,4
60,50,10,4,5,4041.798098746171,0
60,50,10,4,6,5460.845930706444,1
60,50,10,4,7,4184.736351604863,2
60,50,10,4,8,3771.468305485264,3
60,50,10,4,9,3846.5409004737535,4
60,50,10,4,10,3857.065650716338,0
60,50,10,4,11,3644.3611871610947,1
60,50,10,4,12,4447.774839475637,2
60,50,10,4,13,3178.6582100877104,3
60,50,10,4,14,4035.2082400350077,4
60,50,10,4,15,4490.471835156681,0
60,50,10,4,16,4383.462782549135,1
60,50,10,4,17,4439.445431001352,2
60,50,10,4,18,3090.5384168648566,3
60,50,10,4,19,4062.2208039726784,4
60,50,10,4,20,3700.3938198976384,0
60,50,10,4,21,4458.99983637436,1
60,50,10,4,22,4334.072959531193,2
60,50,10,4,23,3417.288450236877,3
60,50,10,4,24,4024.4990362830335,4
60,50,10,4,25,4093.9815415818416,0
60,50,10,4,26,5697.416731672977,1
60,50,10,4,27,4185.971491771153,2
60,50,10,4,28,3545.916880838676,3
60,50,10,4,29,3784.456552598032,4
60,50,10,4,30,3942.1321525143167,0
60,50,10,4,31,3779.334221807873,1
60,50,10,4,32,4456.93324705569,2
60,50,10,4,33,3104.404947354401,3
60,50,10,4,34,4125.655377537624,4
60,50,10,4,35,4551.3593602618,0
60,50,10,4,36,4425.90924013014,1
60,50,10,4,37,4559.018239312011,2
60,50,10,4,38,3136.1736017808553,3
60,50,10,4,39,4238.041849121939,4
60,50,10,4,40,3675.624648642477,0
60,50,10,4,41,4393.595825339142,1
60,50,10,4,42,4406.821793641431,2
60,50,10,4,43,3310.5386192279148,3
60,50,10,4,44,3832.784372077094,4
60,50,10,4,45,3879.5277780779693,0
60,50,10,4,46,5376.827732186685,1
60,50,10,4,47,4200.23006305295,2
60,50,10,4,48,3963.243087501665,3
60,50,10,4,49,3850.2130370060313,4
60,50,10,4,50,3999.725698281931,0
60,50,10,5,1,4462.316099469168,1
60,50,10,5,2,4265.887212237676,2
60,50,10,5,3,3402.6332714092728,3
60,50,10,5,4,3978.1811550448065,4
60,50,10,5,5,3958.7007677467222,0
60,50,10,5,6,5494.799276698567,1
60,50,10,5,7,4184.736351604863,2
60,50,10,5,8,3770.4032685553375,3
60,50,10,5,9,3844.1508050000953,4
60,50,10,5,10,3857.065650716338,0
60,50,10,5,11,3650.2216986624553,1
60,50,10,5,12,4447.774839475637,2
60,50,10,5,13,3178.6582100877104,3
60,50,10,5,14,4076.0884344831525,4
60,50,10,5,15,4470.333985349797,0
60,50,10,5,16,4359.727480964249,1
60,50,10,5,17,4418.1270254000265,2
60,50,10,5,18,3126.8480410205666,3
60,50,10,5,19,4062.2208039726784,4
60,50,10,5,20,3651.2192509750953,0
60,50,10,5,21,4535.864098784225,1
60,50,10,5,22,4319.329812363249,2
60,50,10,5,23,3433.8444985635188,3
60,50,10,5,24,4024.4990362830335,4
60,50,10,5,25,4134.857985958637,0
60,50,10,5,26,5697.416731672977,1
60,50,10,5,27,4185.971491771153,2
60,50,10,5,28,3545.916880838676,3
60,50,10,5,29,3784.456552598032,4
60,50,10,5,30,3942.1321525143167,0
60,50,10,5,31,3730.761664339124,1
60,50,10,5,32,4456.93324705569,2
60,50,10,5,33,3104.404947354401,3
60,50,10,5,34,4125.655377537624,4
60,50,10,5,35,4529.603629673319,0
60,50,10,5,36,4425.90924013014,1
60,50,10,5,37,4504.492101904526,2
60,50,10,5,38,3136.1736017808553,3
60,50,10,5,39,4238.041849121939,4
60,50,10,5,40,3696.0764710896324,0
60,50,10,5,41,4393.595825339142,1
60,50,10,5,42,4406.885978195932,2
60,50,10,5,43,3310.5386192279148,3
60,50,10,5,44,3811.7869725831924,4
60,50,10,5,45,3879.5277780779693,0
60,50,10,5,46,5376.827732186685,1
60,50,10,5,47,4356.384784033181,2
60,50,10,5,48,3963.243087501665,3
60,50,10,5,49,3896.2361793032587,4
60,50,10,5,50,3940.87041184193,0
60,50,30,0,1,4407.753978043723,1
60,50,30,0,2,4265.887212237676,2
60,50,30,0,3,3402.6332714092728,3
60,50,30,0,4,3978.1811550448065,4
60,50,30,0,5,4041.798098746171,0
60,50,30,0,6,5460.845930706444,1
60,50,30,0,7,4184.736351604863,2
60,50,30,0,8,3771.468305485264,3
60,50,30,0,9,3846.5409004737535,4
60,50,30,0,10,3857.065650716338,0
60,50,30,0,11,3644.3611871610947,1
60,50,30,0,12,4447.774839475637,2
60,50,30,0,13,3178.6582100877104,3
60,50,30,0,14,4035.2082400350077,4
60,50,30,0,15,4490.471835156681,0
60,50,30,0,16,4383.462782549135,1
60,50,30,0,17,4439.445431001352,2
60,50,30,0,18,3090.5384168648566,3
60,50,30,0,19,4062.2208039726784,4
60,50,30,0,20,3700.3938198976384,0
60,50,30,0,21,4458.99983637436,1
60,50,30,0,22,4334.072959531193,2
60,50,30,0,23,3417.288450236877,3
60,50,30,0,24,4024.4990362830335,4
60,50,30,0,25,4093.9815415818416,0
60,50,30,0,26,5697.416731672977,1
60,50,30,0,27,4185.971491771153,2
60,50,30,0,28,3545.916880838676,3
60,50,30,0,29,3784.456552598032,4
60,50,30,0,30,3942.1321525143167,0
60,50,30,0,31,3779.334221807873,1
60,50,30,0,32,4456.93324705569,2
60,50,30,0,33,3104.404947354401,3
60,50,30,0,34,4125.655377537624,4
60,50,30,0,35,4551.3593602618,0
60,50,30,0,36,4425.90924013014,1
60,50,30,0,37,4559.018239312011,2
60,50,30,0,38,3136.1736017808553,3
60,50,30,0,39,4238.041849121939,4
60,50,30,0,40,3675.624648642477,0
60,50,30,0,41,4393.595825339142,1
60,50,30,0,42,4406.821793641431,2
60,50,30,0,43,3310.5386192279148,3
60,50,30,0,44,3832.784372077094,4
60,50,30,0,45,3879.5277780779693,0
60,50,30,0,46,5376.827732186685,1
60,50,30,0,47,4200.23006305295,2
60,50,30,0,48,3963.243087501665,3
60,50,30,0,49,3850.2130370060313,4
60,50,30,0,50,3999.725698281931,0
60,50,30,1,1,4462.316099469168,1
60,50,30,1,2,4265.887212237676,2
60,50,30,1,3,3402.6332714092728,3
60,50,30,1,4,3978.1811550448065,4
60,50,30,1,5,3958.7007677467222,0
60,50,30,1,6,5494.799276698567,1
60,50,30,1,7,4184.736351604863,2
60,50,30,1,8,3770.4032685553375,3
60,50,30,1,9,3844.1508050000953,4
60,50,30,1,10,3857.065650716338,0
60,50,30,1,11,3650.2216986624553,1
60,50,30,1,12,4447.774839475637,2
60,50,30,1,13,3178.6582100877104,3
60,50,30,1,14,4076.0884344831525,4
60,50,30,1,15,4470.333985349797,0
60,50,30,1,16,4359.727480964249,1
60,50,30,1,17,4418.1270254000265,2
60,50,30,1,18,3126.8480410205666,3
60,50,30,1,19,4062.2208039726784,4
60,50,30,1,20,3651.2192509750953,0
60,50,30,1,21,4535.864098784225,1
60,50,30,1,22,4319.329812363249,2
60,50,30,1,23,3433.8444985635188,3
60,50,30,1,24,4024.4990362830335,4
60,50,30,1,25,4134.857985958637,0
60,50,30,1,26,5697.416731672977,1
60,50,30,1,27,4185.971491771153,2
60,50,30,1,28,3545.916880838676,3
60,50,30,1,29,3784.456552598032,4
60,50,30,1,30,3942.1321525143167,0
60,50,30,1,31,3730.761664339124,1
60,50,30,1,32,4456.93324705569,2
60,50,30,1,33,3104.404947354401,3
60,50,30,1,34,4125.655377537624,4
60,50,30,1,35,4529.603629673319,0
60,50,30,1,36,4425.90924013014,1
60,50,30,1,37,4504.492101904526,2
60,50,30,1,38,3136.1736017808553,3
60,50,30,1,39,4238.041849121939,4
60,50,30,1,40,3696.0764710896324,0
60,50,30,1,41,4393.595825339142,1
60,50,30,1,42,4406.885978195932,2
60,50,30,1,43,3310.5386192279148,3
60,50,30,1,44,3811.7869725831924,4
60,50,30,1,45,3879.5277780779693,0
60,50,30,1,46,5376.827732186685,1
60,50,30,1,47,4356.384784033181,2
60,50,30,1,48,3963.243087501665,3
60,50,30,1,49,3896.2361793032587,4
60,50,30,1,50,3940.87041184193,0
60,50,30,2,1,4407.753978043723,1
60,50,30,2,2,4265.887212237676,2
60,50,30,2,3,3402.6332714092728,3
60,50,30,2,4,3978.1811550448065,4
60,50,30,2,5,4041.798098746171,0
60,50,30,2,6,5460.845930706444,1
60,50,30,2,7,4184.736351604863,2
60,50,30,2,8,3771.468305485264,3
60,50,30,2,9,3846.5409004737535,4
60,50,30,2,10,3857.065650716338,0
60,50,30,2,11,3644.3611871610947,1
60,50,30,2,12,4447.774839475637,2
60,50,30,2,13,3178.6582100877104,3
60,50,30,2,14,4035.2082400350077,4
60,50,30,2,15,4490.471835156681,0
60,50,30,2,16,4383.462782549135,1
60,50,30,2,17,4439.445431001352,2
60,50,30,2,18,3090.5384168648566,3
60,50,30,2,19,4062.2208039726784,4
60,50,30,2,20,3700.3938198976384,0
60,50,30,2,21,4458.99983637436,1
60,50,30,2,22,4334.072959531193,2
60,50,30,2,23,3417.288450236877,3
60,50,30,2,24,4024.4990362830335,4
60,50,30,2,25,4093.9815415818416,0
60,50,30,2,26,5697.416731672977,1
60,50,30,2,27,4185.971491771153,2
60,50,30,2,28,3545.916880838676,3
60,50,30,2,29,3784.456552598032,4
60,50,30,2,30,3942.1321525143167,0
60,50,30,2,31,3779.334221807873,1
60,50,30,2,32,4456.93324705569,2
60,50,30,2,33,3104.404947354401,3
60,50,30,2,34,4125.655377537624,4
60,50,30,2,35,4551.3593602618,0
60,50,30,2,36,4425.90924013014,1
60,50,30,2,37,4559.018239312011,2
60,50,30,2,38,3136.1736017808553,3
60,50,30,2,39,4238.041849121939,4
60,50,30,2,40,3675.624648642477,0
60,50,30,2,41,4393.595825339142,1
60,50,30,2,42,4406.821793641431,2
60,50,30,2,43,3310.5386192279148,3
60,50,30,2,44,3832.784372077094,4
60,50,30,2,45,3879.5277780779693,0
60,50,30,2,46,5376.827732186685,1
60,50,30,2,47,4200.23006305295,2
60,50,30,2,48,3963.243087501665,3
60,50,30,2,49,3850.2130370060313,4
60,50,30,2,50,3999.725698281931,0
60,50,30,3,1,4407.753978043723,1
60,50,30,3,2,4265.887212237676,2
60,50,30,3,3,3402.6332714092728,3
60,50,30,3,4,3978.1811550448065,4
60,50,30,3,5,4041.798098746171,0
60,50,30,3,6,5460.845930706444,1
60,50,30,3,7,4184.736351604863,2
60,50,30,3,8,3771.468305485264,3
60,50,30,3,9,3846.5409004737535,4
60,50,30,3,10,3857.065650716338,0
60,50,30,3,11,3644.3611871610947,1
60,50,30,3,12,4447.774839475637,2
60,50,30,3,13,3178.6582100877104,3
60,50,30,3,14,4035.2082400350077,4
60,50,30,3,15,4490.471835156681,0
60,50,30,3,16,4383.462782549135,1
60,50,30,3,17,4439.445431001352,2
60,50,30,3,18,3090.5384168648566,3
60,50,30,3,19,4062.2208039726784,4
60,50,30,3,20,3700.3938198976384,0
60,50,30,3,21,4458.99983637436,1
60,50,30,3,22,4334.072959531193,2
60,50,30,3,23,3417.288450236877,3
60,50,30,3,24,4024.4990362830335,4
60,50,30,3,25,4093.9815415818416,0
60,50,30,3,26,5697.416731672977,1
60,50,30,3,27,4185.971491771153,2
60,50,30,3,28,3545.916880838676,3
60,50,30,3,29,3784.456552598032,4
60,50,30,3,30,3942.1321525143167,0
60,50,30,3,31,3779.334221807873,1
60,50,30,3,32,4456.93324705569,2
60,50,30,3,33,3104.404947354401,3
60,50,30,3,34,4125.655377537624,4
60,50,30,3,35,4551.3593602618,0
60,50,30,3,36,4425.90924013014,1
60,50,30,3,37,4559.018239312011,2
60,50,30,3,38,3136.1736017808553,3
60,50,30,3,39,4238.041849121939,4
60,50,30,3,40,3675.624648642477,0
60,50,30,3,41,4393.595825339142,1
60,50,30,3,42,4406.821793641431,2
60,50,30,3,43,3310.5386192279148,3
60,50,30,3,44,3832.784372077094,4
60,50,30,3,45,3879.5277780779693,0
60,50,30,3,46,5376.827732186685,1
60,50,30,3,47,4200.23006305295,2
60,50,30,3,48,3963.243087501665,3
60,50,30,3,49,3850.2130370060313,4
60,50,30,3,50,3999.725698281931,0
60,50,30,4,1,4407.753978043723,1
60,50,30,4,2,4265.887212237676,2
60,50,30,4,3,3402.6332714092728,3
60,50,30,4,4,3978.1811550448065,4
60,50,30,4,5,4041.798098746171,0
60,50,30,4,6,5460.845930706444,1
60,50,30,4,7,4184.736351604863,2
60,50,30,4,8,3771.468305485264,3
60,50,30,4,9,3846.5409004737535,4
60,50,30,4,10,3857.065650716338,0
60,50,30,4,11,3644.3611871610947,1
60,50,30,4,12,4447.774839475637,2
60,50,30,4,13,3178.6582100877104,3
60,50,30,4,14,4035.2082400350077,4
60,50,30,4,15,4490.471835156681,0
60,50,30,4,16,4383.462782549135,1
60,50,30,4,17,4439.445431001352,2
60,50,30,4,18,3090.5384168648566,3
60,50,30,4,19,4062.2208039726784,4
60,50,30,4,20,3700.3938198976384,0
60,50,30,4,21,4458.99983637436,1
60,50,30,4,22,4334.072959531193,2
60,50,30,4,23,3417.288450236877,3
60,50,30,4,24,4024.4990362830335,4
60,50,30,4,25,4093.9815415818416,0
60,50,30,4,26,5697.416731672977,1
60,50,30,4,27,4185.971491771153,2
60,50,30,4,28,3545.916880838676,3
60,50,30,4,29,3784.456552598032,4
60,50,30,4,30,3942.1321525143167,0
60,50,30,4,31,3779.334221807873,1
60,50,30,4,32,4456.93324705569,2
60,50,30,4,33,3104.404947354401,3
60,50,30,4,34,4125.655377537624,4
60,50,30,4,35,4551.3593602618,0
60,50,30,4,36,4425.90924013014,1
60,50,30,4,37,4559.018239312011,2
60,50,30,4,38,3136.1736017808553,3
60,50,30,4,39,4238.041849121939,4
60,50,30,4,40,3675.624648642477,0
60,50,30,4,41,4393.595825339142,1
60,50,30,4,42,4406.821793641431,2
60,50,30,4,43,3310.5386192279148,3
60,50,30,4,44,3832.784372077094,4
60,50,30,4,45,3879.5277780779693,0
60,50,30,4,46,5376.827732186685,1
60,50,30,4,47,4200.23006305295,2
60,50,30,4,48,3963.243087501665,3
60,50,30,4,49,3850.2130370060313,4
60,50,30,4,50,3999.725698281931,0
60,50,30,5,1,4462.316099469168,1
60,50,30,5,2,4265.887212237676,2
60,50,30,5,3,3402.6332714092728,3
60,50,30,5,4,3978.1811550448065,4
60,50,30,5,5,3958.7007677467222,0
60,50,30,5,6,5494.799276698567,1
60,50,30,5,7,4184.736351604863,2
60,50,30,5,8,3770.4032685553375,3
60,50,30,5,9,3844.1508050000953,4
60,50,30,5,10,3857.065650716338,0
60,50,30,5,11,3650.2216986624553,1
60,50,30,5,12,4447.774839475637,2
60,50,30,5,13,3178.6582100877104,3
60,50,30,5,14,4076.0884344831525,4
60,50,30,5,15,4470.333985349797,0
60,50,30,5,16,4359.727480964249,1
60,50,30,5,17,4418.1270254000265,2
60,50,30,5,18,3126.8480410205666,3
60,50,30,5,19,4062.2208039726784,4
60,50,30,5,20,3651.2192509750953,0
60,50,30,5,21,4535.864098784225,1
60,50,30,5,22,4319.329812363249,2
60,50,30,5,23,3433.8444985635188,3
60,50,30,5,24,4024.4990362830335,4
60,50,30,5,25,4134.857985958637,0
60,50,30,5,26,5697.416731672977,1
60,50,30,5,27,4185.971491771153,2
60,50,30,5,28,3545.916880838676,3
60,50,30,5,29,3784.456552598032,4
60,50,30,5,30,3942.1321525143167,0
60,50,30,5,31,3730.761664339124,1
60,50,30,5,32,4456.93324705569,2
60,50,30,5,33,3104.404947354401,3
60,50,30,5,34,4125.655377537624,4
60,50,30,5,35,4529.603629673319,0
60,50,30,5,36,4425.90924013014,1
60,50,30,5,37,4504.492101904526,2
60,50,30,5,38,3136.1736017808553,3
60,50,30,5,39,4238.041849121939,4
60,50,30,5,40,3696.0764710896324,0
60,50,30,5,41,4393.595825339142,1
60,50,30,5,42,4406.885978195932,2
60,50,30,5,43,3310.5386192279148,3
60,50,30,5,44,3811.7869725831924,4
60,50,30,5,45,3879.5277780779693,0
60,50,30,5,46,5376.827732186685,1
60,50,30,5,47,4356.384784033181,2
60,50,30,5,48,3963.243087501665,3
60,50,30,5,49,3896.2361793032587,4
60,50,30,5,50,3940.87041184193,0
60,50,50,0,1,4407.753978043723,1
60,50,50,0,2,4265.887212237676,2
60,50,50,0,3,3402.6332714092728,3
60,50,50,0,4,3978.1811550448065,4
60,50,50,0,5,4041.798098746171,0
60,50,50,0,6,5460.845930706444,1
60,50,50,0,7,4184.736351604863,2
60,50,50,0,8,3771.468305485264,3
60,50,50,0,9,3846.5409004737535,4
60,50,50,0,10,3857.065650716338,0
60,50,50,0,11,3644.3611871610947,1
60,50,50,0,12,4447.774839475637,2
60,50,50,0,13,3178.6582100877104,3
60,50,50,0,14,4035.2082400350077,4
60,50,50,0,15,4490.471835156681,0
60,50,50,0,16,4383.462782549135,1
60,50,50,0,17,4439.445431001352,2
60,50,50,0,18,3090.5384168648566,3
60,50,50,0,19,4062.2208039726784,4
60,50,50,0,20,3700.3938198976384,0
60,50,50,0,21,4458.99983637436,1
60,50,50,0,22,4334.072959531193,2
60,50,50,0,23,3417.288450236877,3
60,50,50,0,24,4024.4990362830335,4
60,50,50,0,25,4093.9815415818416,0
60,50,50,0,26,5697.416731672977,1
60,50,50,0,27,4185.971491771153,2
60,50,50,0,28,3545.916880838676,3
60,50,50,0,29,3784.456552598032,4
60,50,50,0,30,3942.1321525143167,0
60,50,50,0,31,3779.334221807873,1
60,50,50,0,32,4456.93324705569,2
60,50,50,0,33,3104.404947354401,3
60,50,50,0,34,4125.655377537624,4
60,50,50,0,35,4551.3593602618,0
60,50,50,0,36,4425.90924013014,1
60,50,50,0,37,4559.018239312011,2
60,50,50,0,38,3136.1736017808553,3
60,50,50,0,39,4238.041849121939,4
60,50,50,0,40,3675.624648642477,0
60,50,50,0,41,4393.595825339142,1
60,50,50,0,42,4406.821793641431,2
60,50,50,0,43,3310.5386192279148,3
60,50,50,0,44,3832.784372077094,4
60,50,50,0,45,3879.5277780779693,0
60,50,50,0,46,5376.827732186685,1
60,50,50,0,47,4200.23006305295,2
60,50,50,0,48,3963.243087501665,3
60,50,50,0,49,3850.2130370060313,4
60,50,50,0,50,3999.725698281931,0
60,50,50,1,1,4462.316099469168,1
60,50,50,1,2,4265.887212237676,2
60,50,50,1,3,3402.6332714092728,3
60,50,50,1,4,3978.1811550448065,4
60,50,50,1,5,3958.7007677467222,0
60,50,50,1,6,5494.799276698567,1
60,50,50,1,7,4184.736351604863,2
60,50,50,1,8,3770.4032685553375,3
60,50,50,1,9,3844.1508050000953,4
60,50,50,1,10,3857.065650716338,0
60,50,50,1,11,3650.2216986624553,1
60,50,50,1,12,4447.774839475637,2
60,50,50,1,13,3178.6582100877104,3
60,50,50,1,14,4076.0884344831525,4
60,50,50,1,15,4470.333985349797,0
60,50,50,1,16,4359.727480964249,1
60,50,50,1,17,4418.1270254000265,2
60,50,50,1,18,3126.8480410205666,3
60,50,50,1,19,4062.2208039726784,4
60,50,50,1,20,3651.2192509750953,0
60,50,50,1,21,4535.864098784225,1
60,50,50,1,22,4319.329812363249,2
60,50,50,1,23,3433.8444985635188,3
60,50,50,1,24,4024.4990362830335,4
60,50,50,1,25,4134.857985958637,0
60,50,50,1,26,5697.416731672977,1
60,50,50,1,27,4185.971491771153,2
60,50,50,1,28,3545.916880838676,3
60,50,50,1,29,3784.456552598032,4
60,50,50,1,30,3942.1321525143167,0
60,50,50,1,31,3730.761664339124,1
60,50,50,1,32,4456.93324705569,2
60,50,50,1,33,3104.404947354401,3
60,50,50,1,34,4125.655377537624,4
60,50,50,1,35,4529.603629673319,0
60,50,50,1,36,4425.90924013014,1
60,50,50,1,37,4504.492101904526,2
60,50,50,1,38,3136.1736017808553,3
60,50,50,1,39,4238.041849121939,4
60,50,50,1,40,3696.0764710896324,0
60,50,50,1,41,4393.595825339142,1
60,50,50,1,42,4406.885978195932,2
60,50,50,1,43,3310.5386192279148,3
60,50,50,1,44,3811.7869725831924,4
60,50,50,1,45,3879.5277780779693,0
60,50,50,1,46,5376.827732186685,1
60,50,50,1,47,4356.384784033181,2
60,50,50,1,48,3963.243087501665,3
60,50,50,1,49,3896.2361793032587,4
60,50,50,1,50,3940.87041184193,0
60,50,50,2,1,4407.753978043723,1
60,50,50,2,2,4265.887212237676,2
60,50,50,2,3,3402.6332714092728,3
60,50,50,2,4,3978.1811550448065,4
60,50,50,2,5,4041.798098746171,0
60,50,50,2,6,5460.845930706444,1
60,50,50,2,7,4184.736351604863,2
60,50,50,2,8,3771.468305485264,3
60,50,50,2,9,3846.5409004737535,4
60,50,50,2,10,3857.065650716338,0
60,50,50,2,11,3644.3611871610947,1
60,50,50,2,12,4447.774839475637,2
60,50,50,2,13,3178.6582100877104,3
60,50,50,2,14,4035.2082400350077,4
60,50,50,2,15,4490.471835156681,0
60,50,50,2,16,4383.462782549135,1
60,50,50,2,17,4439.445431001352,2
60,50,50,2,18,3090.5384168648566,3
60,50,50,2,19,4062.2208039726784,4
60,50,50,2,20,3700.3938198976384,0
60,50,50,2,21,4458.99983637436,1
60,50,50,2,22,4334.072959531193,2
60,50,50,2,23,3417.288450236877,3
60,50,50,2,24,4024.4990362830335,4
60,50,50,2,25,4093.9815415818416,0
60,50,50,2,26,5697.416731672977,1
60,50,50,2,27,4185.971491771153,2
60,50,50,2,28,3545.916880838676,3
60,50,50,2,29,3784.456552598032,4
60,50,50,2,30,3942.1321525143167,0
60,50,50,2,31,3779.334221807873,1
60,50,50,2,32,4456.93324705569,2
60,50,50,2,33,3104.404947354401,3
60,50,50,2,34,4125.655377537624,4
60,50,50,2,35,4551.3593602618,0
60,50,50,2,36,4425.90924013014,1
60,50,50,2,37,4559.018239312011,2
60,50,50,2,38,3136.1736017808553,3
60,50,50,2,39,4238.041849121939,4
60,50,50,2,40,3675.624648642477,0
60,50,50,2,41,4393.595825339142,1
60,50,50,2,42,4406.821793641431,2
60,50,50,2,43,3310.5386192279148,3
60,50,50,2,44,3832.784372077094,4
60,50,50,2,45,3879.5277780779693,0
60,50,50,2,46,5376.827732186685,1
60,50,50,2,47,4200.23006305295,2
60,50,50,2,48,3963.243087501665,3
60,50,50,2,49,3850.2130370060313,4
60,50,50,2,50,3999.725698281931,0
60,50,50,3,1,4407.753978043723,1
60,50,50,3,2,4265.887212237676,2
60,50,50,3,3,3402.6332714092728,3
60,50,50,3,4,3978.1811550448065,4
60,50,50,3,5,4041.798098746171,0
60,50,50,3,6,5460.845930706444,1
60,50,50,3,7,4184.736351604863,2
60,50,50,3,8,3771.468305485264,3
60,50,50,3,9,3846.5409004737535,4
60,50,50,3,10,3857.065650716338,0
60,50,50,3,11,3644.3611871610947,1
60,50,50,3,12,4447.774839475637,2
60,50,50,3,13,3178.6582100877104,3
60,50,50,3,14,4035.2082400350077,4
60,50,50,3,15,4490.471835156681,0
60,50,50,3,16,4383.462782549135,1
60,50,50,3,17,4439.445431001352,2
60,50,50,3,18,3090.5384168648566,3
60,50,50,3,19,4062.2208039726784,4
60,50,50,3,20,3700.3938198976384,0
60,50,50,3,21,4458.99983637436,1
60,50,50,3,22,4334.072959531193,2
60,50,50,3,23,3417.288450236877,3
60,50,50,3,24,4024.4990362830335,4
60,50,50,3,25,4093.9815415818416,0
60,50,50,3,26,5697.416731672977,1
60,50,50,3,27,4185.971491771153,2
60,50,50,3,28,3545.916880838676,3
60,50,50,3,29,3784.456552598032,4
60,50,50,3,30,3942.1321525143167,0
60,50,50,3,31,3779.334221807873,1
60,50,50,3,32,4456.93324705569,2
60,50,50,3,33,3104.404947354401,3
60,50,50,3,34,4125.655377537624,4
60,50,50,3,35,4551.3593602618,0
60,50,50,3,36,4425.90924013014,1
60,50,50,3,37,4559.018239312011,2
60,50,50,3,38,3136.1736017808553,3
60,50,50,3,39,4238.041849121939,4
60,50,50,3,40,3675.624648642477,0
60,50,50,3,41,4393.595825339142,1
60,50,50,3,42,4406.821793641431,2
60,50,50,3,43,3310.5386192279148,3
60,50,50,3,44,3832.784372077094,4
60,50,50,3,45,3879.5277780779693,0
60,50,50,3,46,5376.827732186685,1
60,50,50,3,47,4200.23006305295,2
60,50,50,3,48,3963.243087501665,3
60,50,50,3,49,3850.2130370060313,4
60,50,50,3,50,3999.725698281931,0
60,50,50,4,1,4407.753978043723,1
60,50,50,4,2,4265.887212237676,2
60,50,50,4,3,3402.6332714092728,3
60,50,50,4,4,3978.1811550448065,4
60,50,50,4,5,4041.798098746171,0
60,50,50,4,6,5460.845930706444,1
60,50,50,4,7,4184.736351604863,2
60,50,50,4,8,3771.468305485264,3
60,50,50,4,9,3846.5409004737535,4
60,50,50,4,10,3857.065650716338,0
60,50,50,4,11,3644.3611871610947,1
60,50,50,4,12,4447.774839475637,2
60,50,50,4,13,3178.6582100877104,3
60,50,50,4,14,4035.2082400350077,4
60,50,50,4,15,4490.471835156681,0
60,50,50,4,16,4383.462782549135,1
60,50,50,4,17,4439.445431001352,2
60,50,50,4,18,3090.5384168648566,3
60,50,50,4,19,4062.2208039726784,4
60,50,50,4,20,3700.3938198976384,0
60,50,50,4,21,4458.99983637436,1
60,50,50,4,22,4334.072959531193,2
60,50,50,4,23,3417.288450236877,3
60,50,50,4,24,4024.4990362830335,4
60,50,50,4,25,4093.9815415818416,0
60,50,50,4,26,5697.416731672977,1
60,50,50,4,27,4185.971491771153,2
60,50,50,4,28,3545.916880838676,3
60,50,50,4,29,3784.456552598032,4
60,50,50,4,30,3942.1321525143167,0
60,50,50,4,31,3779.334221807873,1
60,50,50,4,32,4456.93324705569,2
60,50,50,4,33,3104.404947354401,3
60,50,50,4,34,4125.655377537624,4
60,50,50,4,35,4551.3593602618,0
60,50,50,4,36,4425.90924013014,1
60,50,50,4,37,4559.018239312011,2
60,50,50,4,38,3136.1736017808553,3
60,50,50,4,39,4238.041849121939,4
60,50,50,4,40,3675.624648642477,0
60,50,50,4,41,4393.595825339142,1
60,50,50,4,42,4406.821793641431,2
60,50,50,4,43,3310.5386192279148,3
60,50,50,4,44,3832.784372077094,4
60,50,50,4,45,3879.5277780779693,0
60,50,50,4,46,5376.827732186685,1
60,50,50,4,47,4200.23006305295,2
60,50,50,4,48,3963.243087501665,3
60,50,50,4,49,3850.2130370060313,4
60,50,50,4,50,3999.725698281931,0
60,50,50,5,1,4462.316099469168,1
60,50,50,5,2,4265.887212237676,2
60,50,50,5,3,3402.6332714092728,3
60,50,50,5,4,3978.1811550448065,4
60,50,50,5,5,3958.7007677467222,0
60,50,50,5,6,5494.799276698567,1
60,50,50,5,7,4184.736351604863,2
60,50,50,5,8,3770.4032685553375,3
60,50,50,5,9,3844.1508050000953,4
60,50,50,5,10,3857.065650716338,0
60,50,50,5,11,3650.2216986624553,1
60,50,50,5,12,4447.774839475637,2
60,50,50,5,13,3178.6582100877104,3
60,50,50,5,14,4076.0884344831525,4
60,50,50,5,15,4470.333985349797,0
60,50,50,5,16,4359.727480964249,1
60,50,50,5,17,4418.1270254000265,2
60,50,50,5,18,3126.8480410205666,3
60,50,50,5,19,4062.2208039726784,4
60,50,50,5,20,3651.2192509750953,0
60,50,50,5,21,4535.864098784225,1
60,50,50,5,22,4319.329812363249,2
60,50,50,5,23,3433.8444985635188,3
60,50,50,5,24,4024.4990362830335,4
60,50,50,5,25,4134.857985958637,0
60,50,50,5,26,5697.416731672977,1
60,50,50,5,27,4185.971491771153,2
60,50,50,5,28,3545.916880838676,3
60,50,50,5,29,3784.456552598032,4
60,50,50,5,30,3942.1321525143167,0
60,50,50,5,31,3730.761664339124,1
60,50,50,5,32,4456.93324705569,2
60,50,50,5,33,3104.404947354401,3
60,50,50,5,34,4125.655377537624,4
60,50,50,5,35,4529.603629673319,0
60,50,50,5,36,4425.90924013014,1
60,50,50,5,37,4504.492101904526,2
60,50,50,5,38,3136.1736017808553,3
60,50,50,5,39,4238.041849121939,4
60,50,50,5,40,3696.0764710896324,0
60,50,50,5,41,4393.595825339142,1
60,50,50,5,42,4406.885978195932,2
60,50,50,5,43,3310.5386192279148,3
60,50,50,5,44,3811.7869725831924,4
60,50,50,5,45,3879.5277780779693,0
60,50,50,5,46,5376.827732186685,1
60,50,50,5,47,4356.384784033181,2
60,50,50,5,48,3963.243087501665,3
60,50,50,5,49,3896.2361793032587,4
60,50,50,5,50,3940.87041184193,0
60,75,10,0,1,4416.706698377062,1
60,75,10,0,2,4265.887212237676,2
60,75,10,0,3,3402.6332714092728,3
60,75,10,0,4,3978.1811550448065,4
60,75,10,0,5,3988.3413650183597,0
60,75,10,0,6,5472.653255351128,1
60,75,10,0,7,4184.736351604863,2
60,75,10,0,8,3819.3167658440993,3
60,75,10,0,9,3846.5409004737535,4
60,75,10,0,10,3857.065650716338,0
60,75,10,0,11,3707.5722898076447,1
60,75,10,0,12,4447.774839475637,2
60,75,10,0,13,3178.6582100877104,3
60,75,10,0,14,4035.2082400350077,4
60,75,10,0,15,4491.30915108735,0
60,75,10,0,16,4383.462782549135,1
60,75,10,0,17,4441.716357541049,2
60,75,10,0,18,3090.5384168648566,3
60,75,10,0,19,4062.2208039726784,4
60,75,10,0,20,3682.784018189083,0
60,75,10,0,21,4500.661129016915,1
60,75,10,0,22,4415.818731482715,2
60,75,10,0,23,3430.18084552598,3
60,75,10,0,24,4024.4990362830335,4
60,75,10,0,25,4058.2950459483623,0
60,75,10,0,26,5697.416731672977,1
60,75,10,0,27,4185.971491771153,2
60,75,10,0,28,3499.4824807169084,3
60,75,10,0,29,3791.619955554709,4
60,75,10,0,30,3949.1605695694366,0
60,75,10,0,31,3801.6870970908885,1
60,75,10,0,32,4456.93324705569,2
60,75,10,0,33,3104.404947354401,3
60,75,10,0,34,4125.655377537624,4
60,75,10,0,35,4498.046629273768,0
60,75,10,0,36,4473.116738294107,1
60,75,10,0,37,4617.908676420783,2
60,75,10,0,38,3148.3550668772236,3
60,75,10,0,39,3974.0978440229073,4
60,75,10,0,40,3675.624648642477,0
60,75,10,0,41,4393.595825339142,1
60,75,10,0,42,4423.907985387849,2
60,75,10,0,43,3310.5386192279148,3
60,75,10,0,44,3825.9244748948804,4
60,75,10,0,45,3879.5277780779693,0
60,75,10,0,46,5376.827732186685,1
60,75,10,0,47,4326.7639871382635,2
60,75,10,0,48,3963.243087501665,3
60,75,10,0,49,3874.601767689644,4
60,75,10,0,50,3999.725698281931,0
60,75,10,1,1,4416.706698377062,1
60,75,10,1,2,4265.887212237676,2
60,75,10,1,3,3402.6332714092728,3
60,75,10,1,4,3978.1811550448065,4
60,75,10,1,5,3988.3413650183597,0
60,75,10,1,6,5472.653255351128,1
60,75,10,1,7,4184.736351604863,2
60,75,10,1,8,3819.3167658440993,3
60,75,10,1,9,3844.1508050000953,4
60,75,10,1,10,3857.065650716338,0
60,75,10,1,11,3707.5722898076447,1
60,75,10,1,12,4447.774839475637,2
60,75,10,1,13,3178.6582100877104,3
60,75,10,1,14,4076.0884344831525,4
60,75,10,1,15,4491.30915108735,0
60,75,10,1,16,4359.727480964249,1
60,75,10,1,17,4441.716357541049,2
60,75,10,1,18,3126.8480410205666,3
60,75,10,1,19,4062.2208039726784,4
60,75,10,1,20,3682.784018189083,0
60,75,10,1,21,4500.661129016915,1
60,75,10,1,22,4415.818731482715,2
60,75,10,1,23,3430.18084552598,3
60,75,10,1,24,4024.4990362830335,4
60,75,10,1,25,4058.2950459483623,0
60,75,10,1,26,5697.416731672977,1
60,75,10,1,27,4185.971491771153,2
60,75,10,1,28,3554.6292132650924,3
60,75,10,1,29,3806.664558458114,4
60,75,10,1,30,4013.5813285640893,0
60,75,10,1,31,3801.6870970908885,1
60,75,10,1,32,4456.93324705569,2
60,75,10,1,33,3104.404947354401,3
60,75,10,1,34,4125.655377537624,4
60,75,10,1,35,4498.046629273768,0
60,75,10,1,36,4511.241813657032,1
60,75,10,1,37,4617.908676420783,2
60,75,10,1,38,3152.9922551037885,3
60,75,10,1,39,4020.859017028482,4
60,75,10,1,40,3696.0764710896324,0
60,75,10,1,41,4393.595825339142,1
60,75,10,1,42,4423.907985387849,2
60,75,10,1,43,3310.5386192279148,3
60,75,10,1,44,3825.9244748948804,4
60,75,10,1,45,3879.5277780779693,0
60,75,10,1,46,5376.827732186685,1
60,75,10,1,47,4326.7639871382635,2
60,75,10,1,48,3963.243087501665,3
60,75,10,1,49,3874.601767689644,4
60,75,10,1,50,3940.87041184193,0
60,75,10,2,1,4416.706698377062,1
60,75,10,2,2,4265.887212237676,2
60,75,10,2,3,3402.6332714092728,3
60,75,10,2,4,3978.1811550448065,4
60,75,10,2,5,3988.3413650183597,0
60,75,10,2,6,5472.653255351128,1
60,75,10,2,7,4184.736351604863,2
60,75,10,2,8,3819.3167658440993,3
60,75,10,2,9,3846.5409004737535,4
60,75,10,2,10,3857.065650716338,0
60,75,10,2,11,3707.5722898076447,1
60,75,10,2,12,4447.774839475637,2
60,75,10,2,13,3178.6582100877104,3
60,75,10,2,14,4035.2082400350077,4
60,75,10,2,15,4491.30915108735,0
60,75,10,2,16,4383.462782549135,1
60,75,10,2,17,4441.716357541049,2
60,75,10,2,18,3090.5384168648566,3
60,75,10,2,19,4062.2208039726784,4
60,75,10,2,20,3682.784018189083,0
60,75,10,2,21,4500.661129016915,1
60,75,10,2,22,4415.818731482715,2
60,75,10,2,23,3430.18084552598,3
60,75,10,2,24,4024.4990362830335,4
60,75,10,2,25,4058.2950459483623,0
60,75,10,2,26,5697.416731672977,1
60,75,10,2,27,4185.971491771153,2
60,75,10,2,28,3499.4824807169084,3
60,75,10,2,29,3791.619955554709,4
60,75,10,2,30,3949.1605695694366,0
60,75,10,2,31,3801.6870970908885,1
60,75,10,2,32,4456.93324705569,2
60,75,10,2,33,3104.404947354401,3
60,75,10,2,34,4125.655377537624,4
60,75,10,2,35,4498.046629273768,0
60,75,10,2,36,4473.116738294107,1
60,75,10,2,37,4617.908676420783,2
60,75,10,2,38,3148.3550668772236,3
60,75,10,2,39,3974.0978440229073,4
60,75,10,2,40,3675.624648642477,0
60,75,10,2,41,4393.595825339142,1
60,75,10,2,42,4423.907985387849,2
60,75,10,2,43,3310.5386192279148,3
60,75,10,2,44,3825.9244748948804,4
60,75,10,2,45,3879.5277780779693,0
60,75,10,2,46,5376.827732186685,1
60,75,10,2,47,4326.7639871382635,2
60,75,10,2,48,3963.243087501665,3
60,75,10,2,49,3874.601767689644,4
60,75,10,2,50,3999.725698281931,0
60,75,10,3,1,4416.706698377062,1
60,75,10,3,2,4265.887212237676,2
60,75,10,3,3,3402.6332714092728,3
60,75,10,3,4,3978.1811550448065,4
60,75,10,3,5,3988.3413650183597,0
60,75,10,3,6,5472.653255351128,1
60,75,10,3,7,4184.736351604863,2
60,75,10,3,8,3819.3167658440993,3
60,75,10,3,9,3846.5409004737535,4
60,75,10,3,10,3857.065650716338,0
60,75,10,3,11,3707.5722898076447,1
60,75,10,3,12,4447.774839475637,2
60,75,10,3,13,3178.6582100877104,3
60,75,10,3,14,4035.2082400350077,4
60,75,10,3,15,4491.30915108735,0
60,75,10,3,16,4383.462782549135,1
60,75,10,3,17,4441.716357541049,2
60,75,10,3,18,3090.5384168648566,3
60,75,10,3,19,4062.2208039726784,4
60,75,10,3,20,3682.784018189083,0
60,75,10,3,21,4500.661129016915,1
60,75,10,3,22,4415.818731482715,2
60,75,10,3,23,3430.18084552598,3
60,75,10,3,24,4024.4990362830335,4
60,75,10,3,25,4058.2950459483623,0
60,75,10,3,26,5697.416731672977,1
60,75,10,3,27,4185.971491771153,2
60,75,10,3,28,3499.4824807169084,3
60,75,10,3,29,3791.619955554709,4
60,75,10,3,30,3949.1605695694366,0
60,75,10,3,31,3801.6870970908885,1
60,75,10,3,32,4456.93324705569,2
60,75,10,3,33,3104.404947354401,3
60,75,10,3,34,4125.655377537624,4
60,75,10,3,35,4498.046629273768,0
60,75,10,3,36,4473.116738294107,1
60,75,10,3,37,4617.908676420783,2
60,75,10,3,38,3148.3550668772236,3
60,75,10,3,39,3974.0978440229073,4
60,75,10,3,40,3675.624648642477,0
60,75,10,3,41,4393.595825339142,1
60,75,10,3,42,4423.907985387849,2
60,75,10,3,43,3310.5386192279148,3
60,75,10,3,44,3825.9244748948804,4
60,75,10,3,45,3879.5277780779693,0
60,75,10,3,46,5376.827732186685,1
60,75,10,3,47,4326.7639871382635,2
60,75,10,3,48,3963.243087501665,3
60,75,10,3,49,3874.601767689644,4
60,75,10,3,50,3999.725698281931,0
60,75,10,4,1,4416.706698377062,1
60,75,10,4,2,4265.887212237676,2
60,75,10,4,3,3402.6332714092728,3
60,75,10,4,4,3978.1811550448065,4
60,75,10,4,5,3988.3413650183597,0
60,75,10,4,6,5472.653255351128,1
60,75,10,4,7,4184.736351604863,2
60,75,10,4,8,3819.3167658440993,3
60,75,10,4,9,3846.5409004737535,4
60,75,10,4,10,3857.065650716338,0
60,75,10,4,11,3707.5722898076447,1
60,75,10,4,12,4447.774839475637,2
60,75,10,4,13,3178.6582100877104,3
60,75,10,4,14,4035.2082400350077,4
60,75,10,4,15,4491.30915108735,0
60,75,10,4,16,4383.462782549135,1
60,75,10,4,17,4441.716357541049,2
60,75,10,4,18,3090.5384168648566,3
60,75,10,4,19,4062.2208039726784,4
60,75,10,4,20,3682.784018189083,0
60,75,10,4,21,4500.661129016915,1
60,75,10,4,22,4415.818731482715,2
60,75,10,4,23,3430.18084552598,3
60,75,10,4,24,4024.4990362830335,4
60,75,10,4,25,4058.2950459483623,0
60,75,10,4,26,5697.416731672977,1
60,75,10,4,27,4185.971491771153,2
60,75,10,4,28,3499.4824807169084,3
60,75,10,4,29,3791.619955554709,4
60,75,10,4,30,3949.1605695694366,0
60,75,10,4,31,3801.6870970908885,1
60,75,10,4,32,4456.93324705569,2
60,75,10,4,33,3104.404947354401,3
60,75,10,4,34,4125.655377537624,4
60,75,10,4,35,4498.046629273768,0
60,75,10,4,36,4473.116738294107,1
60,75,10,4,37,4617.908676420783,2
60,75,10,4,38,3148.3550668772236,3
60,75,10,4,39,3974.0978440229073,4
60,75,10,4,40,3675.624648642477,0
60,75,10,4,41,4393.595825339142,1
60,75,10,4,42,4423.907985387849,2
60,75,10,4,43,3310.5386192279148,3
60,75,10,4,44,3825.9244748948804,4
60,75,10,4,45,3879.5277780779693,0
60,75,10,4,46,5376.827732186685,1
60,75,10,4,47,4326.7639871382635,2
60,75,10,4,48,3963.243087501665,3
60,75,10,4,49,3874.601767689644,4
60,75,10,4,50,3999.725698281931,0
60,75,10,5,1,4416.706698377062,1
60,75,10,5,2,4265.887212237676,2
60,75,10,5,3,3402.6332714092728,3
60,75,10,5,4,3978.1811550448065,4
60,75,10,5,5,3988.3413650183597,0
60,75,10,5,6,5472.653255351128,1
60,75,10,5,7,4184.736351604863,2
60,75,10,5,8,3819.3167658440993,3
60,75,10,5,9,3844.1508050000953,4
60,75,10,5,10,3857.065650716338,0
60,75,10,5,11,3707.5722898076447,1
60,75,10,5,12,4447.774839475637,2
60,75,10,5,13,3178.6582100877104,3
60,75,10,5,14,4076.0884344831525,4
60,75,10,5,15,4491.30915108735,0
60,75,10,5,16,4359.727480964249,1
60,75,10,5,17,4441.716357541049,2
60,75,10,5,18,3126.8480410205666,3
60,75,10,5,19,4062.2208039726784,4
60,75,10,5,20,3682.784018189083,0
60,75,10,5,21,4500.661129016915,1
60,75,10,5,22,4415.818731482715,2
60,75,10,5,23,3430.18084552598,3
60,75,10,5,24,4024.4990362830335,4
60,75,10,5,25,4058.2950459483623,0
60,75,10,5,26,5697.416731672977,1
60,75,10,5,27,4185.971491771153,2
60,75,10,5,28,3554.6292132650924,3
60,75,10,5,29,3806.664558458114,4
60,75,10,5,30,4013.5813285640893,0
60,75,10,5,31,3801.6870970908885,1
60,75,10,5,32,4456.93324705569,2
60,75,10,5,33,3104.404947354401,3
60,75,10,5,34,4125.655377537624,4
60,75,10,5,35,4498.046629273768,0
60,75,10,5,36,4511.241813657032,1
60,75,10,5,37,4617.908676420783,2
60,75,10,5,38,3152.9922551037885,3
60,75,10,5,39,4020.859017028482,4
60,75,10,5,40,3696.0764710896324,0
60,75,10,5,41,4393.595825339142,1
60,75,10,5,42,4423.907985387849,2
60,75,10,5,43,3310.5386192279148,3
60,75,10,5,44,3825.9244748948804,4
60,75,10,5,45,3879.5277780779693,0
60,75,10,5,46,5376.827732186685,1
60,75,10,5,47,4326.7639871382635,2
60,75,10,5,48,3963.243087501665,3
60,75,10,5,49,3874.601767689644,4
60,75,10,5,50,3940.87041184193,0
60,75,30,0,1,4416.706698377062,1
60,75,30,0,2,4265.887212237676,2
60,75,30,0,3,3402.6332714092728,3
60,75,30,0,4,3978.1811550448065,4
60,75,30,0,5,3988.3413650183597,0
60,75,30,0,6,5472.653255351128,1
60,75,30,0,7,4184.736351604863,2
60,75,30,0,8,3819.3167658440993,3
60,75,30,0,9,3846.5409004737535,4
60,75,30,0,10,3857.065650716338,0
60,75,30,0,11,3707.5722898076447,1
60,75,30,0,12,4447.774839475637,2
60,75,30,0,13,3178.6582100877104,3
60,75,30,0,14,4035.2082400350077,4
60,75,30,0,15,4491.30915108735,0
60,75,30,0,16,4383.462782549135,1
60,75,30,0,17,4441.716357541049,2
60,75,30,0,18,3090.5384168648566,3
60,75,30,0,19,4062.2208039726784,4
60,75,30,0,20,3682.784018189083,0
60,75,30,0,21,4500.661129016915,1
60,75,30,0,22,4415.818731482715,2
60,75,30,0,23,3430.18084552598,3
60,75,30,0,24,4024.4990362830335,4
60,75,30,0,25,4058.2950459483623,0
60,75,30,0,26,5697.416731672977,1
60,75,30,0,27,4185.971491771153,2
60,75,30,0,28,3499.4824807169084,3
60,75,30,0,29,3791.619955554709,4
60,75,30,0,30,3949.1605695694366,0
60,75,30,0,31,3801.6870970908885,1
60,75,30,0,32,4456.93324705569,2
60,75,30,0,33,3104.404947354401,3
60,75,30,0,34,4125.655377537624,4
60,75,30,0,35,4498.046629273768,0
60,75,30,0,36,4473.116738294107,1
60,75,30,0,37,4617.908676420783,2
60,75,30,0,38,3148.3550668772236,3
60,75,30,0,39,3974.0978440229073,4
60,75,30,0,40,3675.624648642477,0
60,75,30,0,41,4393.595825339142,1
60,75,30,0,42,4423.907985387849,2
60,75,30,0,43,3310.5386192279148,3
60,75,30,0,44,3825.9244748948804,4
60,75,30,0,45,3879.5277780779693,0
60,75,30,0,46,5376.827732186685,1
60,75,30,0,47,4326.7639871382635,2
60,75,30,0,48,3963.243087501665,3
60,75,30,0,49,3874.601767689644,4
60,75,30,0,50,3999.725698281931,0
60,75,30,1,1,4416.706698377062,1
60,75,30,1,2,4265.887212237676,2
60,75,30,1,3,3402.6332714092728,3
60,75,30,1,4,3978.1811550448065,4
60,75,30,1,5,3988.3413650183597,0
60,75,30,1,6,5472.653255351128,1
60,75,30,1,7,4184.736351604863,2
60,75,30,1,8,3819.3167658440993,3
60,75,30,1,9,3844.1508050000953,4
60,75,30,1,10,3857.065650716338,0
60,75,30,1,11,3707.5722898076447,1
60,75,30,1,12,4447.774839475637,2
60,75,30,1,13,3178.6582100877104,3
60,75,30,1,14,4076.0884344831525,4
60,75,30,1,15,4491.30915108735,0
60,75,30,1,16,4359.727480964249,1
60,75,30,1,17,4441.716357541049,2
60,75,30,1,18,3126.8480410205666,3
60,75,30,1,19,4062.2208039726784,4
60,75,30,1,20,3682.784018189083,0
60,75,30,1,21,4500.661129016915,1
60,75,30,1,22,4415.818731482715,2
60,75,30,1,23,3430.18084552598,3
60,75,30,1,24,4024.4990362830335,4
60,75,30,1,25,4058.2950459483623,0
60,75,30,1,26,5697.416731672977,1
60,75,30,1,27,4185.971491771153,2
60,75,30,1,28,3554.6292132650924,3
60,75,30,1,29,3806.664558458114,4
60,75,30,1,30,4013.5813285640893,0
60,75,30,1,31,3801.6870970908885,1
60,75,30,1,32,4456.93324705569,2
60,75,30,1,33,3104.404947354401,3
60,75,30,1,34,4125.655377537624,4
60,75,30,1,35,4498.046629273768,0
60,75,30,1,36,4511.241813657032,1
60,75,30,1,37,4617.908676420783,2
60,75,30,1,38,3152.9922551037885,3
60,75,30,1,39,4020.859017028482,4
60,75,30,1,40,3696.0764710896324,0
60,75,30,1,41,4393.595825339142,1
60,75,30,1,42,4423.907985387849,2
60,75,30,1,43,3310.5386192279148,3
60,75,30,1,44,3825.9244748948804,4
60,75,30,1,45,3879.5277780779693,0
60,75,30,1,46,5376.827732186685,1
60,75,30,1,47,4326.7639871382635,2
60,75,30,1,48,3963.243087501665,3
60,75,30,1,49,3874.601767689644,4
60,75,30,1,50,3940.87041184193,0
60,75,30,2,1,4416.706698377062,1
60,75,30,2,2,4265.887212237676,2
60,75,30,2,3,3402.6332714092728,3
60,75,30,2,4,3978.1811550448065,4
60,75,30,2,5,3988.3413650183597,0
60,75,30,2,6,5472.653255351128,1
60,75,30,2,7,4184.736351604863,2
60,75,30,2,8,3819.3167658440993,3
60,75,30,2,9,3846.5409004737535,4
60,75,30,2,10,3857.065650716338,0
60,75,30,2,11,3707.5722898076447,1
60,75,30,2,12,4447.774839475637,2
60,75,30,2,13,3178.6582100877104,3
60,75,30,2,14,4035.2082400350077,4
60,75,30,2,15,4491.30915108735,0
60,75,30,2,16,4383.462782549135,1
60,75,30,2,17,4441.716357541049,2
60,75,30,2,18,3090.5384168648566,3
60,75,30,2,19,4062.2208039726784,4
60,75,30,2,20,3682.784018189083,0
60,75,30,2,21,4500.661129016915,1
60,75,30,2,22,4415.818731482715,2
60,75,30,2,23,3430.18084552598,3
60,75,30,2,24,4024.4990362830335,4
60,75,30,2,25,4058.2950459483623,0
60,75,30,2,26,5697.416731672977,1
60,75,30,2,27,4185.971491771153,2
60,75,30,2,28,3499.4824807169084,3
60,75,30,2,29,3791.619955554709,4
60,75,30,2,30,3949.1605695694366,0
60,75,30,2,31,3801.6870970908885,1
60,75,30,2,32,4456.93324705569,2
60,75,30,2,33,3104.404947354401,3
60,75,30,2,34,4125.655377537624,4
60,75,30,2,35,4498.046629273768,0
60,75,30,2,36,4473.116738294107,1
60,75,30,2,37,4617.908676420783,2
60,75,30,2,38,3148.3550668772236,3
60,75,30,2,39,3974.0978440229073,4
60,75,30,2,40,3675.624648642477,0
60,75,30,2,41,4393.595825339142,1
60,75,30,2,42,4423.907985387849,2
60,75,30,2,43,3310.5386192279148,3
60,75,30,2,44,3825.9244748948804,4
60,75,30,2,45,3879.5277780779693,0
60,75,30,2,46,5376.827732186685,1
60,75,30,2,47,4326.7639871382635,2
60,75,30,2,48,3963.243087501665,3
60,75,30,2,49,3874.601767689644,4
60,75,30,2,50,3999.725698281931,0
60,75,30,3,1,4416.706698377062,1
60,75,30,3,2,4265.887212237676,2
60,75,30,3,3,3402.6332714092728,3
60,75,30,3,4,3978.1811550448065,4
60,75,30,3,5,3988.3413650183597,0
60,75,30,3,6,5472.653255351128,1
60,75,30,3,7,4184.736351604863,2
60,75,30,3,8,3819.3167658440993,3
60,75,30,3,9,3846.5409004737535,4
60,75,30,3,10,3857.065650716338,0
60,75,30,3,11,3707.5722898076447,1
60,75,30,3,12,4447.774839475637,2
60,75,30,3,13,3178.6582100877104,3
60,75,30,3,14,4035.2082400350077,4
60,75,30,3,15,4491.30915108735,0
60,75,30,3,16,4383.462782549135,1
60,75,30,3,17,4441.716357541049,2
60,75,30,3,18,3090.5384168648566,3
60,75,30,3,19,4062.2208039726784,4
60,75,30,3,20,3682.784018189083,0
60,75,30,3,21,4500.661129016915,1
60,75,30,3,22,4415.818731482715,2
60,75,30,3,23,3430.18084552598,3
60,75,30,3,24,4024.4990362830335,4
60,75,30,3,25,4058.2950459483623,0
60,75,30,3,26,5697.416731672977,1
60,75,30,3,27,4185.971491771153,2
60,75,30,3,28,3499.4824807169084,3
60,75,30,3,29,3791.619955554709,4
60,75,30,3,30,3949.1605695694366,0
60,75,30,3,31,3801.6870970908885,1
60,75,30,3,32,4456.93324705569,2
60,75,30,3,33,3104.404947354401,3
60,75,30,3,34,4125.655377537624,4
60,75,30,3,35,4498.046629273768,0
60,75,30,3,36,4473.116738294107,1
60,75,30,3,37,4617.908676420783,2
60,75,30,3,38,3148.3550668772236,3
60,75,30,3,39,3974.0978440229073,4
60,75,30,3,40,3675.624648642477,0
60,75,30,3,41,4393.595825339142,1
60,75,30,3,42,4423.907985387849,2
60,75,30,3,43,3310.5386192279148,3
60,75,30,3,44,3825.9244748948804,4
60,75,30,3,45,3879.5277780779693,0
60,75,30,3,46,5376.827732186685,1
60,75,30,3,47,4326.7639871382635,2
60,75,30,3,48,3963.243087501665,3
60,75,30,3,49,3874.601767689644,4
60,75,30,3,50,3999.725698281931,0
60,75,30,4,1,4416.706698377062,1
60,75,30,4,2,4265.887212237676,2
60,75,30,4,3,3402.6332714092728,3
60,75,30,4,4,3978.1811550448065,4
60,75,30,4,5,3988.3413650183597,0
60,75,30,4,6,5472.653255351128,1
60,75,30,4,7,4184.736351604863,2
60,75,30,4,8,3819.3167658440993,3
60,75,30,4,9,3846.5409004737535,4
60,75,30,4,10,3857.065650716338,0
60,75,30,4,11,3707.5722898076447,1
60,75,30,4,12,4447.774839475637,2
60,75,30,4,13,3178.6582100877104,3
60,75,30,4,14,4035.2082400350077,4
60,75,30,4,15,4491.30915108735,0
60,75,30,4,16,4383.462782549135,1
60,75,30,4,17,4441.716357541049,2
60,75,30,4,18,3090.5384168648566,3
60,75,30,4,19,4062.2208039726784,4
60,75,30,4,20,3682.784018189083,0
60,75,30,4,21,4500.661129016915,1
60,75,30,4,22,4415.818731482715,2
60,75,30,4,23,3430.18084552598,3
60,75,30,4,24,4024.4990362830335,4
60,75,30,4,25,4058.2950459483623,0
60,75,30,4,26,5697.416731672977,1
60,75,30,4,27,4185.971491771153,2
60,75,30,4,28,3499.4824807169084,3
60,75,30,4,29,3791.619955554709,4
60,75,30,4,30,3949.1605695694366,0
60,75,30,4,31,3801.6870970908885,1
60,75,30,4,32,4456.93324705569,2
60,75,30,4,33,3104.404947354401,3
60,75,30,4,34,4125.655377537624,4
60,75,30,4,35,4498.046629273768,0
60,75,30,4,36,4473.116738294107,1
60,75,30,4,37,4617.908676420783,2
60,75,30,4,38,3148.3550668772236,3
60,75,30,4,39,3974.0978440229073,4
60,75,30,4,40,3675.624648642477,0
60,75,30,4,41,4393.595825339142,1
60,75,30,4,42,4423.907985387849,2
60,75,30,4,43,3310.5386192279148,3
60,75,30,4,44,3825.9244748948804,4
60,75,30,4,45,3879.5277780779693,0
60,75,30,4,46,5376.827732186685,1
60,75,30,4,47,4326.7639871382635,2
60,75,30,4,48,3963.243087501665,3
60,75,30,4,49,3874.601767689644,4
60,75,30,4,50,3999.725698281931,0
60,75,30,5,1,4416.706698377062,1
60,75,30,5,2,4265.887212237676,2
60,75,30,5,3,3402.6332714092728,3
60,75,30,5,4,3978.1811550448065,4
60,75,30,5,5,3988.3413650183597,0
60,75,30,5,6,5472.653255351128,1
60,75,30,5,7,4184.736351604863,2
60,75,30,5,8,3819.3167658440993,3
60,75,30,5,9,3844.1508050000953,4
60,75,30,5,10,3857.065650716338,0
60,75,30,5,11,3707.5722898076447,1
60,75,30,5,12,4447.774839475637,2
60,75,30,5,13,3178.6582100877104,3
60,75,30,5,14,4076.0884344831525,4
60,75,30,5,15,4491.30915108735,0
60,75,30,5,16,4359.727480964249,1
60,75,30,5,17,4441.716357541049,2
60,75,30,5,18,3126.8480410205666,3
60,75,30,5,19,4062.2208039726784,4
60,75,30,5,20,3682.784018189083,0
60,75,30,5,21,4500.661129016915,1
60,75,30,5,22,4415.818731482715,2
60,75,30,5,23,3430.18084552598,3
60,75,30,5,24,4024.4990362830335,4
60,75,30,5,25,4058.2950459483623,0
60,75,30,5,26,5697.416731672977,1
60,75,30,5,27,4185.971491771153,2
60,75,30,5,28,3554.6292132650924,3
60,75,30,5,29,3806.664558458114,4
60,75,30,5,30,4013.5813285640893,0
60,75,30,5,31,3801.6870970908885,1
60,75,30,5,32,4456.93324705569,2
60,75,30,5,33,3104.404947354401,3
60,75,30,5,34,4125.655377537624,4
60,75,30,5,35,4498.046629273768,0
60,75,30,5,36,4511.241813657032,1
60,75,30,5,37,4617.908676420783,2
60,75,30,5,38,3152.9922551037885,3
60,75,30,5,39,4020.859017028482,4
60,75,30,5,40,3696.0764710896324,0
60,75,30,5,41,4393.595825339142,1
60,75,30,5,42,4423.907985387849,2
60,75,30,5,43,3310.5386192279148,3
60,75,30,5,44,3825.9244748948804,4
60,75,30,5,45,3879.5277780779693,0
60,75,30,5,46,5376.827732186685,1
60,75,30,5,47,4326.7639871382635,2
60,75,30,5,48,3963.243087501665,3
60,75,30,5,49,3874.601767689644,4
60,75,30,5,50,3940.87041184193,0
60,75,50,0,1,4416.706698377062,1
60,75,50,0,2,4265.887212237676,2
60,75,50,0,3,3402.6332714092728,3
60,75,50,0,4,3978.1811550448065,4
60,75,50,0,5,3988.3413650183597,0
60,75,50,0,6,5472.653255351128,1
60,75,50,0,7,4184.736351604863,2
60,75,50,0,8,3819.3167658440993,3
60,75,50,0,9,3846.5409004737535,4
60,75,50,0,10,3857.065650716338,0
60,75,50,0,11,3707.5722898076447,1
60,75,50,0,12,4447.774839475637,2
60,75,50,0,13,3178.6582100877104,3
60,75,50,0,14,4035.2082400350077,4
60,75,50,0,15,4491.30915108735,0
60,75,50,0,16,4383.462782549135,1
60,75,50,0,17,4441.716357541049,2
60,75,50,0,18,3090.5384168648566,3
60,75,50,0,19,4062.2208039726784,4
60,75,50,0,20,3682.784018189083,0
60,75,50,0,21,4500.661129016915,1
60,75,50,0,22,4415.818731482715,2
60,75,50,0,23,3430.18084552598,3
60,75,50,0,24,4024.4990362830335,4
60,75,50,0,25,4058.2950459483623,0
60,75,50,0,26,5697.416731672977,1
60,75,50,0,27,4185.971491771153,2
60,75,50,0,28,3499.4824807169084,3
60,75,50,0,29,3791.619955554709,4
60,75,50,0,30,3949.1605695694366,0
60,75,50,0,31,3801.6870970908885,1
60,75,50,0,32,4456.93324705569,2
60,75,50,0,33,3104.404947354401,3
60,75,50,0,34,4125.655377537624,4
60,75,50,0,35,4498.046629273768,0
60,75,50,0,36,4473.116738294107,1
60,75,50,0,37,4617.908676420783,2
60,75,50,0,38,3148.3550668772236,3
60,75,50,0,39,3974.0978440229073,4
60,75,50,0,40,3675.624648642477,0
60,75,50,0,41,4393.595825339142,1
60,75,50,0,42,4423.907985387849,2
60,75,50,0,43,3310.5386192279148,3
60,75,50,0,44,3825.9244748948804,4
60,75,50,0,45,3879.5277780779693,0
60,75,50,0,46,5376.827732186685,1
60,75,50,0,47,4326.7639871382635,2
60,75,50,0,48,3963.243087501665,3
60,75,50,0,49,3874.601767689644,4
60,75,50,0,50,3999.725698281931,0
60,75,50,1,1,4416.706698377062,1
60,75,50,1,2,4265.887212237676,2
60,75,50,1,3,3402.6332714092728,3
60,75,50,1,4,3978.1811550448065,4
60,75,50,1,5,3988.3413650183597,0
60,75,50,1,6,5472.653255351128,1
60,75,50,1,7,4184.736351604863,2
60,75,50,1,8,3819.3167658440993,3
60,75,50,1,9,3844.1508050000953,4
60,75,50,1,10,3857.065650716338,0
60,75,50,1,11,3707.5722898076447,1
60,75,50,1,12,4447.774839475637,2
60,75,50,1,13,3178.6582100877104,3
60,75,50,1,14,4076.0884344831525,4
60,75,50,1,15,4491.30915108735,0
60,75,50,1,16,4359.727480964249,1
60,75,50,1,17,4441.716357541049,2
60,75,50,1,18,3126.8480410205666,3
60,75,50,1,19,4062.2208039726784,4
60,75,50,1,20,3682.784018189083,0
60,75,50,1,21,4500.661129016915,1
60,75,50,1,22,4415.818731482715,2
60,75,50,1,23,3430.18084552598,3
60,75,50,1,24,4024.4990362830335,4
60,75,50,1,25,4058.2950459483623,0
60,75,50,1,26,5697.416731672977,1
60,75,50,1,27,4185.971491771153,2
60,75,50,1,28,3554.6292132650924,3
60,75,50,1,29,3806.664558458114,4
60,75,50,1,30,4013.5813285640893,0
60,75,50,1,31,3801.6870970908885,1
60,75,50,1,32,4456.93324705569,2
60,75,50,1,33,3104.404947354401,3
60,75,50,1,34,4125.655377537624,4
60,75,50,1,35,4498.046629273768,0
60,75,50,1,36,4511.241813657032,1
60,75,50,1,37,4617.908676420783,2
60,75,50,1,38,3152.9922551037885,3
60,75,50,1,39,4020.859017028482,4
60,75,50,1,40,3696.0764710896324,0
60,75,50,1,41,4393.595825339142,1
60,75,50,1,42,4423.907985387849,2
60,75,50,1,43,3310.5386192279148,3
60,75,50,1,44,3825.9244748948804,4
60,75,50,1,45,3879.5277780779693,0
60,75,50,1,46,5376.827732186685,1
60,75,50,1,47,4326.7639871382635,2
60,75,50,1,48,3963.243087501665,3
60,75,50,1,49,3874.601767689644,4
60,75,50,1,50,3940.87041184193,0
60,75,50,2,1,4416.706698377062,1
60,75,50,2,2,4265.887212237676,2
60,75,50,2,3,3402.6332714092728,3
60,75,50,2,4,3978.1811550448065,4
60,75,50,2,5,3988.3413650183597,0
60,75,50,2,6,5472.653255351128,1
60,75,50,2,7,4184.736351604863,2
60,75,50,2,8,3819.3167658440993,3
60,75,50,2,9,3846.5409004737535,4
60,75,50,2,10,3857.065650716338,0
60,75,50,2,11,3707.5722898076447,1
60,75,50,2,12,4447.774839475637,2
60,75,50,2,13,3178.6582100877104,3
60,75,50,2,14,4035.2082400350077,4
60,75,50,2,15,4491.30915108735,0
60,75,50,2,16,4383.462782549135,1
60,75,50,2,17,4441.716357541049,2
60,75,50,2,18,3090.5384168648566,3
60,75,50,2,19,4062.2208039726784,4
60,75,50,2,20,3682.784018189083,0
60,75,50,2,21,4500.661129016915,1
60,75,50,2,22,4415.818731482715,2
60,75,50,2,23,3430.18084552598,3
60,75,50,2,24,4024.4990362830335,4
60,75,50,2,25,4058.2950459483623,0
60,75,50,2,26,5697.416731672977,1
60,75,50,2,27,4185.971491771153,2
60,75,50,2,28,3499.4824807169084,3
60,75,50,2,29,3791.619955554709,4
60,75,50,2,30,3949.1605695694366,0
60,75,50,2,31,3801.6870970908885,1
60,75,50,2,32,4456.93324705569,2
60,75,50,2,33,3104.404947354401,3
60,75,50,2,34,4125.655377537624,4
60,75,50,2,35,4498.046629273768,0
60,75,50,2,36,4473.116738294107,1
60,75,50,2,37,4617.908676420783,2
60,75,50,2,38,3148.3550668772236,3
60,75,50,2,39,3974.0978440229073,4
60,75,50,2,40,3675.624648642477,0
60,75,50,2,41,4393.595825339142,1
60,75,50,2,42,4423.907985387849,2
60,75,50,2,43,3310.5386192279148,3
60,75,50,2,44,3825.9244748948804,4
60,75,50,2,45,3879.5277780779693,0
60,75,50,2,46,5376.827732186685,1
60,75,50,2,47,4326.7639871382635,2
60,75,50,2,48,3963.243087501665,3
60,75,50,2,49,3874.601767689644,4
60,75,50,2,50,3999.725698281931,0
60,75,50,3,1,4416.706698377062,1
60,75,50,3,2,4265.887212237676,2
60,75,50,3,3,3402.6332714092728,3
60,75,50,3,4,3978.1811550448065,4
60,75,50,3,5,3988.3413650183597,0
60,75,50,3,6,5472.653255351128,1
60,75,50,3,7,4184.736351604863,2
60,75,50,3,8,3819.3167658440993,3
60,75,50,3,9,3846.5409004737535,4
60,75,50,3,10,3857.065650716338,0
60,75,50,3,11,3707.5722898076447,1
60,75,50,3,12,4447.774839475637,2
60,75,50,3,13,3178.6582100877104,3
60,75,50,3,14,4035.2082400350077,4
60,75,50,3,15,4491.30915108735,0
60,75,50,3,16,4383.462782549135,1
60,75,50,3,17,4441.716357541049,2
60,75,50,3,18,3090.5384168648566,3
60,75,50,3,19,4062.2208039726784,4
60,75,50,3,20,3682.784018189083,0
60,75,50,3,21,4500.661129016915,1
60,75,50,3,22,4415.818731482715,2
60,75,50,3,23,3430.18084552598,3
60,75,50,3,24,4024.4990362830335,4
60,75,50,3,25,4058.2950459483623,0
60,75,50,3,26,5697.416731672977,1
60,75,50,3,27,4185.971491771153,2
60,75,50,3,28,3499.4824807169084,3
60,75,50,3,29,3791.619955554709,4
60,75,50,3,30,3949.1605695694366,0
60,75,50,3,31,3801.6870970908885,1
60,75,50,3,32,4456.93324705569,2
60,75,50,3,33,3104.404947354401,3
60,75,50,3,34,4125.655377537624,4
60,75,50,3,35,4498.046629273768,0
60,75,50,3,36,4473.116738294107,1
60,75,50,3,37,4617.908676420783,2
60,75,50,3,38,3148.3550668772236,3
60,75,50,3,39,3974.0978440229073,4
60,75,50,3,40,3675.624648642477,0
60,75,50,3,41,4393.595825339142,1
60,75,50,3,42,4423.907985387849,2
60,75,50,3,43,3310.5386192279148,3
60,75,50,3,44,3825.9244748948804,4
60,75,50,3,45,3879.5277780779693,0
60,75,50,3,46,5376.827732186685,1
60,75,50,3,47,4326.7639871382635,2
60,75,50,3,48,3963.243087501665,3
60,75,50,3,49,3874.601767689644,4
60,75,50,3,50,3999.725698281931,0
60,75,50,4,1,4416.706698377062,1
60,75,50,4,2,4265.887212237676,2
60,75,50,4,3,3402.6332714092728,3
60,75,50,4,4,3978.1811550448065,4
60,75,50,4,5,3988.3413650183597,0
60,75,50,4,6,5472.653255351128,1
60,75,50,4,7,4184.736351604863,2
60,75,50,4,8,3819.3167658440993,3
60,75,50,4,9,3846.5409004737535,4
60,75,50,4,10,3857.065650716338,0
60,75,50,4,11,3707.5722898076447,1
60,75,50,4,12,4447.774839475637,2
60,75,50,4,13,3178.6582100877104,3
60,75,50,4,14,4035.2082400350077,4
60,75,50,4,15,4491.30915108735,0
60,75,50,4,16,4383.462782549135,1
60,75,50,4,17,4441.716357541049,2
60,75,50,4,18,3090.5384168648566,3
60,75,50,4,19,4062.2208039726784,4
60,75,50,4,20,3682.784018189083,0
60,75,50,4,21,4500.661129016915,1
60,75,50,4,22,4415.818731482715,2
60,75,50,4,23,3430.18084552598,3
60,75,50,4,24,4024.4990362830335,4
60,75,50,4,25,4058.2950459483623,0
60,75,50,4,26,5697.416731672977,1
60,75,50,4,27,4185.971491771153,2
60,75,50,4,28,3499.4824807169084,3
60,75,50,4,29,3791.619955554709,4
60,75,50,4,30,3949.1605695694366,0
60,75,50,4,31,3801.6870970908885,1
60,75,50,4,32,4456.93324705569,2
60,75,50,4,33,3104.404947354401,3
60,75,50,4,34,4125.655377537624,4
60,75,50,4,35,4498.046629273768,0
60,75,50,4,36,4473.116738294107,1
60,75,50,4,37,4617.908676420783,2
60,75,50,4,38,3148.3550668772236,3
60,75,50,4,39,3974.0978440229073,4
60,75,50,4,40,3675.624648642477,0
60,75,50,4,41,4393.595825339142,1
60,75,50,4,42,4423.907985387849,2
60,75,50,4,43,3310.5386192279148,3
60,75,50,4,44,3825.9244748948804,4
60,75,50,4,45,3879.5277780779693,0
60,75,50,4,46,5376.827732186685,1
60,75,50,4,47,4326.7639871382635,2
60,75,50,4,48,3963.243087501665,3
60,75,50,4,49,3874.601767689644,4
60,75,50,4,50,3999.725698281931,0
60,75,50,5,1,4416.706698377062,1
60,75,50,5,2,4265.887212237676,2
60,75,50,5,3,3402.6332714092728,3
60,75,50,5,4,3978.1811550448065,4
60,75,50,5,5,3988.3413650183597,0
60,75,50,5,6,5472.653255351128,1
60,75,50,5,7,4184.736351604863,2
60,75,50,5,8,3819.3167658440993,3
60,75,50,5,9,3844.1508050000953,4
60,75,50,5,10,3857.065650716338,0
60,75,50,5,11,3707.5722898076447,1
60,75,50,5,12,4447.774839475637,2
60,75,50,5,13,3178.6582100877104,3
60,75,50,5,14,4076.0884344831525,4
60,75,50,5,15,4491.30915108735,0
60,75,50,5,16,4359.727480964249,1
60,75,50,5,17,4441.716357541049,2
60,75,50,5,18,3126.8480410205666,3
60,75,50,5,19,4062.2208039726784,4
60,75,50,5,20,3682.784018189083,0
60,75,50,5,21,4500.661129016915,1
60,75,50,5,22,4415.818731482715,2
60,75,50,5,23,3430.18084552598,3
60,75,50,5,24,4024.4990362830335,4
60,75,50,5,25,4058.2950459483623,0
60,75,50,5,26,5697.416731672977,1
60,75,50,5,27,4185.971491771153,2
60,75,50,5,28,3554.6292132650924,3
60,75,50,5,29,3806.664558458114,4
60,75,50,5,30,4013.5813285640893,0
60,75,50,5,31,3801.6870970908885,1
60,75,50,5,32,4456.93324705569,2
60,75,50,5,33,3104.404947354401,3
60,75,50,5,34,4125.655377537624,4
60,75,50,5,35,4498.046629273768,0
60,75,50,5,36,4511.241813657032,1
60,75,50,5,37,4617.908676420783,2
60,75,50,5,38,3152.9922551037885,3
60,75,50,5,39,4020.859017028482,4
60,75,50,5,40,3696.0764710896324,0
60,75,50,5,41,4393.595825339142,1
60,75,50,5,42,4423.907985387849,2
60,75,50,5,43,3310.5386192279148,3
60,75,50,5,44,3825.9244748948804,4
60,75,50,5,45,3879.5277780779693,0
60,75,50,5,46,5376.827732186685,1
60,75,50,5,47,4326.7639871382635,2
60,75,50,5,48,3963.243087501665,3
60,75,50,5,49,3874.601767689644,4
60,75,50,5,50,3940.87041184193,0
80,100,10,0,1,4387.408907627619,1
80,100,10,0,2,4175.095484845602,2
80,100,10,0,3,3412.1277187161095,3
80,100,10,0,4,3974.001508856713,4
80,100,10,0,5,4013.198404611959,0
80,100,10,0,6,5409.773109001312,1
80,100,10,0,7,4248.671684697198,2
80,100,10,0,8,3780.03171841169,3
80,100,10,0,9,3833.6013042866116,4
80,100,10,0,10,3874.379780132803,0
80,100,10,0,11,3692.1417462280483,1
80,100,10,0,12,4443.845548050762,2
80,100,10,0,13,3202.150157042561,3
80,100,10,0,14,3994.3673796685625,4
80,100,10,0,15,4483.208630301185,0
80,100,10,0,16,4383.457232443539,1
80,100,10,0,17,4429.717629254743,2
80,100,10,0,18,3143.6310936661657,3
80,100,10,0,19,4011.0734975170762,4
80,100,10,0,20,3680.8223141992803,0
80,100,10,0,21,4473.066387336136,1
80,100,10,0,22,4597.458354002169,2
80,100,10,0,23,3475.2178023935003,3
80,100,10,0,24,4030.6167693449265,4
80,100,10,0,25,4123.544737380848,0
80,100,10,0,26,5622.946814817634,1
80,100,10,0,27,4187.150697539907,2
80,100,10,0,28,3570.141225061359,3
80,100,10,0,29,3777.5505212047406,4
80,100,10,0,30,3931.5361509161135,0
80,100,10,0,31,3818.3070966342584,1
80,100,10,0,32,4446.246793736562,2
80,100,10,0,33,3119.4894176829844,3
80,100,10,0,34,4157.584235012081,4
80,100,10,0,35,4469.80494195095,0
80,100,10,0,36,4444.965202686504,1
80,100,10,0,37,4625.848427481496,2
80,100,10,0,38,3154.2230785212805,3
80,100,10,0,39,4257.656272303507,4
80,100,10,0,40,3605.399695884625,0
80,100,10,0,41,4351.438806598299,1
80,100,10,0,42,4374.447911033315,2
80,100,10,0,43,3307.9877873627734,3
80,100,10,0,44,3841.431103255389,4
80,100,10,0,45,3969.4622391598014,0
80,100,10,0,46,5376.491825795772,1
80,100,10,0,47,4285.7021725679715,2
80,100,10,0,48,4002.3774820677713,3
80,100,10,0,49,3878.6749785193783,4
80,100,10,0,50,3944.8695545957876,0
80,100,10,1,1,4387.408907627619,1
80,100,10,1,2,4175.095484845602,2
80,100,10,1,3,3412.1277187161095,3
80,100,10,1,4,3974.001508856713,4
80,100,10,1,5,4013.198404611959,0
80,100,10,1,6,5409.773109001312,1
80,100,10,1,7,4248.671684697198,2
80,100,10,1,8,3780.03171841169,3
80,100,10,1,9,3833.6013042866116,4
80,100,10,1,10,3874.379780132803,0
80,100,10,1,11,3692.1417462280483,1
80,100,10,1,12,4443.845548050762,2
80,100,10,1,13,3202.150157042561,3
80,100,10,1,14,3994.3673796685625,4
80,100,10,1,15,4483.208630301185,0
80,100,10,1,16,4383.457232443539,1
80,100,10,1,17,4429.717629254743,2
80,100,10,1,18,3143.6310936661657,3
80,100,10,1,19,4011.0734975170762,4
80,100,10,1,20,3680.8223141992803,0
80,100,10,1,21,4473.066387336136,1
80,100,10,1,22,4597.458354002169,2
80,100,10,1,23,3475.2178023935003,3
80,100,10,1,24,4030.6167693449265,4
80,100,10,1,25,4123.544737380848,0
80,100,10,1,26,5622.946814817634,1
80,100,10,1,27,4187.150697539907,2
80,100,10,1,28,3570.141225061359,3
80,100,10,1,29,3777.5505212047406,4
80,100,10,1,30,3931.5361509161135,0
80,100,10,1,31,3818.3070966342584,1
80,100,10,1,32,4446.246793736562,2
80,100,10,1,33,3119.4894176829844,3
80,100,10,1,34,4157.584235012081,4
80,100,10,1,35,4469.80494195095,0
80,100,10,1,36,4444.965202686504,1
80,100,10,1,37,4625.848427481496,2
80,100,10,1,38,3154.2230785212805,3
80,100,10,1,39,4257.656272303507,4
80,100,10,1,40,3605.399695884625,0
80,100,10,1,41,4351.438806598299,1
80,100,10,1,42,4374.447911033315,2
80,100,10,1,43,3307.9877873627734,3
80,100,10,1,44,3841.431103255389,4
80,100,10,1,45,3969.4622391598014,0
80,100,10,1,46,5376.491825795772,1
80,100,10,1,47,4285.7021725679715,2
80,100,10,1,48,4002.3774820677713,3
80,100,10,1,49,3878.6749785193783,4
80,100,10,1,50,3944.8695545957876,0
80,100,10,2,1,4387.408907627619,1
80,100,10,2,2,4175.095484845602,2
80,100,10,2,3,3412.1277187161095,3
80,100,10,2,4,3974.001508856713,4
80,100,10,2,5,4013.198404611959,0
80,100,10,2,6,5409.773109001312,1
80,100,10,2,7,4248.671684697198,2
80,100,10,2,8,3780.03171841169,3
80,100,10,2,9,3833.6013042866116,4
80,100,10,2,10,3874.379780132803,0
80,100,10,2,11,3692.1417462280483,1
80,100,10,2,12,4443.845548050762,2
80,100,10,2,13,3202.150157042561,3
80,100,10,2,14,3994.3673796685625,4
80,100,10,2,15,4483.208630301185,0
80,100,10,2,16,4383.457232443539,1
80,100,10,2,17,4429.717629254743,2
80,100,10,2,18,3143.6310936661657,3
80,100,10,2,19,4011.0734975170762,4
80,100,10,2,20,3680.8223141992803,0
80,100,10,2,21,4473.066387336136,1
80,100,10,2,22,4597.458354002169,2
80,100,10,2,23,3475.2178023935003,3
80,100,10,2,24,4030.6167693449265,4
80,100,10,2,25,4123.544737380848,0
80,100,10,2,26,5622.946814817634,1
80,100,10,2,27,4187.150697539907,2
80,100,10,2,28,3570.141225061359,3
80,100,10,2,29,3777.5505212047406,4
80,100,10,2,30,3931.5361509161135,0
80,100,10,2,31,3818.3070966342584,1
80,100,10,2,32,4446.246793736562,2
80,100,10,2,33,3119.4894176829844,3
80,100,10,2,34,4157.584235012081,4
80,100,10,2,35,4469.80494195095,0
80,100,10,2,36,4444.965202686504,1
80,100,10,2,37,4625.848427481496,2
80,100,10,2,38,3154.2230785212805,3
80,100,10,2,39,4257.656272303507,4
80,100,10,2,40,3605.399695884625,0
80,100,10,2,41,4351.438806598299,1
80,100,10,2,42,4374.447911033315,2
80,100,10,2,43,3307.9877873627734,3
80,100,10,2,44,3841.431103255389,4
80,100,10,2,45,3969.4622391598014,0
80,100,10,2,46,5376.491825795772,1
80,100,10,2,47,4285.7021725679715,2
80,100,10,2,48,4002.3774820677713,3
80,100,10,2,49,3878.6749785193783,4
80,100,10,2,50,3944.8695545957876,0
80,100,10,3,1,4387.408907627619,1
80,100,10,3,2,4175.095484845602,2
80,100,10,3,3,3412.1277187161095,3
80,100,10,3,4,3974.001508856713,4
80,100,10,3,5,4013.198404611959,0
80,100,10,3,6,5409.773109001312,1
80,100,10,3,7,4248.671684697198,2
80,100,10,3,8,3780.03171841169,3
80,100,10,3,9,3833.6013042866116,4
80,100,10,3,10,3874.379780132803,0
80,100,10,3,11,3692.1417462280483,1
80,100,10,3,12,4443.845548050762,2
80,100,10,3,13,3202.150157042561,3
80,100,10,3,14,3994.3673796685625,4
80,100,10,3,15,4483.208630301185,0
80,100,10,3,16,4383.457232443539,1
80,100,10,3,17,4429.717629254743,2
80,100,10,3,18,3143.6310936661657,3
80,100,10,3,19,4011.0734975170762,4
80,100,10,3,20,3680.8223141992803,0
80,100,10,3,21,4473.066387336136,1
80,100,10,3,22,4597.458354002169,2
80,100,10,3,23,3475.2178023935003,3
80,100,10,3,24,4030.6167693449265,4
80,100,10,3,25,4123.544737380848,0
80,100,10,3,26,5622.946814817634,1
80,100,10,3,27,4187.150697539907,2
80,100,10,3,28,3570.141225061359,3
80,100,10,3,29,3777.5505212047406,4
80,100,10,3,30,3931.5361509161135,0
80,100,10,3,31,3818.3070966342584,1
80,100,10,3,32,4446.246793736562,2
80,100,10,3,33,3119.4894176829844,3
80,100,10,3,34,4157.584235012081,4
80,100,10,3,35,4469.80494195095,0
80,100,10,3,36,4444.965202686504,1
80,100,10,3,37,4625.848427481496,2
80,100,10,3,38,3154.2230785212805,3
80,100,10,3,39,4257.656272303507,4
80,100,10,3,40,3605.399695884625,0
80,100,10,3,41,4351.438806598299,1
80,100,10,3,42,4374.447911033315,2
80,100,10,3,43,3307.9877873627734,3
80,100,10,3,44,3841.431103255389,4
80,100,10,3,45,3969.4622391598014,0
80,100,10,3,46,5376.491825795772,1
80,100,10,3,47,4285.7021725679715,2
80,100,10,3,48,4002.3774820677713,3
80,100,10,3,49,3878.6749785193783,4
80,100,10,3,50,3944.8695545957876,0
80,100,10,4,1,4387.408907627619,1
80,100,10,4,2,4175.095484845602,2
80,100,10,4,3,3412.1277187161095,3
80,100,10,4,4,3974.001508856713,4
80,100,10,4,5,4013.198404611959,0
80,100,10,4,6,5409.773109001312,1
80,100,10,4,7,4248.671684697198,2
80,100,10,4,8,3780.03171841169,3
80,100,10,4,9,3833.6013042866116,4
80,100,10,4,10,3874.379780132803,0
80,100,10,4,11,3692.1417462280483,1
80,100,10,4,12,4443.845548050762,2
80,100,10,4,13,3202.150157042561,3
80,100,10,4,14,3994.3673796685625,4
80,100,10,4,15,4483.208630301185,0
80,100,10,4,16,4383.457232443539,1
80,100,10,4,17,4429.717629254743,2
80,100,10,4,18,3143.6310936661657,3
80,100,10,4,19,4011.0734975170762,4
80,100,10,4,20,3680.8223141992803,0
80,100,10,4,21,4473.066387336136,1
80,100,10,4,22,4597.458354002169,2
80,100,10,4,23,3475.2178023935003,3
80,100,10,4,24,4030.6167693449265,4
80,100,10,4,25,4123.544737380848,0
80,100,10,4,26,5622.946814817634,1
80,100,10,4,27,4187.150697539907,2
80,100,10,4,28,3570.141225061359,3
80,100,10,4,29,3777.5505212047406,4
80,100,10,4,30,3931.5361509161135,0
80,100,10,4,31,3818.3070966342584,1
80,100,10,4,32,4446.246793736562,2
80,100,10,4,33,3119.4894176829844,3
80,100,10,4,34,4157.584235012081,4
80,100,10,4,35,4469.80494195095,0
80,100,10,4,36,4444.965202686504,1
80,100,10,4,37,4625.848427481496,2
80,100,10,4,38,3154.2230785212805,3
80,100,10,4,39,4257.656272303507,4
80,100,10,4,40,3605.399695884625,0
80,100,10,4,41,4351.438806598299,1
80,100,10,4,42,4374.447911033315,2
80,100,10,4,43,3307.9877873627734,3
80,100,10,4,44,3841.431103255389,4
80,100,10,4,45,3969.4622391598014,0
80,100,10,4,46,5376.491825795772,1
80,100,10,4,47,4285.7021725679715,2
80,100,10,4,48,4002.3774820677713,3
80,100,10,4,49,3878.6749785193783,4
80,100,10,4,50,3944.8695545957876,0
80,100,10,5,1,4387.408907627619,1
80,100,10,5,2,4175.095484845602,2
80,100,10,5,3,3412.1277187161095,3
80,100,10,5,4,3974.001508856713,4
80,100,10,5,5,4013.198404611959,0
80,100,10,5,6,5409.773109001312,1
80,100,10,5,7,4248.671684697198,2
80,100,10,5,8,3780.03171841169,3
80,100,10,5,9,3833.6013042866116,4
80,100,10,5,10,3874.379780132803,0
80,100,10,5,11,3692.1417462280483,1
80,100,10,5,12,4443.845548050762,2
80,100,10,5,13,3202.150157042561,3
80,100,10,5,14,3994.3673796685625,4
80,100,10,5,15,4483.208630301185,0
80,100,10,5,16,4383.457232443539,1
80,100,10,5,17,4429.717629254743,2
80,100,10,5,18,3143.6310936661657,3
80,100,10,5,19,4011.0734975170762,4
80,100,10,5,20,3680.8223141992803,0
80,100,10,5,21,4473.066387336136,1
80,100,10,5,22,4597.458354002169,2
80,100,10,5,23,3475.2178023935003,3
80,100,10,5,24,4030.6167693449265,4
80,100,10,5,25,4123.544737380848,0
80,100,10,5,26,5622.946814817634,1
80,100,10,5,27,4187.150697539907,2
80,100,10,5,28,3570.141225061359,3
80,100,10,5,29,3777.5505212047406,4
80,100,10,5,30,3931.5361509161135,0
80,100,10,5,31,3818.3070966342584,1
80,100,10,5,32,4446.246793736562,2
80,100,10,5,33,3119.4894176829844,3
80,100,10,5,34,4157.584235012081,4
80,100,10,5,35,4469.80494195095,0
80,100,10,5,36,4444.965202686504,1
80,100,10,5,37,4625.848427481496,2
80,100,10,5,38,3154.2230785212805,3
80,100,10,5,39,4257.656272303507,4
80,100,10,5,40,3605.399695884625,0
80,100,10,5,41,4351.438806598299,1
80,100,10,5,42,4374.447911033315,2
80,100,10,5,43,3307.9877873627734,3
80,100,10,5,44,3841.431103255389,4
80,100,10,5,45,3969.4622391598014,0
80,100,10,5,46,5376.491825795772,1
80,100,10,5,47,4285.7021725679715,2
80,100,10,5,48,4002.3774820677713,3
80,100,10,5,49,3878.6749785193783,4
80,100,10,5,50,3944.8695545957876,0
80,100,30,0,1,4387.408907627619,1
80,100,30,0,2,4175.095484845602,2
80,100,30,0,3,3412.1277187161095,3
80,100,30,0,4,3974.001508856713,4
80,100,30,0,5,4013.198404611959,0
80,100,30,0,6,5409.773109001312,1
80,100,30,0,7,4248.671684697198,2
80,100,30,0,8,3780.03171841169,3
80,100,30,0,9,3833.6013042866116,4
80,100,30,0,10,3874.379780132803,0
80,100,30,0,11,3692.1417462280483,1
80,100,30,0,12,4443.845548050762,2
80,100,30,0,13,3202.150157042561,3
80,100,30,0,14,3994.3673796685625,4
80,100,30,0,15,4483.208630301185,0
80,100,30,0,16,4383.457232443539,1
80,100,30,0,17,4429.717629254743,2
80,100,30,0,18,3143.6310936661657,3
80,100,30,0,19,4011.0734975170762,4
80,100,30,0,20,3680.8223141992803,0
80,100,30,0,21,4473.066387336136,1
80,100,30,0,22,4597.458354002169,2
80,100,30,0,23,3475.2178023935003,3
80,100,30,0,24,4030.6167693449265,4
80,100,30,0,25,4123.544737380848,0
80,100,30,0,26,5622.946814817634,1
80,100,30,0,27,4187.150697539907,2
80,100,30,0,28,3570.141225061359,3
80,100,30,0,29,3777.5505212047406,4
80,100,30,0,30,3931.5361509161135,0
80,100,30,0,31,3818.3070966342584,1
80,100,30,0,32,4446.246793736562,2
80,100,30,0,33,3119.4894176829844,3
80,100,30,0,34,4157.584235012081,4
80,100,30,0,35,4469.80494195095,0
80,100,30,0,36,4444.965202686504,1
80,100,30,0,37,4625.848427481496,2
80,100,30,0,38,3154.2230785212805,3
80,100,30,0,39,4257.656272303507,4
80,100,30,0,40,3605.399695884625,0
80,100,30,0,41,4351.438806598299,1
80,100,30,0,42,4374.447911033315,2
80,100,30,0,43,3307.9877873627734,3
80,100,30,0,44,3841.431103255389,4
80,100,30,0,45,3969.4622391598014,0
80,100,30,0,46,5376.491825795772,1
80,100,30,0,47,4285.7021725679715,2
80,100,30,0,48,4002.3774820677713,3
80,100,30,0,49,3878.6749785193783,4
80,100,30,0,50,3944.8695545957876,0
80,100,30,1,1,4387.408907627619,1
80,100,30,1,2,4175.095484845602,2
80,100,30,1,3,3412.1277187161095,3
80,100,30,1,4,3974.001508856713,4
80,100,30,1,5,4013.198404611959,0
80,100,30,1,6,5409.773109001312,1
80,100,30,1,7,4248.671684697198,2
80,100,30,1,8,3780.03171841169,3
80,100,30,1,9,3833.6013042866116,4
80,100,30,1,10,3874.379780132803,0
80,100,30,1,11,3692.1417462280483,1
80,100,30,1,12,4443.845548050762,2
80,100,30,1,13,3202.150157042561,3
80,100,30,1,14,3994.3673796685625,4
80,100,30,1,15,4483.208630301185,0
80,100,30,1,16,4383.457232443539,1
80,100,30,1,17,4429.717629254743,2
80,100,30,1,18,3143.6310936661657,3
80,100,30,1,19,4011.0734975170762,4
80,100,30,1,20,3680.8223141992803,0
80,100,30,1,21,4473.066387336136,1
80,100,30,1,22,4597.458354002169,2
80,100,30,1,23,3475.2178023935003,3
80,100,30,1,24,4030.6167693449265,4
80,100,30,1,25,4123.544737380848,0
80,100,30,1,26,5622.946814817634,1
80,100,30,1,27,4187.150697539907,2
80,100,30,1,28,3570.141225061359,3
80,100,30,1,29,3777.5505212047406,4
80,100,30,1,30,3931.5361509161135,0
80,100,30,1,31,3818.3070966342584,1
80,100,30,1,32,4446.246793736562,2
80,100,30,1,33,3119.4894176829844,3
80,100,30,1,34,4157.584235012081,4
80,100,30,1,35,4469.80494195095,0
80,100,30,1,36,4444.965202686504,1
80,100,30,1,37,4625.848427481496,2
80,100,30,1,38,3154.2230785212805,3
80,100,30,1,39,4257.656272303507,4
80,100,30,1,40,3605.399695884625,0
80,100,30,1,41,4351.438806598299,1
80,100,30,1,42,4374.447911033315,2
80,100,30,1,43,3307.9877873627734,3
80,100,30,1,44,3841.431103255389,4
80,100,30,1,45,3969.4622391598014,0
80,100,30,1,46,5376.491825795772,1
80,100,30,1,47,4285.7021725679715,2
80,100,30,1,48,4002.3774820677713,3
80,100,30,1,49,3878.6749785193783,4
80,100,30,1,50,3944.8695545957876,0
80,100,30,2,1,4387.408907627619,1
80,100,30,2,2,4175.095484845602,2
80,100,30,2,3,3412.1277187161095,3
80,100,30,2,4,3974.001508856713,4
80,100,30,2,5,4013.198404611959,0
80,100,30,2,6,5409.773109001312,1
80,100,30,2,7,4248.671684697198,2
80,100,30,2,8,3780.03171841169,3
80,100,30,2,9,3833.6013042866116,4
80,100,30,2,10,3874.379780132803,0
80,100,30,2,11,3692.1417462280483,1
80,100,30,2,12,4443.845548050762,2
80,100,30,2,13,3202.150157042561,3
80,100,30,2,14,3994.3673796685625,4
80,100,30,2,15,4483.208630301185,0
80,100,30,2,16,4383.457232443539,1
80,100,30,2,17,4429.717629254743,2
80,100,30,2,18,3143.6310936661657,3
80,100,30,2,19,4011.0734975170762,4
80,100,30,2,20,3680.8223141992803,0
80,100,30,2,21,4473.066387336136,1
80,100,30,2,22,4597.458354002169,2
80,100,30,2,23,3475.2178023935003,3
80,100,30,2,24,4030.6167693449265,4
80,100,30,2,25,4123.544737380848,0
80,100,30,2,26,5622.946814817634,1
80,100,30,2,27,4187.150697539907,2
80,100,30,2,28,3570.141225061359,3
80,100,30,2,29,3777.5505212047406,4
80,100,30,2,30,3931.5361509161135,0
80,100,30,2,31,3818.3070966342584,1
80,100,30,2,32,4446.246793736562,2
80,100,30,2,33,3119.4894176829844,3
80,100,30,2,34,4157.584235012081,4
80,100,30,2,35,4469.80494195095,0
80,100,30,2,36,4444.965202686504,1
80,100,30,2,37,4625.848427481496,2
80,100,30,2,38,3154.2230785212805,3
80,100,30,2,39,4257.656272303507,4
80,100,30,2,40,3605.399695884625,0
80,100,30,2,41,4351.438806598299,1
80,100,30,2,42,4374.447911033315,2
80,100,30,2,43,3307.9877873627734,3
80,100,30,2,44,3841.431103255389,4
80,100,30,2,45,3969.4622391598014,0
80,100,30,2,46,5376.491825795772,1
80,100,30,2,47,4285.7021725679715,2
80,100,30,2,48,4002.3774820677713,3
80,100,30,2,49,3878.6749785193783,4
80,100,30,2,50,3944.8695545957876,0
80,100,30,3,1,4387.408907627619,1
80,100,30,3,2,4175.095484845602,2
80,100,30,3,3,3412.1277187161095,3
80,100,30,3,4,3974.001508856713,4
80,100,30,3,5,4013.198404611959,0
80,100,30,3,6,5409.773109001312,1
80,100,30,3,7,4248.671684697198,2
80,100,30,3,8,3780.03171841169,3
80,100,30,3,9,3833.6013042866116,4
80,100,30,3,10,3874.379780132803,0
80,100,30,3,11,3692.1417462280483,1
80,100,30,3,12,4443.845548050762,2
80,100,30,3,13,3202.150157042561,3
80,100,30,3,14,3994.3673796685625,4
80,100,30,3,15,4483.208630301185,0
80,100,30,3,16,4383.457232443539,1
80,100,30,3,17,4429.717629254743,2
80,100,30,3,18,3143.6310936661657,3
80,100,30,3,19,4011.0734975170762,4
80,100,30,3,20,3680.8223141992803,0
80,100,30,3,21,4473.066387336136,1
80,100,30,3,22,4597.458354002169,2
80,100,30,3,23,3475.2178023935003,3
80,100,30,3,24,4030.6167693449265,4
80,100,30,3,25,4123.544737380848,0
80,100,30,3,26,5622.946814817634,1
80,100,30,3,27,4187.150697539907,2
80,100,30,3,28,3570.141225061359,3
80,100,30,3,29,3777.5505212047406,4
80,100,30,3,30,3931.5361509161135,0
80,100,30,3,31,3818.3070966342584,1
80,100,30,3,32,4446.246793736562,2
80,100,30,3,33,3119.4894176829844,3
80,100,30,3,34,4157.584235012081,4
80,100,30,3,35,4469.80494195095,0
80,100,30,3,36,4444.965202686504,1
80,100,30,3,37,4625.848427481496,2
80,100,30,3,38,3154.2230785212805,3
80,100,30,3,39,4257.656272303507,4
80,100,30,3,40,3605.399695884625,0
80,100,30,3,41,4351.438806598299,1
80,100,30,3,42,4374.447911033315,2
80,100,30,3,43,3307.9877873627734,3
80,100,30,3,44,3841.431103255389,4
80,100,30,3,45,3969.4622391598014,0
80,100,30,3,46,5376.491825795772,1
80,100,30,3,47,4285.7021725679715,2
80,100,30,3,48,4002.3774820677713,3
80,100,30,3,49,3878.6749785193783,4
80,100,30,3,50,3944.8695545957876,0
80,100,30,4,1,4387.408907627619,1
80,100,30,4,2,4175.095484845602,2
80,100,30,4,3,3412.1277187161095,3
80,100,30,4,4,3974.001508856713,4
80,100,30,4,5,4013.198404611959,0
80,100,30,4,6,5409.773109001312,1
80,100,30,4,7,4248.671684697198,2
80,100,30,4,8,3780.03171841169,3
80,100,30,4,9,3833.6013042866116,4
80,100,30,4,10,3874.379780132803,0
80,100,30,4,11,3692.1417462280483,1
80,100,30,4,12,4443.845548050762,2
80,100,30,4,13,3202.150157042561,3
80,100,30,4,14,3994.3673796685625,4
80,100,30,4,15,4483.208630301185,0
80,100,30,4,16,4383.457232443539,1
80,100,30,4,17,4429.717629254743,2
80,100,30,4,18,3143.6310936661657,3
80,100,30,4,19,4011.0734975170762,4
80,100,30,4,20,3680.8223141992803,0
80,100,30,4,21,4473.066387336136,1
80,100,30,4,22,4597.458354002169,2
80,100,30,4,23,3475.2178023935003,3
80,100,30,4,24,4030.6167693449265,4
80,100,30,4,25,4123.544737380848,0
80,100,30,4,26,5622.946814817634,1
80,100,30,4,27,4187.150697539907,2
80,100,30,4,28,3570.141225061359,3
80,100,30,4,29,3777.5505212047406,4
80,100,30,4,30,3931.5361509161135,0
80,100,30,4,31,3818.3070966342584,1
80,100,30,4,32,4446.246793736562,2
80,100,30,4,33,3119.4894176829844,3
80,100,30,4,34,4157.584235012081,4
80,100,30,4,35,4469.80494195095,0
80,100,30,4,36,4444.965202686504,1
80,100,30,4,37,4625.848427481496,2
80,100,30,4,38,3154.2230785212805,3
80,100,30,4,39,4257.656272303507,4
80,100,30,4,40,3605.399695884625,0
80,100,30,4,41,4351.438806598299,1
80,100,30,4,42,4374.447911033315,2
80,100,30,4,43,3307.9877873627734,3
80,100,30,4,44,3841.431103255389,4
80,100,30,4,45,3969.4622391598014,0
80,100,30,4,46,5376.491825795772,1
80,100,30,4,47,4285.7021725679715,2
80,100,30,4,48,4002.3774820677713,3
80,100,30,4,49,3878.6749785193783,4
80,100,30,4,50,3944.8695545957876,0
80,100,30,5,1,4387.408907627619,1
80,100,30,5,2,4175.095484845602,2
80,100,30,5,3,3412.1277187161095,3
80,100,30,5,4,3974.001508856713,4
80,100,30,5,5,4013.198404611959,0
80,100,30,5,6,5409.773109001312,1
80,100,30,5,7,4248.671684697198,2
80,100,30,5,8,3780.03171841169,3
80,100,30,5,9,3833.6013042866116,4
80,100,30,5,10,3874.379780132803,0
80,100,30,5,11,3692.1417462280483,1
80,100,30,5,12,4443.845548050762,2
80,100,30,5,13,3202.150157042561,3
80,100,30,5,14,3994.3673796685625,4
80,100,30,5,15,4483.208630301185,0
80,100,30,5,16,4383.457232443539,1
80,100,30,5,17,4429.717629254743,2
80,100,30,5,18,3143.6310936661657,3
80,100,30,5,19,4011.0734975170762,4
80,100,30,5,20,3680.8223141992803,0
80,100,30,5,21,4473.066387336136,1
80,100,30,5,22,4597.458354002169,2
80,100,30,5,23,3475.2178023935003,3
80,100,30,5,24,4030.6167693449265,4
80,100,30,5,25,4123.544737380848,0
80,100,30,5,26,5622.946814817634,1
80,100,30,5,27,4187.150697539907,2
80,100,30,5,28,3570.141225061359,3
80,100,30,5,29,3777.5505212047406,4
80,100,30,5,30,3931.5361509161135,0
80,100,30,5,31,3818.3070966342584,1
80,100,30,5,32,4446.246793736562,2
80,100,30,5,33,3119.4894176829844,3
80,100,30,5,34,4157.584235012081,4
80,100,30,5,35,4469.80494195095,0
80,100,30,5,36,4444.965202686504,1
80,100,30,5,37,4625.848427481496,2
80,100,30,5,38,3154.2230785212805,3
80,100,30,5,39,4257.656272303507,4
80,100,30,5,40,3605.399695884625,0
80,100,30,5,41,4351.438806598299,1
80,100,30,5,42,4374.447911033315,2
80,100,30,5,43,3307.9877873627734,3
80,100,30,5,44,3841.431103255389,4
80,100,30,5,45,3969.4622391598014,0
80,100,30,5,46,5376.491825795772,1
80,100,30,5,47,4285.7021725679715,2
80,100,30,5,48,4002.3774820677713,3
80,100,30,5,49,3878.6749785193783,4
80,100,30,5,50,3944.8695545957876,0
80,100,50,0,1,4387.408907627619,1
80,100,50,0,2,4175.095484845602,2
80,100,50,0,3,3412.1277187161095,3
80,100,50,0,4,3974.001508856713,4
80,100,50,0,5,4013.198404611959,0
80,100,50,0,6,5409.773109001312,1
80,100,50,0,7,4248.671684697198,2
80,100,50,0,8,3780.03171841169,3
80,100,50,0,9,3833.6013042866116,4
80,100,50,0,10,3874.379780132803,0
80,100,50,0,11,3692.1417462280483,1
80,100,50,0,12,4443.845548050762,2
80,100,50,0,13,3202.150157042561,3
80,100,50,0,14,3994.3673796685625,4
80,100,50,0,15,4483.208630301185,0
80,100,50,0,16,4383.457232443539,1
80,100,50,0,17,4429.717629254743,2
80,100,50,0,18,3143.6310936661657,3
80,100,50,0,19,4011.0734975170762,4
80,100,50,0,20,3680.8223141992803,0
80,100,50,0,21,4473.066387336136,1
80,100,50,0,22,4597.458354002169,2
80,100,50,0,23,3475.2178023935003,3
80,100,50,0,24,4030.6167693449265,4
80,100,50,0,25,4123.544737380848,0
80,100,50,0,26,5622.946814817634,1
80,100,50,0,27,4187.150697539907,2
80,100,50,0,28,3570.141225061359,3
80,100,50,0,29,3777.5505212047406,4
80,100,50,0,30,3931.5361509161135,0
80,100,50,0,31,3818.3070966342584,1
80,100,50,0,32,4446.246793736562,2
80,100,50,0,33,3119.4894176829844,3
80,100,50,0,34,4157.584235012081,4
80,100,50,0,35,4469.80494195095,0
80,100,50,0,36,4444.965202686504,1
80,100,50,0,37,4625.848427481496,2
80,100,50,0,38,3154.2230785212805,3
80,100,50,0,39,4257.656272303507,4
80,100,50,0,40,3605.399695884625,0
80,100,50,0,41,4351.438806598299,1
80,100,50,0,42,4374.447911033315,2
80,100,50,0,43,3307.9877873627734,3
80,100,50,0,44,3841.431103255389,4
80,100,50,0,45,3969.4622391598014,0
80,100,50,0,46,5376.491825795772,1
80,100,50,0,47,4285.7021725679715,2
80,100,50,0,48,4002.3774820677713,3
80,100,50,0,49,3878.6749785193783,4
80,100,50,0,50,3944.8695545957876,0
80,100,50,1,1,4387.408907627619,1
80,100,50,1,2,4175.095484845602,2
80,100,50,1,3,3412.1277187161095,3
80,100,50,1,4,3974.001508856713,4
80,100,50,1,5,4013.198404611959,0
80,100,50,1,6,5409.773109001312,1
80,100,50,1,7,4248.671684697198,2
80,100,50,1,8,3780.03171841169,3
80,100,50,1,9,3833.6013042866116,4
80,100,50,1,10,3874.379780132803,0
80,100,50,1,11,3692.1417462280483,1
80,100,50,1,12,4443.845548050762,2
80,100,50,1,13,3202.150157042561,3
80,100,50,1,14,3994.3673796685625,4
80,100,50,1,15,4483.208630301185,0
80,100,50,1,16,4383.457232443539,1
80,100,50,1,17,4429.717629254743,2
80,100,50,1,18,3143.6310936661657,3
80,100,50,1,19,4011.0734975170762,4
80,100,50,1,20,3680.8223141992803,0
80,100,50,1,21,4473.066387336136,1
80,100,50,1,22,4597.458354002169,2
80,100,50,1,23,3475.2178023935003,3
80,100,50,1,24,4030.6167693449265,4
80,100,50,1,25,4123.544737380848,0
80,100,50,1,26,5622.946814817634,1
80,100,50,1,27,4187.150697539907,2
80,100,50,1,28,3570.141225061359,3
80,100,50,1,29,3777.5505212047406,4
80,100,50,1,30,3931.5361509161135,0
80,100,50,1,31,3818.3070966342584,1
80,100,50,1,32,4446.246793736562,2
80,100,50,1,33,3119.4894176829844,3
80,100,50,1,34,4157.584235012081,4
80,100,50,1,35,4469.80494195095,0
80,100,50,1,36,4444.965202686504,1
80,100,50,1,37,4625.848427481496,2
80,100,50,1,38,3154.2230785212805,3
80,100,50,1,39,4257.656272303507,4
80,100,50,1,40,3605.399695884625,0
80,100,50,1,41,4351.438806598299,1
80,100,50,1,42,4374.447911033315,2
80,100,50,1,43,3307.9877873627734,3
80,100,50,1,44,3841.431103255389,4
80,100,50,1,45,3969.4622391598014,0
80,100,50,1,46,5376.491825795772,1
80,100,50,1,47,4285.7021725679715,2
80,100,50,1,48,4002.3774820677713,3
80,100,50,1,49,3878.6749785193783,4
80,100,50,1,50,3944.8695545957876,0
80,100,50,2,1,4387.408907627619,1
80,100,50,2,2,4175.095484845602,2
80,100,50,2,3,3412.1277187161095,3
80,100,50,2,4,3974.001508856713,4
80,100,50,2,5,4013.198404611959,0
80,100,50,2,6,5409.773109001312,1
80,100,50,2,7,4248.671684697198,2
80,100,50,2,8,3780.03171841169,3
80,100,50,2,9,3833.6013042866116,4
80,100,50,2,10,3874.379780132803,0
80,100,50,2,11,3692.1417462280483,1
80,100,50,2,12,4443.845548050762,2
80,100,50,2,13,3202.150157042561,3
80,100,50,2,14,3994.3673796685625,4
80,100,50,2,15,4483.208630301185,0
80,100,50,2,16,4383.457232443539,1
80,100,50,2,17,4429.717629254743,2
80,100,50,2,18,3143.6310936661657,3
80,100,50,2,19,4011.0734975170762,4
80,100,50,2,20,3680.8223141992803,0
80,100,50,2,21,4473.066387336136,1
80,100,50,2,22,4597.458354002169,2
80,100,50,2,23,3475.2178023935003,3
80,100,50,2,24,4030.6167693449265,4
80,100,50,2,25,4123.544737380848,0
80,100,50,2,26,5622.946814817634,1
80,100,50,2,27,4187.150697539907,2
80,100,50,2,28,3570.141225061359,3
80,100,50,2,29,3777.5505212047406,4
80,100,50,2,30,3931.5361509161135,0
80,100,50,2,31,3818.3070966342584,1
80,100,50,2,32,4446.246793736562,2
80,100,50,2,33,3119.4894176829844,3
80,100,50,2,34,4157.584235012081,4
80,100,50,2,35,4469.80494195095,0
80,100,50,2,36,4444.965202686504,1
80,100,50,2,37,4625.848427481496,2
80,100,50,2,38,3154.2230785212805,3
80,100,50,2,39,4257.656272303507,4
80,100,50,2,40,3605.399695884625,0
80,100,50,2,41,4351.438806598299,1
80,100,50,2,42,4374.447911033315,2
80,100,50,2,43,3307.9877873627734,3
80,100,50,2,44,3841.431103255389,4
80,100,50,2,45,3969.4622391598014,0
80,100,50,2,46,5376.491825795772,1
80,100,50,2,47,4285.7021725679715,2
80,100,50,2,48,4002.3774820677713,3
80,100,50,2,49,3878.6749785193783,4
80,100,50,2,50,3944.8695545957876,0
80,100,50,3,1,4387.408907627619,1
80,100,50,3,2,4175.095484845602,2
80,100,50,3,3,3412.1277187161095,3
80,100,50,3,4,3974.001508856713,4
80,100,50,3,5,4013.198404611959,0
80,100,50,3,6,5409.773109001312,1
80,100,50,3,7,4248.671684697198,2
80,100,50,3,8,3780.03171841169,3
80,100,50,3,9,3833.6013042866116,4
80,100,50,3,10,3874.379780132803,0
80,100,50,3,11,3692.1417462280483,1
80,100,50,3,12,4443.845548050762,2
80,100,50,3,13,3202.150157042561,3
80,100,50,3,14,3994.3673796685625,4
80,100,50,3,15,4483.208630301185,0
80,100,50,3,16,4383.457232443539,1
80,100,50,3,17,4429.717629254743,2
80,100,50,3,18,3143.6310936661657,3
80,100,50,3,19,4011.0734975170762,4
80,100,50,3,20,3680.8223141992803,0
80,100,50,3,21,4473.066387336136,1
80,100,50,3,22,4597.458354002169,2
80,100,50,3,23,3475.2178023935003,3
80,100,50,3,24,4030.6167693449265,4
80,100,50,3,25,4123.544737380848,0
80,100,50,3,26,5622.946814817634,1
80,100,50,3,27,4187.150697539907,2
80,100,50,3,28,3570.141225061359,3
80,100,50,3,29,3777.5505212047406,4
80,100,50,3,30,3931.5361509161135,0
80,100,50,3,31,3818.3070966342584,1
80,100,50,3,32,4446.246793736562,2
80,100,50,3,33,3119.4894176829844,3
80,100,50,3,34,4157.584235012081,4
80,100,50,3,35,4469.80494195095,0
80,100,50,3,36,4444.965202686504,1
80,100,50,3,37,4625.848427481496,2
80,100,50,3,38,3154.2230785212805,3
80,100,50,3,39,4257.656272303507,4
80,100,50,3,40,3605.399695884625,0
80,100,50,3,41,4351.438806598299,1
80,100,50,3,42,4374.447911033315,2
80,100,50,3,43,3307.9877873627734,3
80,100,50,3,44,3841.431103255389,4
80,100,50,3,45,3969.4622391598014,0
80,100,50,3,46,5376.491825795772,1
80,100,50,3,47,4285.7021725679715,2
80,100,50,3,48,4002.3774820677713,3
80,100,50,3,49,3878.6749785193783,4
80,100,50,3,50,3944.8695545957876,0
80,100,50,4,1,4387.408907627619,1
80,100,50,4,2,4175.095484845602,2
80,100,50,4,3,3412.1277187161095,3
80,100,50,4,4,3974.001508856713,4
80,100,50,4,5,4013.198404611959,0
80,100,50,4,6,5409.773109001312,1
80,100,50,4,7,4248.671684697198,2
80,100,50,4,8,3780.03171841169,3
80,100,50,4,9,3833.6013042866116,4
80,100,50,4,10,3874.379780132803,0
80,100,50,4,11,3692.1417462280483,1
80,100,50,4,12,4443.845548050762,2
80,100,50,4,13,3202.150157042561,3
80,100,50,4,14,3994.3673796685625,4
80,100,50,4,15,4483.208630301185,0
80,100,50,4,16,4383.457232443539,1
80,100,50,4,17,4429.717629254743,2
80,100,50,4,18,3143.6310936661657,3
80,100,50,4,19,4011.0734975170762,4
80,100,50,4,20,3680.8223141992803,0
80,100,50,4,21,4473.066387336136,1
80,100,50,4,22,4597.458354002169,2
80,100,50,4,23,3475.2178023935003,3
80,100,50,4,24,4030.6167693449265,4
80,100,50,4,25,4123.544737380848,0
80,100,50,4,26,5622.946814817634,1
80,100,50,4,27,4187.150697539907,2
80,100,50,4,28,3570.141225061359,3
80,100,50,4,29,3777.5505212047406,4
80,100,50,4,30,3931.5361509161135,0
80,100,50,4,31,3818.3070966342584,1
80,100,50,4,32,4446.246793736562,2
80,100,50,4,33,3119.4894176829844,3
80,100,50,4,34,4157.584235012081,4
80,100,50,4,35,4469.80494195095,0
80,100,50,4,36,4444.965202686504,1
80,100,50,4,37,4625.848427481496,2
80,100,50,4,38,3154.2230785212805,3
80,100,50,4,39,4257.656272303507,4
80,100,50,4,40,3605.399695884625,0
80,100,50,4,41,4351.438806598299,1
80,100,50,4,42,4374.447911033315,2
80,100,50,4,43,3307.9877873627734,3
80,100,50,4,44,3841.431103255389,4
80,100,50,4,45,3969.4622391598014,0
80,100,50,4,46,5376.491825795772,1
80,100,50,4,47,4285.7021725679715,2
80,100,50,4,48,4002.3774820677713,3
80,100,50,4,49,3878.6749785193783,4
80,100,50,4,50,3944.8695545957876,0
80,100,50,5,1,4387.408907627619,1
80,100,50,5,2,4175.095484845602,2
80,100,50,5,3,3412.1277187161095,3
80,100,50,5,4,3974.001508856713,4
80,100,50,5,5,4013.198404611959,0
80,100,50,5,6,5409.773109001312,1
80,100,50,5,7,4248.671684697198,2
80,100,50,5,8,3780.03171841169,3
80,100,50,5,9,3833.6013042866116,4
80,100,50,5,10,3874.379780132803,0
80,100,50,5,11,3692.1417462280483,1
80,100,50,5,12,4443.845548050762,2
80,100,50,5,13,3202.150157042561,3
80,100,50,5,14,3994.3673796685625,4
80,100,50,5,15,4483.208630301185,0
80,100,50,5,16,4383.457232443539,1
80,100,50,5,17,4429.717629254743,2
80,100,50,5,18,3143.6310936661657,3
80,100,50,5,19,4011.0734975170762,4
80,100,50,5,20,3680.8223141992803,0
80,100,50,5,21,4473.066387336136,1
80,100,50,5,22,4597.458354002169,2
80,100,50,5,23,3475.2178023935003,3
80,100,50,5,24,4030.6167693449265,4
80,100,50,5,25,4123.544737380848,0
80,100,50,5,26,5622.946814817634,1
80,100,50,5,27,4187.150697539907,2
80,100,50,5,28,3570.141225061359,3
80,100,50,5,29,3777.5505212047406,4
80,100,50,5,30,3931.5361509161135,0
80,100,50,5,31,3818.3070966342584,1
80,100,50,5,32,4446.246793736562,2
80,100,50,5,33,3119.4894176829844,3
80,100,50,5,34,4157.584235012081,4
80,100,50,5,35,4469.80494195095,0
80,100,50,5,36,4444.965202686504,1
80,100,50,5,37,4625.848427481496,2
80,100,50,5,38,3154.2230785212805,3
80,100,50,5,39,4257.656272303507,4
80,100,50,5,40,3605.399695884625,0
80,100,50,5,41,4351.438806598299,1
80,100,50,5,42,4374.447911033315,2
80,100,50,5,43,3307.9877873627734,3
80,100,50,5,44,3841.431103255389,4
80,100,50,5,45,3969.4622391598014,0
80,100,50,5,46,5376.491825795772,1
80,100,50,5,47,4285.7021725679715,2
80,100,50,5,48,4002.3774820677713,3
80,100,50,5,49,3878.6749785193783,4
80,100,50,5,50,3944.8695545957876,0
80,25,10,0,1,4328.671523430811,1
80,25,10,0,2,4175.095484845602,2
80,25,10,0,3,3350.8529862440305,3
80,25,10,0,4,3929.0796708460966,4
80,25,10,0,5,3947.2455664681597,0
80,25,10,0,6,5409.773109001312,1
80,25,10,0,7,4248.671684697198,2
80,25,10,0,8,3780.03171841169,3
80,25,10,0,9,3833.6013042866116,4
80,25,10,0,10,3797.772805951407,0
80,25,10,0,11,3735.698958275461,1
80,25,10,0,12,4424.217541277421,2
80,25,10,0,13,3188.2770930953784,3
80,25,10,0,14,4034.461342491295,4
80,25,10,0,15,4483.208630301185,0
80,25,10,0,16,4383.457232443539,1
80,25,10,0,17,4475.45138271276,2
80,25,10,0,18,3143.6310936661657,3
80,25,10,0,19,4066.3680995452723,4
80,25,10,0,20,3704.9082557887327,0
80,25,10,0,21,4440.399582488251,1
80,25,10,0,22,4232.997236477101,2
80,25,10,0,23,3410.908462185353,3
80,25,10,0,24,4038.796758309709,4
80,25,10,0,25,4084.07298639624,0
80,25,10,0,26,5645.047018626687,1
80,25,10,0,27,4187.437136322989,2
80,25,10,0,28,3570.141225061359,3
80,25,10,0,29,3795.84865267604,4
80,25,10,0,30,3969.617658783462,0
80,25,10,0,31,3719.134909796609,1
80,25,10,0,32,4407.910581023231,2
80,25,10,0,33,3087.833648737609,3
80,25,10,0,34,4095.137013565707,4
80,25,10,0,35,4469.80494195095,0
80,25,10,0,36,4468.6849706425155,1
80,25,10,0,37,4579.410193953461,2
80,25,10,0,38,3154.2230785212805,3
80,25,10,0,39,4188.443522137027,4
80,25,10,0,40,3688.0535017789534,0
80,25,10,0,41,4351.438806598299,1
80,25,10,0,42,4429.924633193174,2
80,25,10,0,43,3380.453966095245,3
80,25,10,0,44,3830.5683799159037,4
80,25,10,0,45,3928.710897163188,0
80,25,10,0,46,5337.529667839952,1
80,25,10,0,47,4259.783246104378,2
80,25,10,0,48,4028.80086812915,3
80,25,10,0,49,3868.7908904659525,4
80,25,10,0,50,3940.2841173538304,0
80,25,10,1,1,4446.807321067752,1
80,25,10,1,2,4175.095484845602,2
80,25,10,1,3,3394.1994776156316,3
80,25,10,1,4,3926.145148347571,4
80,25,10,1,5,3984.109584505032,0
80,25,10,1,6,5409.773109001312,1
80,25,10,1,7,4248.671684697198,2
80,25,10,1,8,3780.03171841169,3
80,25,10,1,9,3833.6013042866116,4
80,25,10,1,10,3861.0977607640934,0
80,25,10,1,11,3614.4656183717348,1
80,25,10,1,12,4450.211819174642,2
80,25,10,1,13,3158.7508813333584,3
80,25,10,1,14,4011.4102039232102,4
80,25,10,1,15,4483.208630301185,0
80,25,10,1,16,4383.457232443539,1
80,25,10,1,17,4389.886988108601,2
80,25,10,1,18,3143.6310936661657,3
80,25,10,1,19,4295.4673583591775,4
80,25,10,1,20,3692.0111604102053,0
80,25,10,1,21,4491.948479917806,1
80,25,10,1,22,4258.65159124032,2
80,25,10,1,23,3418.202934302403,3
80,25,10,1,24,4015.7104357388835,4
80,25,10,1,25,4068.5218571890637,0
80,25,10,1,26,5675.641517380468,1
80,25,10,1,27,4169.579463231797,2
80,25,10,1,28,3570.141225061359,3
80,25,10,1,29,3794.3192402442965,4
80,25,10,1,30,4005.175018626686,0
80,25,10,1,31,3728.1700316977112,1
80,25,10,1,32,4461.304730226983,2
80,25,10,1,33,3117.9106043113457,3
80,25,10,1,34,4133.118919538044,4
80,25,10,1,35,4469.80494195095,0
80,25,10,1,36,4499.324153579785,1
80,25,10,1,37,4563.195385452539,2
80,25,10,1,38,3154.2230785212805,3
80,25,10,1,39,3995.3631652809217,4
80,25,10,1,40,3683.8230879582943,0
80,25,10,1,41,4351.438806598299,1
80,25,10,1,42,4449.715643067791,2
80,25,10,1,43,3226.0707454860258,3
80,25,10,1,44,3822.00846705607,4
80,25,10,1,45,4126.818766338781,0
80,25,10,1,46,5363.130354915428,1
80,25,10,1,47,4417.841703304858,2
80,25,10,1,48,4068.030481173538,3
80,25,10,1,49,3898.6859092448485,4
80,25,10,1,50,3886.58002891988,0
80,25,10,2,1,4328.671523430811,1
80,25,10,2,2,4175.095484845602,2
80,25,10,2,3,3350.8529862440305,3
80,25,10,2,4,3929.0796708460966,4
80,25,10,2,5,3947.2455664681597,0
80,25,10,2,6,5409.773109001312,1
80,25,10,2,7,4248.671684697198,2
80,25,10,2,8,3780.03171841169,3
80,25,10,2,9,3833.6013042866116,4
80,25,10,2,10,3797.772805951407,0
80,25,10,2,11,3735.698958275461,1
80,25,10,2,12,4424.217541277421,2
80,25,10,2,13,3188.2770930953784,3
80,25,10,2,14,4034.461342491295,4
80,25,10,2,15,4483.208630301185,0
80,25,10,2,16,4383.457232443539,1
80,25,10,2,17,4475.45138271276,2
80,25,10,2,18,3143.6310936661657,3
80,25,10,2,19,4066.3680995452723,4
80,25,10,2,20,3704.9082557887327,0
80,25,10,2,21,4440.399582488251,1
80,25,10,2,22,4232.997236477101,2
80,25,10,2,23,3410.908462185353,3
80,25,10,2,24,4038.796758309709,4
80,25,10,2,25,4084.07298639624,0
80,25,10,2,26,5645.047018626687,1
80,25,10,2,27,4187.437136322989,2
80,25,10,2,28,3570.141225061359,3
80,25,10,2,29,3795.84865267604,4
80,25,10,2,30,3969.617658783462,0
80,25,10,2,31,3719.134909796609,1
80,25,10,2,32,4407.910581023231,2
80,25,10,2,33,3087.833648737609,3
80,25,10,2,34,4095.137013565707,4
80,25,10,2,35,4469.80494195095,0
80,25,10,2,36,4468.6849706425155,1
80,25,10,2,37,4579.410193953461,2
80,25,10,2,38,3154.2230785212805,3
80,25,10,2,39,4188.443522137027,4
80,25,10,2,40,3688.0535017789534,0
80,25,10,2,41,4351.438806598299,1
80,25,10,2,42,4429.924633193174,2
80,25,10,2,43,3380.453966095245,3
80,25,10,2,44,3830.5683799159037,4
80,25,10,2,45,3928.710897163188,0
80,25,10,2,46,5337.529667839952,1
80,25,10,2,47,4259.783246104378,2
80,25,10,2,48,4028.80086812915,3
80,25,10,2,49,3868.7908904659525,4
80,25,10,2,50,3940.2841173538304,0
80,25,10,3,1,4328.671523430811,1
80,25,10,3,2,4175.095484845602,2
80,25,10,3,3,3350.8529862440305,3
80,25,10,3,4,3929.0796708460966,4
80,25,10,3,5,3947.2455664681597,0
80,25,10,3,6,5409.773109001312,1
80,25,10,3,7,4248.671684697198,2
80,25,10,3,8,3780.03171841169,3
80,25,10,3,9,3833.6013042866116,4
80,25,10,3,10,3797.772805951407,0
80,25,10,3,11,3735.698958275461,1
80,25,10,3,12,4424.217541277421,2
80,25,10,3,13,3188.2770930953784,3
80,25,10,3,14,4034.461342491295,4
80,25,10,3,15,4483.208630301185,0
80,25,10,3,16,4383.457232443539,1
80,25,10,3,17,4475.45138271276,2
80,25,10,3,18,3143.6310936661657,3
80,25,10,3,19,4066.3680995452723,4
80,25,10,3,20,3704.9082557887327,0
80,25,10,3,21,4440.399582488251,1
80,25,10,3,22,4232.997236477101,2
80,25,10,3,23,3410.908462185353,3
80,25,10,3,24,4038.796758309709,4
80,25,10,3,25,4084.07298639624,0
80,25,10,3,26,5645.047018626687,1
80,25,10,3,27,4187.437136322989,2
80,25,10,3,28,3570.141225061359,3
80,25,10,3,29,3795.84865267604,4
80,25,10,3,30,3969.617658783462,0
80,25,10,3,31,3719.134909796609,1
80,25,10,3,32,4407.910581023231,2
80,25,10,3,33,3087.833648737609,3
80,25,10,3,34,4095.137013565707,4
80,25,10,3,35,4469.80494195095,0
80,25,10,3,36,4468.6849706425155,1
80,25,10,3,37,4579.410193953461,2
80,25,10,3,38,3154.2230785212805,3
80,25,10,3,39,4188.443522137027,4
80,25,10,3,40,3688.0535017789534,0
80,25,10,3,41,4351.438806598299,1
80,25,10,3,42,4429.924633193174,2
80,25,10,3,43,3380.453966095245,3
80,25,10,3,44,3830.5683799159037,4
80,25,10,3,45,3928.710897163188,0
80,25,10,3,46,5337.529667839952,1
80,25,10,3,47,4259.783246104378,2
80,25,10,3,48,4028.80086812915,3
80,25,10,3,49,3868.7908904659525,4
80,25,10,3,50,3940.2841173538304,0
80,25,10,4,1,4328.671523430811,1
80,25,10,4,2,4175.095484845602,2
80,25,10,4,3,3350.8529862440305,3
80,25,10,4,4,3929.0796708460966,4
80,25,10,4,5,3947.2455664681597,0
80,25,10,4,6,5409.773109001312,1
80,25,10,4,7,4248.671684697198,2
80,25,10,4,8,3780.03171841169,3
80,25,10,4,9,3833.6013042866116,4
80,25,10,4,10,3797.772805951407,0
80,25,10,4,11,3735.698958275461,1
80,25,10,4,12,4424.217541277421,2
80,25,10,4,13,3188.2770930953784,3
80,25,10,4,14,4034.461342491295,4
80,25,10,4,15,4483.208630301185,0
80,25,10,4,16,4383.457232443539,1
80,25,10,4,17,4475.45138271276,2
80,25,10,4,18,3143.6310936661657,3
80,25,10,4,19,4066.3680995452723,4
80,25,10,4,20,3704.9082557887327,0
80,25,10,4,21,4440.399582488251,1
80,25,10,4,22,4232.997236477101,2
80,25,10,4,23,3410.908462185353,3
80,25,10,4,24,4038.796758309709,4
80,25,10,4,25,4084.07298639624,0
80,25,10,4,26,5645.047018626687,1
80,25,10,4,27,4187.437136322989,2
80,25,10,4,28,3570.141225061359,3
80,25,10,4,29,3795.84865267604,4
80,25,10,4,30,3969.617658783462,0
80,25,10,4,31,3719.134909796609,1
80,25,10,4,32,4407.910581023231,2
80,25,10,4,33,3087.833648737609,3
80,25,10,4,34,4095.137013565707,4
80,25,10,4,35,4469.80494195095,0
80,25,10,4,36,4468.6849706425155,1
80,25,10,4,37,4579.410193953461,2
80,25,10,4,38,3154.2230785212805,3
80,25,10,4,39,4188.443522137027,4
80,25,10,4,40,3688.0535017789534,0
80,25,10,4,41,4351.438806598299,1
80,25,10,4,42,4429.924633193174,2
80,25,10,4,43,3380.453966095245,3
80,25,10,4,44,3830.5683799159037,4
80,25,10,4,45,3928.710897163188,0
80,25,10,4,46,5337.529667839952,1
80,25,10,4,47,4259.783246104378,2
80,25,10,4,48,4028.80086812915,3
80,25,10,4,49,3868.7908904659525,4
80,25,10,4,50,3940.2841173538304,0
80,25,10,5,1,4446.807321067752,1
80,25,10,5,2,4175.095484845602,2
80,25,10,5,3,3394.1994776156316,3
80,25,10,5,4,3926.145148347571,4
80,25,10,5,5,3984.109584505032,0
80,25,10,5,6,5409.773109001312,1
80,25,10,5,7,4248.671684697198,2
80,25,10,5,8,3780.03171841169,3
80,25,10,5,9,3833.6013042866116,4
80,25,10,5,10,3861.0977607640934,0
80,25,10,5,11,3614.4656183717348,1
80,25,10,5,12,4450.211819174642,2
80,25,10,5,13,3158.7508813333584,3
80,25,10,5,14,4011.4102039232102,4
80,25,10,5,15,4483.208630301185,0
80,25,10,5,16,4383.457232443539,1
80,25,10,5,17,4389.886988108601,2
80,25,10,5,18,3143.6310936661657,3
80,25,10,5,19,4295.4673583591775,4
80,25,10,5,20,3692.0111604102053,0
80,25,10,5,21,4491.948479917806,1
80,25,10,5,22,4258.65159124032,2
80,25,10,5,23,3418.202934302403,3
80,25,10,5,24,4015.7104357388835,4
80,25,10,5,25,4068.5218571890637,0
80,25,10,5,26,5675.641517380468,1
80,25,10,5,27,4169.579463231797,2
80,25,10,5,28,3570.141225061359,3
80,25,10,5,29,3794.3192402442965,4
80,25,10,5,30,4005.175018626686,0
80,25,10,5,31,3728.1700316977112,1
80,25,10,5,32,4461.304730226983,2
80,25,10,5,33,3117.9106043113457,3
80,25,10,5,34,4133.118919538044,4
80,25,10,5,35,4469.80494195095,0
80,25,10,5,36,4499.324153579785,1
80,25,10,5,37,4563.195385452539,2
80,25,10,5,38,3154.2230785212805,3
80,25,10,5,39,3995.3631652809217,4
80,25,10,5,40,3683.8230879582943,0
80,25,10,5,41,4351.438806598299,1
80,25,10,5,42,4449.715643067791,2
80,25,10,5,43,3226.0707454860258,3
80,25,10,5,44,3822.00846705607,4
80,25,10,5,45,4126.818766338781,0
80,25,10,5,46,5363.130354915428,1
80,25,10,5,47,4417.841703304858,2
80,25,10,5,48,4068.030481173538,3
80,25,10,5,49,3898.6859092448485,4
80,25,10,5,50,3886.58002891988,0
80,25,30,0,1,4328.671523430811,1
80,25,30,0,2,4175.095484845602,2
80,25,30,0,3,3350.8529862440305,3
80,25,30,0,4,3929.0796708460966,4
80,25,30,0,5,3947.2455664681597,0
80,25,30,0,6,5409.773109001312,1
80,25,30,0,7,4248.671684697198,2
80,25,30,0,8,3780.03171841169,3
80,25,30,0,9,3833.6013042866116,4
80,25,30,0,10,3797.772805951407,0
80,25,30,0,11,3735.698958275461,1
80,25,30,0,12,4424.217541277421,2
80,25,30,0,13,3188.2770930953784,3
80,25,30,0,14,4034.461342491295,4
80,25,30,0,15,4483.208630301185,0
80,25,30,0,16,4383.457232443539,1
80,25,30,0,17,4475.45138271276,2
80,25,30,0,18,3143.6310936661657,3
80,25,30,0,19,4066.3680995452723,4
80,25,30,0,20,3704.9082557887327,0
80,25,30,0,21,4440.399582488251,1
80,25,30,0,22,4232.997236477101,2
80,25,30,0,23,3410.908462185353,3
80,25,30,0,24,4038.796758309709,4
80,25,30,0,25,4084.07298639624,0
80,25,30,0,26,5645.047018626687,1
80,25,30,0,27,4187.437136322989,2
80,25,30,0,28,3570.141225061359,3
80,25,30,0,29,3795.84865267604,4
80,25,30,0,30,3969.617658783462,0
80,25,30,0,31,3719.134909796609,1
80,25,30,0,32,4407.910581023231,2
80,25,30,0,33,3087.833648737609,3
80,25,30,0,34,4095.137013565707,4
80,25,30,0,35,4469.80494195095,0
80,25,30,0,36,4468.6849706425155,1
80,25,30,0,37,4579.410193953461,2
80,25,30,0,38,3154.2230785212805,3
80,25,30,0,39,4188.443522137027,4
80,25,30,0,40,3688.0535017789534,0
80,25,30,0,41,4351.438806598299,1
80,25,30,0,42,4429.924633193174,2
80,25,30,0,43,3380.453966095245,3
80,25,30,0,44,3830.5683799159037,4
80,25,30,0,45,3928.710897163188,0
80,25,30,0,46,5337.529667839952,1
80,25,30,0,47,4259.783246104378,2
80,25,30,0,48,4028.80086812915,3
80,25,30,0,49,3868.7908904659525,4
80,25,30,0,50,3940.2841173538304,0
80,25,30,1,1,4446.807321067752,1
80,25,30,1,2,4175.095484845602,2
80,25,30,1,3,3394.1994776156316,3
80,25,30,1,4,3926.145148347571,4
80,25,30,1,5,3984.109584505032,0
80,25,30,1,6,5409.773109001312,1
80,25,30,1,7,4248.671684697198,2
80,25,30,1,8,3780.03171841169,3
80,25,30,1,9,3833.6013042866116,4
80,25,30,1,10,3861.0977607640934,0
80,25,30,1,11,3614.4656183717348,1
80,25,30,1,12,4450.211819174642,2
80,25,30,1,13,3158.7508813333584,3
80,25,30,1,14,4011.4102039232102,4
80,25,30,1,15,4483.208630301185,0
80,25,30,1,16,4383.457232443539,1
80,25,30,1,17,4389.886988108601,2
80,25,30,1,18,3143.6310936661657,3
80,25,30,1,19,4295.4673583591775,4
80,25,30,1,20,3692.0111604102053,0
80,25,30,1,21,4491.948479917806,1
80,25,30,1,22,4258.65159124032,2
80,25,30,1,23,3418.202934302403,3
80,25,30,1,24,4015.7104357388835,4
80,25,30,1,25,4068.5218571890637,0
80,25,30,1,26,5675.641517380468,1
80,25,30,1,27,4169.579463231797,2
80,25,30,1,28,3570.141225061359,3
80,25,30,1,29,3794.3192402442965,4
80,25,30,1,30,4005.175018626686,0
80,25,30,1,31,3728.1700316977112,1
80,25,30,1,32,4461.304730226983,2
80,25,30,1,33,3117.9106043113457,3
80,25,30,1,34,4133.118919538044,4
80,25,30,1,35,4469.80494195095,0
80,25,30,1,36,4499.324153579785,1
80,25,30,1,37,4563.195385452539,2
80,25,30,1,38,3154.2230785212805,3
80,25,30,1,39,3995.3631652809217,4
80,25,30,1,40,3683.8230879582943,0
80,25,30,1,41,4351.438806598299,1
80,25,30,1,42,4449.715643067791,2
80,25,30,1,43,3226.0707454860258,3
80,25,30,1,44,3822.00846705607,4
80,25,30,1,45,4126.818766338781,0
80,25,30,1,46,5363.130354915428,1
80,25,30,1,47,4417.841703304858,2
80,25,30,1,48,4068.030481173538,3
80,25,30,1,49,3898.6859092448485,4
80,25,30,1,50,3886.58002891988,0
80,25,30,2,1,4328.671523430811,1
80,25,30,2,2,4175.095484845602,2
80,25,30,2,3,3350.8529862440305,3
80,25,30,2,4,3929.0796708460966,4
80,25,30,2,5,3947.2455664681597,0
80,25,30,2,6,5409.773109001312,1
80,25,30,2,7,4248.671684697198,2
80,25,30,2,8,3780.03171841169,3
80,25,30,2,9,3833.6013042866116,4
80,25,30,2,10,3797.772805951407,0
80,25,30,2,11,3735.698958275461,1
80,25,30,2,12,4424.217541277421,2
80,25,30,2,13,3188.2770930953784,3
80,25,30,2,14,4034.461342491295,4
80,25,30,2,15,4483.208630301185,0
80,25,30,2,16,4383.457232443539,1
80,25,30,2,17,4475.45138271276,2
80,25,30,2,18,3143.6310936661657,3
80,25,30,2,19,4066.3680995452723,4
80,25,30,2,20,3704.9082557887327,0
80,25,30,2,21,4440.399582488251,1
80,25,30,2,22,4232.997236477101,2
80,25,30,2,23,3410.908462185353,3
80,25,30,2,24,4038.796758309709,4
80,25,30,2,25,4084.07298639624,0
80,25,30,2,26,5645.047018626687,1
80,25,30,2,27,4187.437136322989,2
80,25,30,2,28,3570.141225061359,3
80,25,30,2,29,3795.84865267604,4
80,25,30,2,30,3969.617658783462,0
80,25,30,2,31,3719.134909796609,1
80,25,30,2,32,4407.910581023231,2
80,25,30,2,33,3087.833648737609,3
80,25,30,2,34,4095.137013565707,4
80,25,30,2,35,4469.80494195095,0
80,25,30,2,36,4468.6849706425155,1
80,25,30,2,37,4579.410193953461,2
80,25,30,2,38,3154.2230785212805,3
80,25,30,2,39,4188.443522137027,4
80,25,30,2,40,3688.0535017789534,0
80,25,30,2,41,4351.438806598299,1
80,25,30,2,42,4429.924633193174,2
80,25,30,2,43,3380.453966095245,3
80,25,30,2,44,3830.5683799159037,4
80,25,30,2,45,3928.710897163188,0
80,25,30,2,46,5337.529667839952,1
80,25,30,2,47,4259.783246104378,2
80,25,30,2,48,4028.80086812915,3
80,25,30,2,49,3868.7908904659525,4
80,25,30,2,50,3940.2841173538304,0
80,25,30,3,1,4328.671523430811,1
80,25,30,3,2,4175.095484845602,2
80,25,30,3,3,3350.8529862440305,3
80,25,30,3,4,3929.0796708460966,4
80,25,30,3,5,3947.2455664681597,0
80,25,30,3,6,5409.773109001312,1
80,25,30,3,7,4248.671684697198,2
80,25,30,3,8,3780.03171841169,3
80,25,30,3,9,3833.6013042866116,4
80,25,30,3,10,3797.772805951407,0
80,25,30,3,11,3735.698958275461,1
80,25,30,3,12,4424.217541277421,2
80,25,30,3,13,3188.2770930953784,3
80,25,30,3,14,4034.461342491295,4
80,25,30,3,15,4483.208630301185,0
80,25,30,3,16,4383.457232443539,1
80,25,30,3,17,4475.45138271276,2
80,25,30,3,18,3143.6310936661657,3
80,25,30,3,19,4066.3680995452723,4
80,25,30,3,20,3704.9082557887327,0
80,25,30,3,21,4440.399582488251,1
80,25,30,3,22,4232.997236477101,2
80,25,30,3,23,3410.908462185353,3
80,25,30,3,24,4038.796758309709,4
80,25,30,3,25,4084.07298639624,0
80,25,30,3,26,5645.047018626687,1
80,25,30,3,27,4187.437136322989,2
80,25,30,3,28,3570.141225061359,3
80,25,30,3,29,3795.84865267604,4
80,25,30,3,30,3969.617658783462,0
80,25,30,3,31,3719.134909796609,1
80,25,30,3,32,4407.910581023231,2
80,25,30,3,33,3087.833648737609,3
80,25,30,3,34,4095.137013565707,4
80,25,30,3,35,4469.80494195095,0
80,25,30,3,36,4468.6849706425155,1
80,25,30,3,37,4579.410193953461,2
80,25,30,3,38,3154.2230785212805,3
80,25,30,3,39,4188.443522137027,4
80,25,30,3,40,3688.0535017789534,0
80,25,30,3,41,4351.438806598299,1
80,25,30,3,42,4429.924633193174,2
80,25,30,3,43,3380.453966095245,3
80,25,30,3,44,3830.5683799159037,4
80,25,30,3,45,3928.710897163188,0
80,25,30,3,46,5337.529667839952,1
80,25,30,3,47,4259.783246104378,2
80,25,30,3,48,4028.80086812915,3
80,25,30,3,49,3868.7908904659525,4
80,25,30,3,50,3940.2841173538304,0
80,25,30,4,1,4328.671523430811,1
80,25,30,4,2,4175.095484845602,2
80,25,30,4,3,3350.8529862440305,3
80,25,30,4,4,3929.0796708460966,4
80,25,30,4,5,3947.2455664681597,0
80,25,30,4,6,5409.773109001312,1
80,25,30,4,7,4248.671684697198,2
80,25,30,4,8,3780.03171841169,3
80,25,30,4,9,3833.6013042866116,4
80,25,30,4,10,3797.772805951407,0
80,25,30,4,11,3735.698958275461,1
80,25,30,4,12,4424.217541277421,2
80,25,30,4,13,3188.2770930953784,3
80,25,30,4,14,4034.461342491295,4
80,25,30,4,15,4483.208630301185,0
80,25,30,4,16,4383.457232443539,1
80,25,30,4,17,4475.45138271276,2
80,25,30,4,18,3143.6310936661657,3
80,25,30,4,19,4066.3680995452723,4
80,25,30,4,20,3704.9082557887327,0
80,25,30,4,21,4440.399582488251,1
80,25,30,4,22,4232.997236477101,2
80,25,30,4,23,3410.908462185353,3
80,25,30,4,24,4038.796758309709,4
80,25,30,4,25,4084.07298639624,0
80,25,30,4,26,5645.047018626687,1
80,25,30,4,27,4187.437136322989,2
80,25,30,4,28,3570.141225061359,3
80,25,30,4,29,3795.84865267604,4
80,25,30,4,30,3969.617658783462,0
80,25,30,4,31,3719.134909796609,1
80,25,30,4,32,4407.910581023231,2
80,25,30,4,33,3087.833648737609,3
80,25,30,4,34,4095.137013565707,4
80,25,30,4,35,4469.80494195095,0
80,25,30,4,36,4468.6849706425155,1
80,25,30,4,37,4579.410193953461,2
80,25,30,4,38,3154.2230785212805,3
80,25,30,4,39,4188.443522137027,4
80,25,30,4,40,3688.0535017789534,0
80,25,30,4,41,4351.438806598299,1
80,25,30,4,42,4429.924633193174,2
80,25,30,4,43,3380.453966095245,3
80,25,30,4,44,3830.5683799159037,4
80,25,30,4,45,3928.710897163188,0
80,25,30,4,46,5337.529667839952,1
80,25,30,4,47,4259.783246104378,2
80,25,30,4,48,4028.80086812915,3
80,25,30,4,49,3868.7908904659525,4
80,25,30,4,50,3940.2841173538304,0
80,25,30,5,1,4446.807321067752,1
80,25,30,5,2,4175.095484845602,2
80,25,30,5,3,3394.1994776156316,3
80,25,30,5,4,3926.145148347571,4
80,25,30,5,5,3984.109584505032,0
80,25,30,5,6,5409.773109001312,1
80,25,30,5,7,4248.671684697198,2
80,25,30,5,8,3780.03171841169,3
80,25,30,5,9,3833.6013042866116,4
80,25,30,5,10,3861.0977607640934,0
80,25,30,5,11,3614.4656183717348,1
80,25,30,5,12,4450.211819174642,2
80,25,30,5,13,3158.7508813333584,3
80,25,30,5,14,4011.4102039232102,4
80,25,30,5,15,4483.208630301185,0
80,25,30,5,16,4383.457232443539,1
80,25,30,5,17,4389.886988108601,2
80,25,30,5,18,3143.6310936661657,3
80,25,30,5,19,4295.4673583591775,4
80,25,30,5,20,3692.0111604102053,0
80,25,30,5,21,4491.948479917806,1
80,25,30,5,22,4258.65159124032,2
80,25,30,5,23,3418.202934302403,3
80,25,30,5,24,4015.7104357388835,4
80,25,30,5,25,4068.5218571890637,0
80,25,30,5,26,5675.641517380468,1
80,25,30,5,27,4169.579463231797,2
80,25,30,5,28,3570.141225061359,3
80,25,30,5,29,3794.3192402442965,4
80,25,30,5,30,4005.175018626686,0
80,25,30,5,31,3728.1700316977112,1
80,25,30,5,32,4461.304730226983,2
80,25,30,5,33,3117.9106043113457,3
80,25,30,5,34,4133.118919538044,4
80,25,30,5,35,4469.80494195095,0
80,25,30,5,36,4499.324153579785,1
80,25,30,5,37,4563.195385452539,2
80,25,30,5,38,3154.2230785212805,3
80,25,30,5,39,3995.3631652809217,4
80,25,30,5,40,3683.8230879582943,0
80,25,30,5,41,4351.438806598299,1
80,25,30,5,42,4449.715643067791,2
80,25,30,5,43,3226.0707454860258,3
80,25,30,5,44,3822.00846705607,4
80,25,30,5,45,4126.818766338781,0
80,25,30,5,46,5363.130354915428,1
80,25,30,5,47,4417.841703304858,2
80,25,30,5,48,4068.030481173538,3
80,25,30,5,49,3898.6859092448485,4
80,25,30,5,50,3886.58002891988,0
80,25,50,0,1,4328.671523430811,1
80,25,50,0,2,4175.095484845602,2
80,25,50,0,3,3350.8529862440305,3
80,25,50,0,4,3929.0796708460966,4
80,25,50,0,5,3947.2455664681597,0
80,25,50,0,6,5409.773109001312,1
80,25,50,0,7,4248.671684697198,2
80,25,50,0,8,3780.03171841169,3
80,25,50,0,9,3833.6013042866116,4
80,25,50,0,10,3797.772805951407,0
80,25,50,0,11,3735.698958275461,1
80,25,50,0,12,4424.217541277421,2
80,25,50,0,13,3188.2770930953784,3
80,25,50,0,14,4034.461342491295,4
80,25,50,0,15,4483.208630301185,0
80,25,50,0,16,4383.457232443539,1
80,25,50,0,17,4475.45138271276,2
80,25,50,0,18,3143.6310936661657,3
80,25,50,0,19,4066.3680995452723,4
80,25,50,0,20,3704.9082557887327,0
80,25,50,0,21,4440.399582488251,1
80,25,50,0,22,4232.997236477101,2
80,25,50,0,23,3410.908462185353,3
80,25,50,0,24,4038.796758309709,4
80,25,50,0,25,4084.07298639624,0
80,25,50,0,26,5645.047018626687,1
80,25,50,0,27,4187.437136322989,2
80,25,50,0,28,3570.141225061359,3
80,25,50,0,29,3795.84865267604,4
80,25,50,0,30,3969.617658783462,0
80,25,50,0,31,3719.134909796609,1
80,25,50,0,32,4407.910581023231,2
80,25,50,0,33,3087.833648737609,3
80,25,50,0,34,4095.137013565707,4
80,25,50,0,35,4469.80494195095,0
80,25,50,0,36,4468.6849706425155,1
80,25,50,0,37,4579.410193953461,2
80,25,50,0,38,3154.2230785212805,3
80,25,50,0,39,4188.443522137027,4
80,25,50,0,40,3688.0535017789534,0
80,25,50,0,41,4351.438806598299,1
80,25,50,0,42,4429.924633193174,2
80,25,50,0,43,3380.453966095245,3
80,25,50,0,44,3830.5683799159037,4
80,25,50,0,45,3928.710897163188,0
80,25,50,0,46,5337.529667839952,1
80,25,50,0,47,4259.783246104378,2
80,25,50,0,48,4028.80086812915,3
80,25,50,0,49,3868.7908904659525,4
80,25,50,0,50,3940.2841173538304,0
80,25,50,1,1,4446.807321067752,1
80,25,50,1,2,4175.095484845602,2
80,25,50,1,3,3394.1994776156316,3
80,25,50,1,4,3926.145148347571,4
80,25,50,1,5,3984.109584505032,0
80,25,50,1,6,5409.773109001312,1
80,25,50,1,7,4248.671684697198,2
80,25,50,1,8,3780.03171841169,3
80,25,50,1,9,3833.6013042866116,4
80,25,50,1,10,3861.0977607640934,0
80,25,50,1,11,3614.4656183717348,1
80,25,50,1,12,4450.211819174642,2
80,25,50,1,13,3158.7508813333584,3
80,25,50,1,14,4011.4102039232102,4
80,25,50,1,15,4483.208630301185,0
80,25,50,1,16,4383.457232443539,1
80,25,50,1,17,4389.886988108601,2
80,25,50,1,18,3143.6310936661657,3
80,25,50,1,19,4295.4673583591775,4
80,25,50,1,20,3692.0111604102053,0
80,25,50,1,21,4491.948479917806,1
80,25,50,1,22,4258.65159124032,2
80,25,50,1,23,3418.202934302403,3
80,25,50,1,24,4015.7104357388835,4
80,25,50,1,25,4068.5218571890637,0
80,25,50,1,26,5675.641517380468,1
80,25,50,1,27,4169.579463231797,2
80,25,50,1,28,3570.141225061359,3
80,25,50,1,29,3794.3192402442965,4
80,25,50,1,30,4005.175018626686,0
80,25,50,1,31,3728.1700316977112,1
80,25,50,1,32,4461.304730226983,2
80,25,50,1,33,3117.9106043113457,3
80,25,50,1,34,4133.118919538044,4
80,25,50,1,35,4469.80494195095,0
80,25,50,1,36,4499.324153579785,1
80,25,50,1,37,4563.195385452539,2
80,25,50,1,38,3154.2230785212805,3
80,25,50,1,39,3995.3631652809217,4
80,25,50,1,40,3683.8230879582943,0
80,25,50,1,41,4351.438806598299,1
80,25,50,1,42,4449.715643067791,2
80,25,50,1,43,3226.0707454860258,3
80,25,50,1,44,3822.00846705607,4
80,25,50,1,45,4126.818766338781,0
80,25,50,1,46,5363.130354915428,1
80,25,50,1,47,4417.841703304858,2
80,25,50,1,48,4068.030481173538,3
80,25,50,1,49,3898.6859092448485,4
80,25,50,1,50,3886.58002891988,0
80,25,50,2,1,4328.671523430811,1
80,25,50,2,2,4175.095484845602,2
80,25,50,2,3,3350.8529862440305,3
80,25,50,2,4,3929.0796708460966,4
80,25,50,2,5,3947.2455664681597,0
80,25,50,2,6,5409.773109001312,1
80,25,50,2,7,4248.671684697198,2
80,25,50,2,8,3780.03171841169,3
80,25,50,2,9,3833.6013042866116,4
80,25,50,2,10,3797.772805951407,0
80,25,50,2,11,3735.698958275461,1
80,25,50,2,12,4424.217541277421,2
80,25,50,2,13,3188.2770930953784,3
80,25,50,2,14,4034.461342491295,4
80,25,50,2,15,4483.208630301185,0
80,25,50,2,16,4383.457232443539,1
80,25,50,2,17,4475.45138271276,2
80,25,50,2,18,3143.6310936661657,3
80,25,50,2,19,4066.3680995452723,4
80,25,50,2,20,3704.9082557887327,0
80,25,50,2,21,4440.399582488251,1
80,25,50,2,22,4232.997236477101,2
80,25,50,2,23,3410.908462185353,3
80,25,50,2,24,4038.796758309709,4
80,25,50,2,25,4084.07298639624,0
80,25,50,2,26,5645.047018626687,1
80,25,50,2,27,4187.437136322989,2
80,25,50,2,28,3570.141225061359,3
80,25,50,2,29,3795.84865267604,4
80,25,50,2,30,3969.617658783462,0
80,25,50,2,31,3719.134909796609,1
80,25,50,2,32,4407.910581023231,2
80,25,50,2,33,3087.833648737609,3
80,25,50,2,34,4095.137013565707,4
80,25,50,2,35,4469.80494195095,0
80,25,50,2,36,4468.6849706425155,1
80,25,50,2,37,4579.410193953461,2
80,25,50,2,38,3154.2230785212805,3
80,25,50,2,39,4188.443522137027,4
80,25,50,2,40,3688.0535017789534,0
80,25,50,2,41,4351.438806598299,1
80,25,50,2,42,4429.924633193174,2
80,25,50,2,43,3380.453966095245,3
80,25,50,2,44,3830.5683799159037,4
80,25,50,2,45,3928.710897163188,0
80,25,50,2,46,5337.529667839952,1
80,25,50,2,47,4259.783246104378,2
80,25,50,2,48,4028.80086812915,3
80,25,50,2,49,3868.7908904659525,4
80,25,50,2,50,3940.2841173538304,0
80,25,50,3,1,4328.671523430811,1
80,25,50,3,2,4175.095484845602,2
80,25,50,3,3,3350.8529862440305,3
80,25,50,3,4,3929.0796708460966,4
80,25,50,3,5,3947.2455664681597,0
80,25,50,3,6,5409.773109001312,1
80,25,50,3,7,4248.671684697198,2
80,25,50,3,8,3780.03171841169,3
80,25,50,3,9,3833.6013042866116,4
80,25,50,3,10,3797.772805951407,0
80,25,50,3,11,3735.698958275461,1
80,25,50,3,12,4424.217541277421,2
80,25,50,3,13,3188.2770930953784,3
80,25,50,3,14,4034.461342491295,4
80,25,50,3,15,4483.208630301185,0
80,25,50,3,16,4383.457232443539,1
80,25,50,3,17,4475.45138271276,2
80,25,50,3,18,3143.6310936661657,3
80,25,50,3,19,4066.3680995452723,4
80,25,50,3,20,3704.9082557887327,0
80,25,50,3,21,4440.399582488251,1
80,25,50,3,22,4232.997236477101,2
80,25,50,3,23,3410.908462185353,3
80,25,50,3,24,4038.796758309709,4
80,25,50,3,25,4084.07298639624,0
80,25,50,3,26,5645.047018626687,1
80,25,50,3,27,4187.437136322989,2
80,25,50,3,28,3570.141225061359,3
80,25,50,3,29,3795.84865267604,4
80,25,50,3,30,3969.617658783462,0
80,25,50,3,31,3719.134909796609,1
80,25,50,3,32,4407.910581023231,2
80,25,50,3,33,3087.833648737609,3
80,25,50,3,34,4095.137013565707,4
80,25,50,3,35,4469.80494195095,0
80,25,50,3,36,4468.6849706425155,1
80,25,50,3,37,4579.410193953461,2
80,25,50,3,38,3154.2230785212805,3
80,25,50,3,39,4188.443522137027,4
80,25,50,3,40,3688.0535017789534,0
80,25,50,3,41,4351.438806598299,1
80,25,50,3,42,4429.924633193174,2
80,25,50,3,43,3380.453966095245,3
80,25,50,3,44,3830.5683799159037,4
80,25,50,3,45,3928.710897163188,0
80,25,50,3,46,5337.529667839952,1
80,25,50,3,47,4259.783246104378,2
80,25,50,3,48,4028.80086812915,3
80,25,50,3,49,3868.7908904659525,4
80,25,50,3,50,3940.2841173538304,0
80,25,50,4,1,4328.671523430811,1
80,25,50,4,2,4175.095484845602,2
80,25,50,4,3,3350.8529862440305,3
80,25,50,4,4,3929.0796708460966,4
80,25,50,4,5,3947.2455664681597,0
80,25,50,4,6,5409.773109001312,1
80,25,50,4,7,4248.671684697198,2
80,25,50,4,8,3780.03171841169,3
80,25,50,4,9,3833.6013042866116,4
80,25,50,4,10,3797.772805951407,0
80,25,50,4,11,3735.698958275461,1
80,25,50,4,12,4424.217541277421,2
80,25,50,4,13,3188.2770930953784,3
80,25,50,4,14,4034.461342491295,4
80,25,50,4,15,4483.208630301185,0
80,25,50,4,16,4383.457232443539,1
80,25,50,4,17,4475.45138271276,2
80,25,50,4,18,3143.6310936661657,3
80,25,50,4,19,4066.3680995452723,4
80,25,50,4,20,3704.9082557887327,0
80,25,50,4,21,4440.399582488251,1
80,25,50,4,22,4232.997236477101,2
80,25,50,4,23,3410.908462185353,3
80,25,50,4,24,4038.796758309709,4
80,25,50,4,25,4084.07298639624,0
80,25,50,4,26,5645.047018626687,1
80,25,50,4,27,4187.437136322989,2
80,25,50,4,28,3570.141225061359,3
80,25,50,4,29,3795.84865267604,4
80,25,50,4,30,3969.617658783462,0
80,25,50,4,31,3719.134909796609,1
80,25,50,4,32,4407.910581023231,2
80,25,50,4,33,3087.833648737609,3
80,25,50,4,34,4095.137013565707,4
80,25,50,4,35,4469.80494195095,0
80,25,50,4,36,4468.6849706425155,1
80,25,50,4,37,4579.410193953461,2
80,25,50,4,38,3154.2230785212805,3
80,25,50,4,39,4188.443522137027,4
80,25,50,4,40,3688.0535017789534,0
80,25,50,4,41,4351.438806598299,1
80,25,50,4,42,4429.924633193174,2
80,25,50,4,43,3380.453966095245,3
80,25,50,4,44,3830.5683799159037,4
80,25,50,4,45,3928.710897163188,0
80,25,50,4,46,5337.529667839952,1
80,25,50,4,47,4259.783246104378,2
80,25,50,4,48,4028.80086812915,3
80,25,50,4,49,3868.7908904659525,4
80,25,50,4,50,3940.2841173538304,0
80,25,50,5,1,4446.807321067752,1
80,25,50,5,2,4175.095484845602,2
80,25,50,5,3,3394.1994776156316,3
80,25,50,5,4,3926.145148347571,4
80,25,50,5,5,3984.109584505032,0
80,25,50,5,6,5409.773109001312,1
80,25,50,5,7,4248.671684697198,2
80,25,50,5,8,3780.03171841169,3
80,25,50,5,9,3833.6013042866116,4
80,25,50,5,10,3861.0977607640934,0
80,25,50,5,11,3614.4656183717348,1
80,25,50,5,12,4450.211819174642,2
80,25,50,5,13,3158.7508813333584,3
80,25,50,5,14,4011.4102039232102,4
80,25,50,5,15,4483.208630301185,0
80,25,50,5,16,4383.457232443539,1
80,25,50,5,17,4389.886988108601,2
80,25,50,5,18,3143.6310936661657,3
80,25,50,5,19,4295.4673583591775,4
80,25,50,5,20,3692.0111604102053,0
80,25,50,5,21,4491.948479917806,1
80,25,50,5,22,4258.65159124032,2
80,25,50,5,23,3418.202934302403,3
80,25,50,5,24,4015.7104357388835,4
80,25,50,5,25,4068.5218571890637,0
80,25,50,5,26,5675.641517380468,1
80,25,50,5,27,4169.579463231797,2
80,25,50,5,28,3570.141225061359,3
80,25,50,5,29,3794.3192402442965,4
80,25,50,5,30,4005.175018626686,0
80,25,50,5,31,3728.1700316977112,1
80,25,50,5,32,4461.304730226983,2
80,25,50,5,33,3117.9106043113457,3
80,25,50,5,34,4133.118919538044,4
80,25,50,5,35,4469.80494195095,0
80,25,50,5,36,4499.324153579785,1
80,25,50,5,37,4563.195385452539,2
80,25,50,5,38,3154.2230785212805,3
80,25,50,5,39,3995.3631652809217,4
80,25,50,5,40,3683.8230879582943,0
80,25,50,5,41,4351.438806598299,1
80,25,50,5,42,4449.715643067791,2
80,25,50,5,43,3226.0707454860258,3
80,25,50,5,44,3822.00846705607,4
80,25,50,5,45,4126.818766338781,0
80,25,50,5,46,5363.130354915428,1
80,25,50,5,47,4417.841703304858,2
80,25,50,5,48,4068.030481173538,3
80,25,50,5,49,3898.6859092448485,4
80,25,50,5,50,3886.58002891988,0
80,50,10,0,1,4328.671523430811,1
80,50,10,0,2,4175.095484845602,2
80,50,10,0,3,3412.1277187161095,3
80,50,10,0,4,3974.001508856713,4
80,50,10,0,5,3947.2455664681597,0
80,50,10,0,6,5488.185034190148,1
80,50,10,0,7,4248.671684697198,2
80,50,10,0,8,3780.219588652752,3
80,50,10,0,9,3843.6695625107022,4
80,50,10,0,10,3874.379780132803,0
80,50,10,0,11,3735.698958275461,1
80,50,10,0,12,4443.845548050762,2
80,50,10,0,13,3202.150157042561,3
80,50,10,0,14,4034.461342491295,4
80,50,10,0,15,4431.837969596072,0
80,50,10,0,16,4413.995480127095,1
80,50,10,0,17,4475.45138271276,2
80,50,10,0,18,3097.826455526171,3
80,50,10,0,19,4011.0734975170762,4
80,50,10,0,20,3704.9082557887327,0
80,50,10,0,21,4440.399582488251,1
80,50,10,0,22,4232.997236477101,2
80,50,10,0,23,3410.908462185353,3
80,50,10,0,24,4030.6167693449265,4
80,50,10,0,25,4084.07298639624,0
80,50,10,0,26,5622.946814817634,1
80,50,10,0,27,4187.150697539907,2
80,50,10,0,28,3570.141225061359,3
80,50,10,0,29,3777.5505212047406,4
80,50,10,0,30,3931.5361509161135,0
80,50,10,0,31,3719.134909796609,1
80,50,10,0,32,4446.246793736562,2
80,50,10,0,33,3119.4894176829844,3
80,50,10,0,34,4157.584235012081,4
80,50,10,0,35,4649.407209041267,0
80,50,10,0,36,4444.965202686504,1
80,50,10,0,37,4579.410193953461,2
80,50,10,0,38,3154.2230785212805,3
80,50,10,0,39,4257.656272303507,4
80,50,10,0,40,3688.0535017789534,0
80,50,10,0,41,4351.438806598299,1
80,50,10,0,42,4429.924633193174,2
80,50,10,0,43,3307.9877873627734,3
80,50,10,0,44,3830.5683799159037,4
80,50,10,0,45,3969.4622391598014,0
80,50,10,0,46,5376.491825795772,1
80,50,10,0,47,4259.783246104378,2
80,50,10,0,48,4002.3774820677713,3
80,50,10,0,49,3868.7908904659525,4
80,50,10,0,50,3940.2841173538304,0
80,50,10,1,1,4446.807321067752,1
80,50,10,1,2,4175.095484845602,2
80,50,10,1,3,3412.1277187161095,3
80,50,10,1,4,3974.001508856713,4
80,50,10,1,5,3984.109584505032,0
80,50,10,1,6,5405.404692555034,1
80,50,10,1,7,4248.671684697198,2
80,50,10,1,8,3717.0276697045224,3
80,50,10,1,9,3851.928836317281,4
80,50,10,1,10,3874.379780132803,0
80,50,10,1,11,3614.4656183717348,1
80,50,10,1,12,4443.845548050762,2
80,50,10,1,13,3202.150157042561,3
80,50,10,1,14,4011.4102039232102,4
80,50,10,1,15,4455.6165553378105,0
80,50,10,1,16,4347.973890675241,1
80,50,10,1,17,4389.886988108601,2
80,50,10,1,18,3146.1567917197817,3
80,50,10,1,19,4011.0734975170762,4
80,50,10,1,20,3692.0111604102053,0
80,50,10,1,21,4491.948479917806,1
80,50,10,1,22,4258.65159124032,2
80,50,10,1,23,3418.202934302403,3
80,50,10,1,24,4030.6167693449265,4
80,50,10,1,25,4068.5218571890637,0
80,50,10,1,26,5622.946814817634,1
80,50,10,1,27,4187.150697539907,2
80,50,10,1,28,3570.141225061359,3
80,50,10,1,29,3777.5505212047406,4
80,50,10,1,30,3931.5361509161135,0
80,50,10,1,31,3728.1700316977112,1
80,50,10,1,32,4446.246793736562,2
80,50,10,1,33,3119.4894176829844,3
80,50,10,1,34,4157.584235012081,4
80,50,10,1,35,4517.498466028654,0
80,50,10,1,36,4444.965202686504,1
80,50,10,1,37,4563.195385452539,2
80,50,10,1,38,3154.2230785212805,3
80,50,10,1,39,4257.656272303507,4
80,50,10,1,40,3683.8230879582943,0
80,50,10,1,41,4351.438806598299,1
80,50,10,1,42,4449.715643067791,2
80,50,10,1,43,3307.9877873627734,3
80,50,10,1,44,3822.00846705607,4
80,50,10,1,45,3969.4622391598014,0
80,50,10,1,46,5376.491825795772,1
80,50,10,1,47,4417.841703304858,2
80,50,10,1,48,4002.3774820677713,3
80,50,10,1,49,3898.6859092448485,4
80,50,10,1,50,3886.58002891988,0
80,50,10,2,1,4328.671523430811,1
80,50,10,2,2,4175.095484845602,2
80,50,10,2,3,3412.1277187161095,3
80,50,10,2,4,3974.001508856713,4
80,50,10,2,5,3947.2455664681597,0
80,50,10,2,6,5488.185034190148,1
80,50,10,2,7,4248.671684697198,2
80,50,10,2,8,3780.219588652752,3
80,50,10,2,9,3843.6695625107022,4
80,50,10,2,10,3874.379780132803,0
80,50,10,2,11,3735.698958275461,1
80,50,10,2,12,4443.845548050762,2
80,50,10,2,13,3202.150157042561,3
80,50,10,2,14,4034.461342491295,4
80,50,10,2,15,4431.837969596072,0
80,50,10,2,16,4413.995480127095,1
80,50,10,2,17,4475.45138271276,2
80,50,10,2,18,3097.826455526171,3
80,50,10,2,19,4011.0734975170762,4
80,50,10,2,20,3704.9082557887327,0
80,50,10,2,21,4440.399582488251,1
80,50,10,2,22,4232.997236477101,2
80,50,10,2,23,3410.908462185353,3
80,50,10,2,24,4030.6167693449265,4
80,50,10,2,25,4084.07298639624,0
80,50,10,2,26,5622.946814817634,1
80,50,10,2,27,4187.150697539907,2
80,50,10,2,28,3570.141225061359,3
80,50,10,2,29,3777.5505212047406,4
80,50,10,2,30,3931.5361509161135,0
80,50,10,2,31,3719.134909796609,1
80,50,10,2,32,4446.246793736562,2
80,50,10,2,33,3119.4894176829844,3
80,50,10,2,34,4157.584235012081,4
80,50,10,2,35,4649.407209041267,0
80,50,10,2,36,4444.965202686504,1
80,50,10,2,37,4579.410193953461,2
80,50,10,2,38,3154.2230785212805,3
80,50,10,2,39,4257.656272303507,4
80,50,10,2,40,3688.0535017789534,0
80,50,10,2,41,4351.438806598299,1
80,50,10,2,42,4429.924633193174,2
80,50,10,2,43,3307.9877873627734,3
80,50,10,2,44,3830.5683799159037,4
80,50,10,2,45,3969.4622391598014,0
80,50,10,2,46,5376.491825795772,1
80,50,10,2,47,4259.783246104378,2
80,50,10,2,48,4002.3774820677713,3
80,50,10,2,49,3868.7908904659525,4
80,50,10,2,50,3940.2841173538304,0
80,50,10,3,1,4328.671523430811,1
80,50,10,3,2,4175.095484845602,2
80,50,10,3,3,3412.1277187161095,3
80,50,10,3,4,3974.001508856713,4
80,50,10,3,5,3947.2455664681597,0
80,50,10,3,6,5488.185034190148,1
80,50,10,3,7,4248.671684697198,2
80,50,10,3,8,3780.219588652752,3
80,50,10,3,9,3843.6695625107022,4
80,50,10,3,10,3874.379780132803,0
80,50,10,3,11,3735.698958275461,1
80,50,10,3,12,4443.845548050762,2
80,50,10,3,13,3202.150157042561,3
80,50,10,3,14,4034.461342491295,4
80,50,10,3,15,4431.837969596072,0
80,50,10,3,16,4413.995480127095,1
80,50,10,3,17,4475.45138271276,2
80,50,10,3,18,3097.826455526171,3
80,50,10,3,19,4011.0734975170762,4
80,50,10,3,20,3704.9082557887327,0
80,50,10,3,21,4440.399582488251,1
80,50,10,3,22,4232.997236477101,2
80,50,10,3,23,3410.908462185353,3
80,50,10,3,24,4030.6167693449265,4
80,50,10,3,25,4084.07298639624,0
80,50,10,3,26,5622.946814817634,1
80,50,10,3,27,4187.150697539907,2
80,50,10,3,28,3570.141225061359,3
80,50,10,3,29,3777.5505212047406,4
80,50,10,3,30,3931.5361509161135,0
80,50,10,3,31,3719.134909796609,1
80,50,10,3,32,4446.246793736562,2
80,50,10,3,33,3119.4894176829844,3
80,50,10,3,34,4157.584235012081,4
80,50,10,3,35,4649.407209041267,0
80,50,10,3,36,4444.965202686504,1
80,50,10,3,37,4579.410193953461,2
80,50,10,3,38,3154.2230785212805,3
80,50,10,3,39,4257.656272303507,4
80,50,10,3,40,3688.0535017789534,0
80,50,10,3,41,4351.438806598299,1
80,50,10,3,42,4429.924633193174,2
80,50,10,3,43,3307.9877873627734,3
80,50,10,3,44,3830.5683799159037,4
80,50,10,3,45,3969.4622391598014,0
80,50,10,3,46,5376.491825795772,1
80,50,10,3,47,4259.783246104378,2
80,50,10,3,48,4002.3774820677713,3
80,50,10,3,49,3868.7908904659525,4
80,50,10,3,50,3940.2841173538304,0
80,50,10,4,1,4328.671523430811,1
80,50,10,4,2,4175.095484845602,2
80,50,10,4,3,3412.1277187161095,3
80,50,10,4,4,3974.001508856713,4
80,50,10,4,5,3947.2455664681597,0
80,50,10,4,6,5488.185034190148,1
80,50,10,4,7,4248.671684697198,2
80,50,10,4,8,3780.219588652752,3
80,50,10,4,9,3843.6695625107022,4
80,50,10,4,10,3874.379780132803,0
80,50,10,4,11,3735.698958275461,1
80,50,10,4,12,4443.845548050762,2
80,50,10,4,13,3202.150157042561,3
80,50,10,4,14,4034.461342491295,4
80,50,10,4,15,4431.837969596072,0
80,50,10,4,16,4413.995480127095,1
80,50,10,4,17,4475.45138271276,2
80,50,10,4,18,3097.826455526171,3
80,50,10,4,19,4011.0734975170762,4
80,50,10,4,20,3704.9082557887327,0
80,50,10,4,21,4440.399582488251,1
80,50,10,4,22,4232.997236477101,2
80,50,10,4,23,3410.908462185353,3
80,50,10,4,24,4030.6167693449265,4
80,50,10,4,25,4084.07298639624,0
80,50,10,4,26,5622.946814817634,1
80,50,10,4,27,4187.150697539907,2
80,50,10,4,28,3570.141225061359,3
80,50,10,4,29,3777.5505212047406,4
80,50,10,4,30,3931.5361509161135,0
80,50,10,4,31,3719.134909796609,1
80,50,10,4,32,4446.246793736562,2
80,50,10,4,33,3119.4894176829844,3
80,50,10,4,34,4157.584235012081,4
80,50,10,4,35,4649.407209041267,0
80,50,10,4,36,4444.965202686504,1
80,50,10,4,37,4579.410193953461,2
80,50,10,4,38,3154.2230785212805,3
80,50,10,4,39,4257.656272303507,4
80,50,10,4,40,3688.0535017789534,0
80,50,10,4,41,4351.438806598299,1
80,50,10,4,42,4429.924633193174,2
80,50,10,4,43,3307.9877873627734,3
80,50,10,4,44,3830.5683799159037,4
80,50,10,4,45,3969.4622391598014,0
80,50,10,4,46,5376.491825795772,1
80,50,10,4,47,4259.783246104378,2
80,50,10,4,48,4002.3774820677713,3
80,50,10,4,49,3868.7908904659525,4
80,50,10,4,50,3940.2841173538304,0
80,50,10,5,1,4446.807321067752,1
80,50,10,5,2,4175.095484845602,2
80,50,10,5,3,3412.1277187161095,3
80,50,10,5,4,3974.001508856713,4
80,50,10,5,5,3984.109584505032,0
80,50,10,5,6,5405.404692555034,1
80,50,10,5,7,4248.671684697198,2
80,50,10,5,8,3717.0276697045224,3
80,50,10,5,9,3851.928836317281,4
80,50,10,5,10,3874.379780132803,0
80,50,10,5,11,3614.4656183717348,1
80,50,10,5,12,4443.845548050762,2
80,50,10,5,13,3202.150157042561,3
80,50,10,5,14,4011.4102039232102,4
80,50,10,5,15,4455.6165553378105,0
80,50,10,5,16,4347.973890675241,1
80,50,10,5,17,4389.886988108601,2
80,50,10,5,18,3146.1567917197817,3
80,50,10,5,19,4011.0734975170762,4
80,50,10,5,20,3692.0111604102053,0
80,50,10,5,21,4491.948479917806,1
80,50,10,5,22,4258.65159124032,2
80,50,10,5,23,3418.202934302403,3
80,50,10,5,24,4030.6167693449265,4
80,50,10,5,25,4068.5218571890637,0
80,50,10,5,26,5622.946814817634,1
80,50,10,5,27,4187.150697539907,2
80,50,10,5,28,3570.141225061359,3
80,50,10,5,29,3777.5505212047406,4
80,50,10,5,30,3931.5361509161135,0
80,50,10,5,31,3728.1700316977112,1
80,50,10,5,32,4446.246793736562,2
80,50,10,5,33,3119.4894176829844,3
80,50,10,5,34,4157.584235012081,4
80,50,10,5,35,4517.498466028654,0
80,50,10,5,36,4444.965202686504,1
80,50,10,5,37,4563.195385452539,2
80,50,10,5,38,3154.2230785212805,3
80,50,10,5,39,4257.656272303507,4
80,50,10,5,40,3683.8230879582943,0
80,50,10,5,41,4351.438806598299,1
80,50,10,5,42,4449.715643067791,2
80,50,10,5,43,3307.9877873627734,3
80,50,10,5,44,3822.00846705607,4
80,50,10,5,45,3969.4622391598014,0
80,50,10,5,46,5376.491825795772,1
80,50,10,5,47,4417.841703304858,2
80,50,10,5,48,4002.3774820677713,3
80,50,10,5,49,3898.6859092448485,4
80,50,10,5,50,3886.58002891988,0
80,50,30,0,1,4328.671523430811,1
80,50,30,0,2,4175.095484845602,2
80,50,30,0,3,3412.1277187161095,3
80,50,30,0,4,3974.001508856713,4
80,50,30,0,5,3947.2455664681597,0
80,50,30,0,6,5488.185034190148,1
80,50,30,0,7,4248.671684697198,2
80,50,30,0,8,3780.219588652752,3
80,50,30,0,9,3843.6695625107022,4
80,50,30,0,10,3874.379780132803,0
80,50,30,0,11,3735.698958275461,1
80,50,30,0,12,4443.845548050762,2
80,50,30,0,13,3202.150157042561,3
80,50,30,0,14,4034.461342491295,4
80,50,30,0,15,4431.837969596072,0
80,50,30,0,16,4413.995480127095,1
80,50,30,0,17,4475.45138271276,2
80,50,30,0,18,3097.826455526171,3
80,50,30,0,19,4011.0734975170762,4
80,50,30,0,20,3704.9082557887327,0
80,50,30,0,21,4440.399582488251,1
80,50,30,0,22,4232.997236477101,2
80,50,30,0,23,3410.908462185353,3
80,50,30,0,24,4030.6167693449265,4
80,50,30,0,25,4084.07298639624,0
80,50,30,0,26,5622.946814817634,1
80,50,30,0,27,4187.150697539907,2
80,50,30,0,28,3570.141225061359,3
80,50,30,0,29,3777.5505212047406,4
80,50,30,0,30,3931.5361509161135,0
80,50,30,0,31,3719.134909796609,1
80,50,30,0,32,4446.246793736562,2
80,50,30,0,33,3119.4894176829844,3
80,50,30,0,34,4157.584235012081,4
80,50,30,0,35,4649.407209041267,0
80,50,30,0,36,4444.965202686504,1
80,50,30,0,37,4579.410193953461,2
80,50,30,0,38,3154.2230785212805,3
80,50,30,0,39,4257.656272303507,4
80,50,30,0,40,3688.0535017789534,0
80,50,30,0,41,4351.438806598299,1
80,50,30,0,42,4429.924633193174,2
80,50,30,0,43,3307.9877873627734,3
80,50,30,0,44,3830.5683799159037,4
80,50,30,0,45,3969.4622391598014,0
80,50,30,0,46,5376.491825795772,1
80,50,30,0,47,4259.783246104378,2
80,50,30,0,48,4002.3774820677713,3
80,50,30,0,49,3868.7908904659525,4
80,50,30,0,50,3940.2841173538304,0
80,50,30,1,1,4446.807321067752,1
80,50,30,1,2,4175.095484845602,2
80,50,30,1,3,3412.1277187161095,3
80,50,30,1,4,3974.001508856713,4
80,50,30,1,5,3984.109584505032,0
80,50,30,1,6,5405.404692555034,1
80,50,30,1,7,4248.671684697198,2
80,50,30,1,8,3717.0276697045224,3
80,50,30,1,9,3851.928836317281,4
80,50,30,1,10,3874.379780132803,0
80,50,30,1,11,3614.4656183717348,1
80,50,30,1,12,4443.845548050762,2
80,50,30,1,13,3202.150157042561,3
80,50,30,1,14,4011.4102039232102,4
80,50,30,1,15,4455.6165553378105,0
80,50,30,1,16,4347.973890675241,1
80,50,30,1,17,4389.886988108601,2
80,50,30,1,18,3146.1567917197817,3
80,50,30,1,19,4011.0734975170762,4
80,50,30,1,20,3692.0111604102053,0
80,50,30,1,21,4491.948479917806,1
80,50,30,1,22,4258.65159124032,2
80,50,30,1,23,3418.202934302403,3
80,50,30,1,24,4030.6167693449265,4
80,50,30,1,25,4068.5218571890637,0
80,50,30,1,26,5622.946814817634,1
80,50,30,1,27,4187.150697539907,2
80,50,30,1,28,3570.141225061359,3
80,50,30,1,29,3777.5505212047406,4
80,50,30,1,30,3931.5361509161135,0
80,50,30,1,31,3728.1700316977112,1
80,50,30,1,32,4446.246793736562,2
80,50,30,1,33,3119.4894176829844,3
80,50,30,1,34,4157.584235012081,4
80,50,30,1,35,4517.498466028654,0
80,50,30,1,36,4444.965202686504,1
80,50,30,1,37,4563.195385452539,2
80,50,30,1,38,3154.2230785212805,3
80,50,30,1,39,4257.656272303507,4
80,50,30,1,40,3683.8230879582943,0
80,50,30,1,41,4351.438806598299,1
80,50,30,1,42,4449.715643067791,2
80,50,30,1,43,3307.9877873627734,3
80,50,30,1,44,3822.00846705607,4
80,50,30,1,45,3969.4622391598014,0
80,50,30,1,46,5376.491825795772,1
80,50,30,1,47,4417.841703304858,2
80,50,30,1,48,4002.3774820677713,3
80,50,30,1,49,3898.6859092448485,4
80,50,30,1,50,3886.58002891988,0
80,50,30,2,1,4328.671523430811,1
80,50,30,2,2,4175.095484845602,2
80,50,30,2,3,3412.1277187161095,3
80,50,30,2,4,3974.001508856713,4
80,50,30,2,5,3947.2455664681597,0
80,50,30,2,6,5488.185034190148,1
80,50,30,2,7,4248.671684697198,2
80,50,30,2,8,3780.219588652752,3
80,50,30,2,9,3843.6695625107022,4
80,50,30,2,10,3874.379780132803,0
80,50,30,2,11,3735.698958275461,1
80,50,30,2,12,4443.845548050762,2
80,50,30,2,13,3202.150157042561,3
80,50,30,2,14,4034.461342491295,4
80,50,30,2,15,4431.837969596072,0
80,50,30,2,16,4413.995480127095,1
80,50,30,2,17,4475.45138271276,2
80,50,30,2,18,3097.826455526171,3
80,50,30,2,19,4011.0734975170762,4
80,50,30,2,20,3704.9082557887327,0
80,50,30,2,21,4440.399582488251,1
80,50,30,2,22,4232.997236477101,2
80,50,30,2,23,3410.908462185353,3
80,50,30,2,24,4030.6167693449265,4
80,50,30,2,25,4084.07298639624,0
80,50,30,2,26,5622.946814817634,1
80,50,30,2,27,4187.150697539907,2
80,50,30,2,28,3570.141225061359,3
80,50,30,2,29,3777.5505212047406,4
80,50,30,2,30,3931.5361509161135,0
80,50,30,2,31,3719.134909796609,1
80,50,30,2,32,4446.246793736562,2
80,50,30,2,33,3119.4894176829844,3
80,50,30,2,34,4157.584235012081,4
80,50,30,2,35,4649.407209041267,0
80,50,30,2,36,4444.965202686504,1
80,50,30,2,37,4579.410193953461,2
80,50,30,2,38,3154.2230785212805,3
80,50,30,2,39,4257.656272303507,4
80,50,30,2,40,3688.0535017789534,0
80,50,30,2,41,4351.438806598299,1
80,50,30,2,42,4429.924633193174,2
80,50,30,2,43,3307.9877873627734,3
80,50,30,2,44,3830.5683799159037,4
80,50,30,2,45,3969.4622391598014,0
80,50,30,2,46,5376.491825795772,1
80,50,30,2,47,4259.783246104378,2
80,50,30,2,48,4002.3774820677713,3
80,50,30,2,49,3868.7908904659525,4
80,50,30,2,50,3940.2841173538304,0
80,50,30,3,1,4328.671523430811,1
80,50,30,3,2,4175.095484845602,2
80,50,30,3,3,3412.1277187161095,3
80,50,30,3,4,3974.001508856713,4
80,50,30,3,5,3947.2455664681597,0
80,50,30,3,6,5488.185034190148,1
80,50,30,3,7,4248.671684697198,2
80,50,30,3,8,3780.219588652752,3
80,50,30,3,9,3843.6695625107022,4
80,50,30,3,10,3874.379780132803,0
80,50,30,3,11,3735.698958275461,1
80,50,30,3,12,4443.845548050762,2
80,50,30,3,13,3202.150157042561,3
80,50,30,3,14,4034.461342491295,4
80,50,30,3,15,4431.837969596072,0
80,50,30,3,16,4413.995480127095,1
80,50,30,3,17,4475.45138271276,2
80,50,30,3,18,3097.826455526171,3
80,50,30,3,19,4011.0734975170762,4
80,50,30,3,20,3704.9082557887327,0
80,50,30,3,21,4440.399582488251,1
80,50,30,3,22,4232.997236477101,2
80,50,30,3,23,3410.908462185353,3
80,50,30,3,24,4030.6167693449265,4
80,50,30,3,25,4084.07298639624,0
80,50,30,3,26,5622.946814817634,1
80,50,30,3,27,4187.150697539907,2
80,50,30,3,28,3570.141225061359,3
80,50,30,3,29,3777.5505212047406,4
80,50,30,3,30,3931.5361509161135,0
80,50,30,3,31,3719.134909796609,1
80,50,30,3,32,4446.246793736562,2
80,50,30,3,33,3119.4894176829844,3
80,50,30,3,34,4157.584235012081,4
80,50,30,3,35,4649.407209041267,0
80,50,30,3,36,4444.965202686504,1
80,50,30,3,37,4579.410193953461,2
80,50,30,3,38,3154.2230785212805,3
80,50,30,3,39,4257.656272303507,4
80,50,30,3,40,3688.0535017789534,0
80,50,30,3,41,4351.438806598299,1
80,50,30,3,42,4429.924633193174,2
80,50,30,3,43,3307.9877873627734,3
80,50,30,3,44,3830.5683799159037,4
80,50,30,3,45,3969.4622391598014,0
80,50,30,3,46,5376.491825795772,1
80,50,30,3,47,4259.783246104378,2
80,50,30,3,48,4002.3774820677713,3
80,50,30,3,49,3868.7908904659525,4
80,50,30,3,50,3940.2841173538304,0
80,50,30,4,1,4328.671523430811,1
80,50,30,4,2,4175.095484845602,2
80,50,30,4,3,3412.1277187161095,3
80,50,30,4,4,3974.001508856713,4
80,50,30,4,5,3947.2455664681597,0
80,50,30,4,6,5488.185034190148,1
80,50,30,4,7,4248.671684697198,2
80,50,30,4,8,3780.219588652752,3
80,50,30,4,9,3843.6695625107022,4
80,50,30,4,10,3874.379780132803,0
80,50,30,4,11,3735.698958275461,1
80,50,30,4,12,4443.845548050762,2
80,50,30,4,13,3202.150157042561,3
80,50,30,4,14,4034.461342491295,4
80,50,30,4,15,4431.837969596072,0
80,50,30,4,16,4413.995480127095,1
80,50,30,4,17,4475.45138271276,2
80,50,30,4,18,3097.826455526171,3
80,50,30,4,19,4011.0734975170762,4
80,50,30,4,20,3704.9082557887327,0
80,50,30,4,21,4440.399582488251,1
80,50,30,4,22,4232.997236477101,2
80,50,30,4,23,3410.908462185353,3
80,50,30,4,24,4030.6167693449265,4
80,50,30,4,25,4084.07298639624,0
80,50,30,4,26,5622.946814817634,1
80,50,30,4,27,4187.150697539907,2
80,50,30,4,28,3570.141225061359,3
80,50,30,4,29,3777.5505212047406,4
80,50,30,4,30,3931.5361509161135,0
80,50,30,4,31,3719.134909796609,1
80,50,30,4,32,4446.246793736562,2
80,50,30,4,33,3119.4894176829844,3
80,50,30,4,34,4157.584235012081,4
80,50,30,4,35,4649.407209041267,0
80,50,30,4,36,4444.965202686504,1
80,50,30,4,37,4579.410193953461,2
80,50,30,4,38,3154.2230785212805,3
80,50,30,4,39,4257.656272303507,4
80,50,30,4,40,3688.0535017789534,0
80,50,30,4,41,4351.438806598299,1
80,50,30,4,42,4429.924633193174,2
80,50,30,4,43,3307.9877873627734,3
80,50,30,4,44,3830.5683799159037,4
80,50,30,4,45,3969.4622391598014,0
80,50,30,4,46,5376.491825795772,1
80,50,30,4,47,4259.783246104378,2
80,50,30,4,48,4002.3774820677713,3
80,50,30,4,49,3868.7908904659525,4
80,50,30,4,50,3940.2841173538304,0
80,50,30,5,1,4446.807321067752,1
80,50,30,5,2,4175.095484845602,2
80,50,30,5,3,3412.1277187161095,3
80,50,30,5,4,3974.001508856713,4
80,50,30,5,5,3984.109584505032,0
80,50,30,5,6,5405.404692555034,1
80,50,30,5,7,4248.671684697198,2
80,50,30,5,8,3717.0276697045224,3
80,50,30,5,9,3851.928836317281,4
80,50,30,5,10,3874.379780132803,0
80,50,30,5,11,3614.4656183717348,1
80,50,30,5,12,4443.845548050762,2
80,50,30,5,13,3202.150157042561,3
80,50,30,5,14,4011.4102039232102,4
80,50,30,5,15,4455.6165553378105,0
80,50,30,5,16,4347.973890675241,1
80,50,30,5,17,4389.886988108601,2
80,50,30,5,18,3146.1567917197817,3
80,50,30,5,19,4011.0734975170762,4
80,50,30,5,20,3692.0111604102053,0
80,50,30,5,21,4491.948479917806,1
80,50,30,5,22,4258.65159124032,2
80,50,30,5,23,3418.202934302403,3
80,50,30,5,24,4030.6167693449265,4
80,50,30,5,25,4068.5218571890637,0
80,50,30,5,26,5622.946814817634,1
80,50,30,5,27,4187.150697539907,2
80,50,30,5,28,3570.141225061359,3
80,50,30,5,29,3777.5505212047406,4
80,50,30,5,30,3931.5361509161135,0
80,50,30,5,31,3728.1700316977112,1
80,50,30,5,32,4446.246793736562,2
80,50,30,5,33,3119.4894176829844,3
80,50,30,5,34,4157.584235012081,4
80,50,30,5,35,4517.498466028654,0
80,50,30,5,36,4444.965202686504,1
80,50,30,5,37,4563.195385452539,2
80,50,30,5,38,3154.2230785212805,3
80,50,30,5,39,4257.656272303507,4
80,50,30,5,40,3683.8230879582943,0
80,50,30,5,41,4351.438806598299,1
80,50,30,5,42,4449.715643067791,2
80,50,30,5,43,3307.9877873627734,3
80,50,30,5,44,3822.00846705607,4
80,50,30,5,45,3969.4622391598014,0
80,50,30,5,46,5376.491825795772,1
80,50,30,5,47,4417.841703304858,2
80,50,30,5,48,4002.3774820677713,3
80,50,30,5,49,3898.6859092448485,4
80,50,30,5,50,3886.58002891988,0
80,50,50,0,1,4328.671523430811,1
80,50,50,0,2,4175.095484845602,2
80,50,50,0,3,3412.1277187161095,3
80,50,50,0,4,3974.001508856713,4
80,50,50,0,5,3947.2455664681597,0
80,50,50,0,6,5488.185034190148,1
80,50,50,0,7,4248.671684697198,2
80,50,50,0,8,3780.219588652752,3
80,50,50,0,9,3843.6695625107022,4
80,50,50,0,10,3874.379780132803,0
80,50,50,0,11,3735.698958275461,1
80,50,50,0,12,4443.845548050762,2
80,50,50,0,13,3202.150157042561,3
80,50,50,0,14,4034.461342491295,4
80,50,50,0,15,4431.837969596072,0
80,50,50,0,16,4413.995480127095,1
80,50,50,0,17,4475.45138271276,2
80,50,50,0,18,3097.826455526171,3
80,50,50,0,19,4011.0734975170762,4
80,50,50,0,20,3704.9082557887327,0
80,50,50,0,21,4440.399582488251,1
80,50,50,0,22,4232.997236477101,2
80,50,50,0,23,3410.908462185353,3
80,50,50,0,24,4030.6167693449265,4
80,50,50,0,25,4084.07298639624,0
80,50,50,0,26,5622.946814817634,1
80,50,50,0,27,4187.150697539907,2
80,50,50,0,28,3570.141225061359,3
80,50,50,0,29,3777.5505212047406,4
80,50,50,0,30,3931.5361509161135,0
80,50,50,0,31,3719.134909796609,1
80,50,50,0,32,4446.246793736562,2
80,50,50,0,33,3119.4894176829844,3
80,50,50,0,34,4157.584235012081,4
80,50,50,0,35,4649.407209041267,0
80,50,50,0,36,4444.965202686504,1
80,50,50,0,37,4579.410193953461,2
80,50,50,0,38,3154.2230785212805,3
80,50,50,0,39,4257.656272303507,4
80,50,50,0,40,3688.0535017789534,0
80,50,50,0,41,4351.438806598299,1
80,50,50,0,42,4429.924633193174,2
80,50,50,0,43,3307.9877873627734,3
80,50,50,0,44,3830.5683799159037,4
80,50,50,0,45,3969.4622391598014,0
80,50,50,0,46,5376.491825795772,1
80,50,50,0,47,4259.783246104378,2
80,50,50,0,48,4002.3774820677713,3
80,50,50,0,49,3868.7908904659525,4
80,50,50,0,50,3940.2841173538304,0
80,50,50,1,1,4446.807321067752,1
80,50,50,1,2,4175.095484845602,2
80,50,50,1,3,3412.1277187161095,3
80,50,50,1,4,3974.001508856713,4
80,50,50,1,5,3984.109584505032,0
80,50,50,1,6,5405.404692555034,1
80,50,50,1,7,4248.671684697198,2
80,50,50,1,8,3717.0276697045224,3
80,50,50,1,9,3851.928836317281,4
80,50,50,1,10,3874.379780132803,0
80,50,50,1,11,3614.4656183717348,1
80,50,50,1,12,4443.845548050762,2
80,50,50,1,13,3202.150157042561,3
80,50,50,1,14,4011.4102039232102,4
80,50,50,1,15,4455.6165553378105,0
80,50,50,1,16,4347.973890675241,1
80,50,50,1,17,4389.886988108601,2
80,50,50,1,18,3146.1567917197817,3
80,50,50,1,19,4011.0734975170762,4
80,50,50,1,20,3692.0111604102053,0
80,50,50,1,21,4491.948479917806,1
80,50,50,1,22,4258.65159124032,2
80,50,50,1,23,3418.202934302403,3
80,50,50,1,24,4030.6167693449265,4
80,50,50,1,25,4068.5218571890637,0
80,50,50,1,26,5622.946814817634,1
80,50,50,1,27,4187.150697539907,2
80,50,50,1,28,3570.141225061359,3
80,50,50,1,29,3777.5505212047406,4
80,50,50,1,30,3931.5361509161135,0
80,50,50,1,31,3728.1700316977112,1
80,50,50,1,32,4446.246793736562,2
80,50,50,1,33,3119.4894176829844,3
80,50,50,1,34,4157.584235012081,4
80,50,50,1,35,4517.498466028654,0
80,50,50,1,36,4444.965202686504,1
80,50,50,1,37,4563.195385452539,2
80,50,50,1,38,3154.2230785212805,3
80,50,50,1,39,4257.656272303507,4
80,50,50,1,40,3683.8230879582943,0
80,50,50,1,41,4351.438806598299,1
80,50,50,1,42,4449.715643067791,2
80,50,50,1,43,3307.9877873627734,3
80,50,50,1,44,3822.00846705607,4
80,50,50,1,45,3969.4622391598014,0
80,50,50,1,46,5376.491825795772,1
80,50,50,1,47,4417.841703304858,2
80,50,50,1,48,4002.3774820677713,3
80,50,50,1,49,3898.6859092448485,4
80,50,50,1,50,3886.58002891988,0
80,50,50,2,1,4328.671523430811,1
80,50,50,2,2,4175.095484845602,2
80,50,50,2,3,3412.1277187161095,3
80,50,50,2,4,3974.001508856713,4
80,50,50,2,5,3947.2455664681597,0
80,50,50,2,6,5488.185034190148,1
80,50,50,2,7,4248.671684697198,2
80,50,50,2,8,3780.219588652752,3
80,50,50,2,9,3843.6695625107022,4
80,50,50,2,10,3874.379780132803,0
80,50,50,2,11,3735.698958275461,1
80,50,50,2,12,4443.845548050762,2
80,50,50,2,13,3202.150157042561,3
80,50,50,2,14,4034.461342491295,4
80,50,50,2,15,4431.837969596072,0
80,50,50,2,16,4413.995480127095,1
80,50,50,2,17,4475.45138271276,2
80,50,50,2,18,3097.826455526171,3
80,50,50,2,19,4011.0734975170762,4
80,50,50,2,20,3704.9082557887327,0
80,50,50,2,21,4440.399582488251,1
80,50,50,2,22,4232.997236477101,2
80,50,50,2,23,3410.908462185353,3
80,50,50,2,24,4030.6167693449265,4
80,50,50,2,25,4084.07298639624,0
80,50,50,2,26,5622.946814817634,1
80,50,50,2,27,4187.150697539907,2
80,50,50,2,28,3570.141225061359,3
80,50,50,2,29,3777.5505212047406,4
80,50,50,2,30,3931.5361509161135,0
80,50,50,2,31,3719.134909796609,1
80,50,50,2,32,4446.246793736562,2
80,50,50,2,33,3119.4894176829844,3
80,50,50,2,34,4157.584235012081,4
80,50,50,2,35,4649.407209041267,0
80,50,50,2,36,4444.965202686504,1
80,50,50,2,37,4579.410193953461,2
80,50,50,2,38,3154.2230785212805,3
80,50,50,2,39,4257.656272303507,4
80,50,50,2,40,3688.0535017789534,0
80,50,50,2,41,4351.438806598299,1
80,50,50,2,42,4429.924633193174,2
80,50,50,2,43,3307.9877873627734,3
80,50,50,2,44,3830.5683799159037,4
80,50,50,2,45,3969.4622391598014,0
80,50,50,2,46,5376.491825795772,1
80,50,50,2,47,4259.783246104378,2
80,50,50,2,48,4002.3774820677713,3
80,50,50,2,49,3868.7908904659525,4
80,50,50,2,50,3940.2841173538304,0
80,50,50,3,1,4328.671523430811,1
80,50,50,3,2,4175.095484845602,2
80,50,50,3,3,3412.1277187161095,3
80,50,50,3,4,3974.001508856713,4
80,50,50,3,5,3947.2455664681597,0
80,50,50,3,6,5488.185034190148,1
80,50,50,3,7,4248.671684697198,2
80,50,50,3,8,3780.219588652752,3
80,50,50,3,9,3843.6695625107022,4
80,50,50,3,10,3874.379780132803,0
80,50,50,3,11,3735.698958275461,1
80,50,50,3,12,4443.845548050762,2
80,50,50,3,13,3202.150157042561,3
80,50,50,3,14,4034.461342491295,4
80,50,50,3,15,4431.837969596072,0
80,50,50,3,16,4413.995480127095,1
80,50,50,3,17,4475.45138271276,2
80,50,50,3,18,3097.826455526171,3
80,50,50,3,19,4011.0734975170762,4
80,50,50,3,20,3704.9082557887327,0
80,50,50,3,21,4440.399582488251,1
80,50,50,3,22,4232.997236477101,2
80,50,50,3,23,3410.908462185353,3
80,50,50,3,24,4030.6167693449265,4
80,50,50,3,25,4084.07298639624,0
80,50,50,3,26,5622.946814817634,1
80,50,50,3,27,4187.150697539907,2
80,50,50,3,28,3570.141225061359,3
80,50,50,3,29,3777.5505212047406,4
80,50,50,3,30,3931.5361509161135,0
80,50,50,3,31,3719.134909796609,1
80,50,50,3,32,4446.246793736562,2
80,50,50,3,33,3119.4894176829844,3
80,50,50,3,34,4157.584235012081,4
80,50,50,3,35,4649.407209041267,0
80,50,50,3,36,4444.965202686504,1
80,50,50,3,37,4579.410193953461,2
80,50,50,3,38,3154.2230785212805,3
80,50,50,3,39,4257.656272303507,4
80,50,50,3,40,3688.0535017789534,0
80,50,50,3,41,4351.438806598299,1
80,50,50,3,42,4429.924633193174,2
80,50,50,3,43,3307.9877873627734,3
80,50,50,3,44,3830.5683799159037,4
80,50,50,3,45,3969.4622391598014,0
80,50,50,3,46,5376.491825795772,1
80,50,50,3,47,4259.783246104378,2
80,50,50,3,48,4002.3774820677713,3
80,50,50,3,49,3868.7908904659525,4
80,50,50,3,50,3940.2841173538304,0
80,50,50,4,1,4328.671523430811,1
80,50,50,4,2,4175.095484845602,2
80,50,50,4,3,3412.1277187161095,3
80,50,50,4,4,3974.001508856713,4
80,50,50,4,5,3947.2455664681597,0
80,50,50,4,6,5488.185034190148,1
80,50,50,4,7,4248.671684697198,2
80,50,50,4,8,3780.219588652752,3
80,50,50,4,9,3843.6695625107022,4
80,50,50,4,10,3874.379780132803,0
80,50,50,4,11,3735.698958275461,1
80,50,50,4,12,4443.845548050762,2
80,50,50,4,13,3202.150157042561,3
80,50,50,4,14,4034.461342491295,4
80,50,50,4,15,4431.837969596072,0
80,50,50,4,16,4413.995480127095,1
80,50,50,4,17,4475.45138271276,2
80,50,50,4,18,3097.826455526171,3
80,50,50,4,19,4011.0734975170762,4
80,50,50,4,20,3704.9082557887327,0
80,50,50,4,21,4440.399582488251,1
80,50,50,4,22,4232.997236477101,2
80,50,50,4,23,3410.908462185353,3
80,50,50,4,24,4030.6167693449265,4
80,50,50,4,25,4084.07298639624,0
80,50,50,4,26,5622.946814817634,1
80,50,50,4,27,4187.150697539907,2
80,50,50,4,28,3570.141225061359,3
80,50,50,4,29,3777.5505212047406,4
80,50,50,4,30,3931.5361509161135,0
80,50,50,4,31,3719.134909796609,1
80,50,50,4,32,4446.246793736562,2
80,50,50,4,33,3119.4894176829844,3
80,50,50,4,34,4157.584235012081,4
80,50,50,4,35,4649.407209041267,0
80,50,50,4,36,4444.965202686504,1
80,50,50,4,37,4579.410193953461,2
80,50,50,4,38,3154.2230785212805,3
80,50,50,4,39,4257.656272303507,4
80,50,50,4,40,3688.0535017789534,0
80,50,50,4,41,4351.438806598299,1
80,50,50,4,42,4429.924633193174,2
80,50,50,4,43,3307.9877873627734,3
80,50,50,4,44,3830.5683799159037,4
80,50,50,4,45,3969.4622391598014,0
80,50,50,4,46,5376.491825795772,1
80,50,50,4,47,4259.783246104378,2
80,50,50,4,48,4002.3774820677713,3
80,50,50,4,49,3868.7908904659525,4
80,50,50,4,50,3940.2841173538304,0
80,50,50,5,1,4446.807321067752,1
80,50,50,5,2,4175.095484845602,2
80,50,50,5,3,3412.1277187161095,3
80,50,50,5,4,3974.001508856713,4
80,50,50,5,5,3984.109584505032,0
80,50,50,5,6,5405.404692555034,1
80,50,50,5,7,4248.671684697198,2
80,50,50,5,8,3717.0276697045224,3
80,50,50,5,9,3851.928836317281,4
80,50,50,5,10,3874.379780132803,0
80,50,50,5,11,3614.4656183717348,1
80,50,50,5,12,4443.845548050762,2
80,50,50,5,13,3202.150157042561,3
80,50,50,5,14,4011.4102039232102,4
80,50,50,5,15,4455.6165553378105,0
80,50,50,5,16,4347.973890675241,1
80,50,50,5,17,4389.886988108601,2
80,50,50,5,18,3146.1567917197817,3
80,50,50,5,19,4011.0734975170762,4
80,50,50,5,20,3692.0111604102053,0
80,50,50,5,21,4491.948479917806,1
80,50,50,5,22,4258.65159124032,2
80,50,50,5,23,3418.202934302403,3
80,50,50,5,24,4030.6167693449265,4
80,50,50,5,25,4068.5218571890637,0
80,50,50,5,26,5622.946814817634,1
80,50,50,5,27,4187.150697539907,2
80,50,50,5,28,3570.141225061359,3
80,50,50,5,29,3777.5505212047406,4
80,50,50,5,30,3931.5361509161135,0
80,50,50,5,31,3728.1700316977112,1
80,50,50,5,32,4446.246793736562,2
80,50,50,5,33,3119.4894176829844,3
80,50,50,5,34,4157.584235012081,4
80,50,50,5,35,4517.498466028654,0
80,50,50,5,36,4444.965202686504,1
80,50,50,5,37,4563.195385452539,2
80,50,50,5,38,3154.2230785212805,3
80,50,50,5,39,4257.656272303507,4
80,50,50,5,40,3683.8230879582943,0
80,50,50,5,41,4351.438806598299,1
80,50,50,5,42,4449.715643067791,2
80,50,50,5,43,3307.9877873627734,3
80,50,50,5,44,3822.00846705607,4
80,50,50,5,45,3969.4622391598014,0
80,50,50,5,46,5376.491825795772,1
80,50,50,5,47,4417.841703304858,2
80,50,50,5,48,4002.3774820677713,3
80,50,50,5,49,3898.6859092448485,4
80,50,50,5,50,3886.58002891988,0
80,75,10,0,1,4387.408907627619,1
80,75,10,0,2,4175.095484845602,2
80,75,10,0,3,3412.1277187161095,3
80,75,10,0,4,3974.001508856713,4
80,75,10,0,5,4013.198404611959,0
80,75,10,0,6,5409.773109001312,1
80,75,10,0,7,4248.671684697198,2
80,75,10,0,8,3780.03171841169,3
80,75,10,0,9,3843.6695625107022,4
80,75,10,0,10,3874.379780132803,0
80,75,10,0,11,3692.1417462280483,1
80,75,10,0,12,4443.845548050762,2
80,75,10,0,13,3202.150157042561,3
80,75,10,0,14,4034.461342491295,4
80,75,10,0,15,4483.208630301185,0
80,75,10,0,16,4413.995480127095,1
80,75,10,0,17,4429.717629254743,2
80,75,10,0,18,3097.826455526171,3
80,75,10,0,19,4011.0734975170762,4
80,75,10,0,20,3680.8223141992803,0
80,75,10,0,21,4473.066387336136,1
80,75,10,0,22,4597.458354002169,2
80,75,10,0,23,3475.2178023935003,3
80,75,10,0,24,4030.6167693449265,4
80,75,10,0,25,4123.544737380848,0
80,75,10,0,26,5622.946814817634,1
80,75,10,0,27,4187.150697539907,2
80,75,10,0,28,3498.499278677296,3
80,75,10,0,29,3795.84865267604,4
80,75,10,0,30,3969.617658783462,0
80,75,10,0,31,3818.3070966342584,1
80,75,10,0,32,4446.246793736562,2
80,75,10,0,33,3119.4894176829844,3
80,75,10,0,34,4157.584235012081,4
80,75,10,0,35,4469.80494195095,0
80,75,10,0,36,4468.6849706425155,1
80,75,10,0,37,4625.848427481496,2
80,75,10,0,38,3127.464486082307,3
80,75,10,0,39,4188.443522137027,4
80,75,10,0,40,3688.0535017789534,0
80,75,10,0,41,4351.438806598299,1
80,75,10,0,42,4374.447911033315,2
80,75,10,0,43,3307.9877873627734,3
80,75,10,0,44,3841.431103255389,4
80,75,10,0,45,3969.4622391598014,0
80,75,10,0,46,5376.491825795772,1
80,75,10,0,47,4285.7021725679715,2
80,75,10,0,48,4002.3774820677713,3
80,75,10,0,49,3878.6749785193783,4
80,75,10,0,50,3940.2841173538304,0
80,75,10,1,1,4387.408907627619,1
80,75,10,1,2,4175.095484845602,2
80,75,10,1,3,3412.1277187161095,3
80,75,10,1,4,3974.001508856713,4
80,75,10,1,5,4013.198404611959,0
80,75,10,1,6,5409.773109001312,1
80,75,10,1,7,4248.671684697198,2
80,75,10,1,8,3780.03171841169,3
80,75,10,1,9,3851.928836317281,4
80,75,10,1,10,3874.379780132803,0
80,75,10,1,11,3692.1417462280483,1
80,75,10,1,12,4443.845548050762,2
80,75,10,1,13,3202.150157042561,3
80,75,10,1,14,4011.4102039232102,4
80,75,10,1,15,4483.208630301185,0
80,75,10,1,16,4347.973890675241,1
80,75,10,1,17,4429.717629254743,2
80,75,10,1,18,3146.1567917197817,3
80,75,10,1,19,4011.0734975170762,4
80,75,10,1,20,3680.8223141992803,0
80,75,10,1,21,4473.066387336136,1
80,75,10,1,22,4597.458354002169,2
80,75,10,1,23,3475.2178023935003,3
80,75,10,1,24,4030.6167693449265,4
80,75,10,1,25,4123.544737380848,0
80,75,10,1,26,5622.946814817634,1
80,75,10,1,27,4187.150697539907,2
80,75,10,1,28,3563.7644204037365,3
80,75,10,1,29,3794.3192402442965,4
80,75,10,1,30,4005.175018626686,0
80,75,10,1,31,3818.3070966342584,1
80,75,10,1,32,4446.246793736562,2
80,75,10,1,33,3119.4894176829844,3
80,75,10,1,34,4157.584235012081,4
80,75,10,1,35,4469.80494195095,0
80,75,10,1,36,4499.324153579785,1
80,75,10,1,37,4625.848427481496,2
80,75,10,1,38,3113.84534363287,3
80,75,10,1,39,3995.3631652809217,4
80,75,10,1,40,3683.8230879582943,0
80,75,10,1,41,4351.438806598299,1
80,75,10,1,42,4374.447911033315,2
80,75,10,1,43,3307.9877873627734,3
80,75,10,1,44,3841.431103255389,4
80,75,10,1,45,3969.4622391598014,0
80,75,10,1,46,5376.491825795772,1
80,75,10,1,47,4285.7021725679715,2
80,75,10,1,48,4002.3774820677713,3
80,75,10,1,49,3878.6749785193783,4
80,75,10,1,50,3886.58002891988,0
80,75,10,2,1,4387.408907627619,1
80,75,10,2,2,4175.095484845602,2
80,75,10,2,3,3412.1277187161095,3
80,75,10,2,4,3974.001508856713,4
80,75,10,2,5,4013.198404611959,0
80,75,10,2,6,5409.773109001312,1
80,75,10,2,7,4248.671684697198,2
80,75,10,2,8,3780.03171841169,3
80,75,10,2,9,3843.6695625107022,4
80,75,10,2,10,3874.379780132803,0
80,75,10,2,11,3692.1417462280483,1
80,75,10,2,12,4443.845548050762,2
80,75,10,2,13,3202.150157042561,3
80,75,10,2,14,4034.461342491295,4
80,75,10,2,15,4483.208630301185,0
80,75,10,2,16,4413.995480127095,1
80,75,10,2,17,4429.717629254743,2
80,75,10,2,18,3097.826455526171,3
80,75,10,2,19,4011.0734975170762,4
80,75,10,2,20,3680.8223141992803,0
80,75,10,2,21,4473.066387336136,1
80,75,10,2,22,4597.458354002169,2
80,75,10,2,23,3475.2178023935003,3
80,75,10,2,24,4030.6167693449265,4
80,75,10,2,25,4123.544737380848,0
80,75,10,2,26,5622.946814817634,1
80,75,10,2,27,4187.150697539907,2
80,75,10,2,28,3498.499278677296,3
80,75,10,2,29,3795.84865267604,4
80,75,10,2,30,3969.617658783462,0
80,75,10,2,31,3818.3070966342584,1
80,75,10,2,32,4446.246793736562,2
80,75,10,2,33,3119.4894176829844,3
80,75,10,2,34,4157.584235012081,4
80,75,10,2,35,4469.80494195095,0
80,75,10,2,36,4468.6849706425155,1
80,75,10,2,37,4625.848427481496,2
80,75,10,2,38,3127.464486082307,3
80,75,10,2,39,4188.443522137027,4
80,75,10,2,40,3688.0535017789534,0
80,75,10,2,41,4351.438806598299,1
80,75,10,2,42,4374.447911033315,2
80,75,10,2,43,3307.9877873627734,3
80,75,10,2,44,3841.431103255389,4
80,75,10,2,45,3969.4622391598014,0
80,75,10,2,46,5376.491825795772,1
80,75,10,2,47,4285.7021725679715,2
80,75,10,2,48,4002.3774820677713,3
80,75,10,2,49,3878.6749785193783,4
80,75,10,2,50,3940.2841173538304,0
80,75,10,3,1,4387.408907627619,1
80,75,10,3,2,4175.095484845602,2
80,75,10,3,3,3412.1277187161095,3
80,75,10,3,4,3974.001508856713,4
80,75,10,3,5,4013.198404611959,0
80,75,10,3,6,5409.773109001312,1
80,75,10,3,7,4248.671684697198,2
80,75,10,3,8,3780.03171841169,3
80,75,10,3,9,3843.6695625107022,4
80,75,10,3,10,3874.379780132803,0
80,75,10,3,11,3692.1417462280483,1
80,75,10,3,12,4443.845548050762,2
80,75,10,3,13,3202.150157042561,3
80,75,10,3,14,4034.461342491295,4
80,75,10,3,15,4483.208630301185,0
80,75,10,3,16,4413.995480127095,1
80,75,10,3,17,4429.717629254743,2
80,75,10,3,18,3097.826455526171,3
80,75,10,3,19,4011.0734975170762,4
80,75,10,3,20,3680.8223141992803,0
80,75,10,3,21,4473.066387336136,1
80,75,10,3,22,4597.458354002169,2
80,75,10,3,23,3475.2178023935003,3
80,75,10,3,24,4030.6167693449265,4
80,75,10,3,25,4123.544737380848,0
80,75,10,3,26,5622.946814817634,1
80,75,10,3,27,4187.150697539907,2
80,75,10,3,28,3498.499278677296,3
80,75,10,3,29,3795.84865267604,4
80,75,10,3,30,3969.617658783462,0
80,75,10,3,31,3818.3070966342584,1
80,75,10,3,32,4446.246793736562,2
80,75,10,3,33,3119.4894176829844,3
80,75,10,3,34,4157.584235012081,4
80,75,10,3,35,4469.80494195095,0
80,75,10,3,36,4468.6849706425155,1
80,75,10,3,37,4625.848427481496,2
80,75,10,3,38,3127.464486082307,3
80,75,10,3,39,4188.443522137027,4
80,75,10,3,40,3688.0535017789534,0
80,75,10,3,41,4351.438806598299,1
80,75,10,3,42,4374.447911033315,2
80,75,10,3,43,3307.9877873627734,3
80,75,10,3,44,3841.431103255389,4
80,75,10,3,45,3969.4622391598014,0
80,75,10,3,46,5376.491825795772,1
80,75,10,3,47,4285.7021725679715,2
80,75,10,3,48,4002.3774820677713,3
80,75,10,3,49,3878.6749785193783,4
80,75,10,3,50,3940.2841173538304,0
80,75,10,4,1,4387.408907627619,1
80,75,10,4,2,4175.095484845602,2
80,75,10,4,3,3412.1277187161095,3
80,75,10,4,4,3974.001508856713,4
80,75,10,4,5,4013.198404611959,0
80,75,10,4,6,5409.773109001312,1
80,75,10,4,7,4248.671684697198,2
80,75,10,4,8,3780.03171841169,3
80,75,10,4,9,3843.6695625107022,4
80,75,10,4,10,3874.379780132803,0
80,75,10,4,11,3692.1417462280483,1
80,75,10,4,12,4443.845548050762,2
80,75,10,4,13,3202.150157042561,3
80,75,10,4,14,4034.461342491295,4
80,75,10,4,15,4483.208630301185,0
80,75,10,4,16,4413.995480127095,1
80,75,10,4,17,4429.717629254743,2
80,75,10,4,18,3097.826455526171,3
80,75,10,4,19,4011.0734975170762,4
80,75,10,4,20,3680.8223141992803,0
80,75,10,4,21,4473.066387336136,1
80,75,10,4,22,4597.458354002169,2
80,75,10,4,23,3475.2178023935003,3
80,75,10,4,24,4030.6167693449265,4
80,75,10,4,25,4123.544737380848,0
80,75,10,4,26,5622.946814817634,1
80,75,10,4,27,4187.150697539907,2
80,75,10,4,28,3498.499278677296,3
80,75,10,4,29,3795.84865267604,4
80,75,10,4,30,3969.617658783462,0
80,75,10,4,31,3818.3070966342584,1
80,75,10,4,32,4446.246793736562,2
80,75,10,4,33,3119.4894176829844,3
80,75,10,4,34,4157.584235012081,4
80,75,10,4,35,4469.80494195095,0
80,75,10,4,36,4468.6849706425155,1
80,75,10,4,37,4625.848427481496,2
80,75,10,4,38,3127.464486082307,3
80,75,10,4,39,4188.443522137027,4
80,75,10,4,40,3688.0535017789534,0
80,75,10,4,41,4351.438806598299,1
80,75,10,4,42,4374.447911033315,2
80,75,10,4,43,3307.9877873627734,3
80,75,10,4,44,3841.431103255389,4
80,75,10,4,45,3969.4622391598014,0
80,75,10,4,46,5376.491825795772,1
80,75,10,4,47,4285.7021725679715,2
80,75,10,4,48,4002.3774820677713,3
80,75,10,4,49,3878.6749785193783,4
80,75,10,4,50,3940.2841173538304,0
80,75,10,5,1,4387.408907627619,1
80,75,10,5,2,4175.095484845602,2
80,75,10,5,3,3412.1277187161095,3
80,75,10,5,4,3974.001508856713,4
80,75,10,5,5,4013.198404611959,0
80,75,10,5,6,5409.773109001312,1
80,75,10,5,7,4248.671684697198,2
80,75,10,5,8,3780.03171841169,3
80,75,10,5,9,3851.928836317281,4
80,75,10,5,10,3874.379780132803,0
80,75,10,5,11,3692.1417462280483,1
80,75,10,5,12,4443.845548050762,2
80,75,10,5,13,3202.150157042561,3
80,75,10,5,14,4011.4102039232102,4
80,75,10,5,15,4483.208630301185,0
80,75,10,5,16,4347.973890675241,1
80,75,10,5,17,4429.717629254743,2
80,75,10,5,18,3146.1567917197817,3
80,75,10,5,19,4011.0734975170762,4
80,75,10,5,20,3680.8223141992803,0
80,75,10,5,21,4473.066387336136,1
80,75,10,5,22,4597.458354002169,2
80,75,10,5,23,3475.2178023935003,3
80,75,10,5,24,4030.6167693449265,4
80,75,10,5,25,4123.544737380848,0
80,75,10,5,26,5622.946814817634,1
80,75,10,5,27,4187.150697539907,2
80,75,10,5,28,3563.7644204037365,3
80,75,10,5,29,3794.3192402442965,4
80,75,10,5,30,4005.175018626686,0
80,75,10,5,31,3818.3070966342584,1
80,75,10,5,32,4446.246793736562,2
80,75,10,5,33,3119.4894176829844,3
80,75,10,5,34,4157.584235012081,4
80,75,10,5,35,4469.80494195095,0
80,75,10,5,36,4499.324153579785,1
80,75,10,5,37,4625.848427481496,2
80,75,10,5,38,3113.84534363287,3
80,75,10,5,39,3995.3631652809217,4
80,75,10,5,40,3683.8230879582943,0
80,75,10,5,41,4351.438806598299,1
80,75,10,5,42,4374.447911033315,2
80,75,10,5,43,3307.9877873627734,3
80,75,10,5,44,3841.431103255389,4
80,75,10,5,45,3969.4622391598014,0
80,75,10,5,46,5376.491825795772,1
80,75,10,5,47,4285.7021725679715,2
80,75,10,5,48,4002.3774820677713,3
80,75,10,5,49,3878.6749785193783,4
80,75,10,5,50,3886.58002891988,0
80,75,30,0,1,4387.408907627619,1
80,75,30,0,2,4175.095484845602,2
80,75,30,0,3,3412.1277187161095,3
80,75,30,0,4,3974.001508856713,4
80,75,30,0,5,4013.198404611959,0
80,75,30,0,6,5409.773109001312,1
80,75,30,0,7,4248.671684697198,2
80,75,30,0,8,3780.03171841169,3
80,75,30,0,9,3843.6695625107022,4
80,75,30,0,10,3874.379780132803,0
80,75,30,0,11,3692.1417462280483,1
80,75,30,0,12,4443.845548050762,2
80,75,30,0,13,3202.150157042561,3
80,75,30,0,14,4034.461342491295,4
80,75,30,0,15,4483.208630301185,0
80,75,30,0,16,4413.995480127095,1
80,75,30,0,17,4429.717629254743,2
80,75,30,0,18,3097.826455526171,3
80,75,30,0,19,4011.0734975170762,4
80,75,30,0,20,3680.8223141992803,0
80,75,30,0,21,4473.066387336136,1
80,75,30,0,22,4597.458354002169,2
80,75,30,0,23,3475.2178023935003,3
80,75,30,0,24,4030.6167693449265,4
80,75,30,0,25,4123.544737380848,0
80,75,30,0,26,5622.946814817634,1
80,75,30,0,27,4187.150697539907,2
80,75,30,0,28,3498.499278677296,3
80,75,30,0,29,3795.84865267604,4
80,75,30,0,30,3969.617658783462,0
80,75,30,0,31,3818.3070966342584,1
80,75,30,0,32,4446.246793736562,2
80,75,30,0,33,3119.4894176829844,3
80,75,30,0,34,4157.584235012081,4
80,75,30,0,35,4469.80494195095,0
80,75,30,0,36,4468.6849706425155,1
80,75,30,0,37,4625.848427481496,2
80,75,30,0,38,3127.464486082307,3
80,75,30,0,39,4188.443522137027,4
80,75,30,0,40,3688.0535017789534,0
80,75,30,0,41,4351.438806598299,1
80,75,30,0,42,4374.447911033315,2
80,75,30,0,43,3307.9877873627734,3
80,75,30,0,44,3841.431103255389,4
80,75,30,0,45,3969.4622391598014,0
80,75,30,0,46,5376.491825795772,1
80,75,30,0,47,4285.7021725679715,2
80,75,30,0,48,4002.3774820677713,3
80,75,30,0,49,3878.6749785193783,4
80,75,30,0,50,3940.2841173538304,0
80,75,30,1,1,4387.408907627619,1
80,75,30,1,2,4175.095484845602,2
80,75,30,1,3,3412.1277187161095,3
80,75,30,1,4,3974.001508856713,4
80,75,30,1,5,4013.198404611959,0
80,75,30,1,6,5409.773109001312,1
80,75,30,1,7,4248.671684697198,2
80,75,30,1,8,3780.03171841169,3
80,75,30,1,9,3851.928836317281,4
80,75,30,1,10,3874.379780132803,0
80,75,30,1,11,3692.1417462280483,1
80,75,30,1,12,4443.845548050762,2
80,75,30,1,13,3202.150157042561,3
80,75,30,1,14,4011.4102039232102,4
80,75,30,1,15,4483.208630301185,0
80,75,30,1,16,4347.973890675241,1
80,75,30,1,17,4429.717629254743,2
80,75,30,1,18,3146.1567917197817,3
80,75,30,1,19,4011.0734975170762,4
80,75,30,1,20,3680.8223141992803,0
80,75,30,1,21,4473.066387336136,1
80,75,30,1,22,4597.458354002169,2
80,75,30,1,23,3475.2178023935003,3
80,75,30,1,24,4030.6167693449265,4
80,75,30,1,25,4123.544737380848,0
80,75,30,1,26,5622.946814817634,1
80,75,30,1,27,4187.150697539907,2
80,75,30,1,28,3563.7644204037365,3
80,75,30,1,29,3794.3192402442965,4
80,75,30,1,30,4005.175018626686,0
80,75,30,1,31,3818.3070966342584,1
80,75,30,1,32,4446.246793736562,2
80,75,30,1,33,3119.4894176829844,3
80,75,30,1,34,4157.584235012081,4
80,75,30,1,35,4469.80494195095,0
80,75,30,1,36,4499.324153579785,1
80,75,30,1,37,4625.848427481496,2
80,75,30,1,38,3113.84534363287,3
80,75,30,1,39,3995.3631652809217,4
80,75,30,1,40,3683.8230879582943,0
80,75,30,1,41,4351.438806598299,1
80,75,30,1,42,4374.447911033315,2
80,75,30,1,43,3307.9877873627734,3
80,75,30,1,44,3841.431103255389,4
80,75,30,1,45,3969.4622391598014,0
80,75,30,1,46,5376.491825795772,1
80,75,30,1,47,4285.7021725679715,2
80,75,30,1,48,4002.3774820677713,3
80,75,30,1,49,3878.6749785193783,4
80,75,30,1,50,3886.58002891988,0
80,75,30,2,1,4387.408907627619,1
80,75,30,2,2,4175.095484845602,2
80,75,30,2,3,3412.1277187161095,3
80,75,30,2,4,3974.001508856713,4
80,75,30,2,5,4013.198404611959,0
80,75,30,2,6,5409.773109001312,1
80,75,30,2,7,4248.671684697198,2
80,75,30,2,8,3780.03171841169,3
80,75,30,2,9,3843.6695625107022,4
80,75,30,2,10,3874.379780132803,0
80,75,30,2,11,3692.1417462280483,1
80,75,30,2,12,4443.845548050762,2
80,75,30,2,13,3202.150157042561,3
80,75,30,2,14,4034.461342491295,4
80,75,30,2,15,4483.208630301185,0
80,75,30,2,16,4413.995480127095,1
80,75,30,2,17,4429.717629254743,2
80,75,30,2,18,3097.826455526171,3
80,75,30,2,19,4011.0734975170762,4
80,75,30,2,20,3680.8223141992803,0
80,75,30,2,21,4473.066387336136,1
80,75,30,2,22,4597.458354002169,2
80,75,30,2,23,3475.2178023935003,3
80,75,30,2,24,4030.6167693449265,4
80,75,30,2,25,4123.544737380848,0
80,75,30,2,26,5622.946814817634,1
80,75,30,2,27,4187.150697539907,2
80,75,30,2,28,3498.499278677296,3
80,75,30,2,29,3795.84865267604,4
80,75,30,2,30,3969.617658783462,0
80,75,30,2,31,3818.3070966342584,1
80,75,30,2,32,4446.246793736562,2
80,75,30,2,33,3119.4894176829844,3
80,75,30,2,34,4157.584235012081,4
80,75,30,2,35,4469.80494195095,0
80,75,30,2,36,4468.6849706425155,1
80,75,30,2,37,4625.848427481496,2
80,75,30,2,38,3127.464486082307,3
80,75,30,2,39,4188.443522137027,4
80,75,30,2,40,3688.0535017789534,0
80,75,30,2,41,4351.438806598299,1
80,75,30,2,42,4374.447911033315,2
80,75,30,2,43,3307.9877873627734,3
80,75,30,2,44,3841.431103255389,4
80,75,30,2,45,3969.4622391598014,0
80,75,30,2,46,5376.491825795772,1
80,75,30,2,47,4285.7021725679715,2
80,75,30,2,48,4002.3774820677713,3
80,75,30,2,49,3878.6749785193783,4
80,75,30,2,50,3940.2841173538304,0
80,75,30,3,1,4387.408907627619,1
80,75,30,3,2,4175.095484845602,2
80,75,30,3,3,3412.1277187161095,3
80,75,30,3,4,3974.001508856713,4
80,75,30,3,5,4013.198404611959,0
80,75,30,3,6,5409.773109001312,1
80,75,30,3,7,4248.671684697198,2
80,75,30,3,8,3780.03171841169,3
80,75,30,3,9,3843.6695625107022,4
80,75,30,3,10,3874.379780132803,0
80,75,30,3,11,3692.1417462280483,1
80,75,30,3,12,4443.845548050762,2
80,75,30,3,13,3202.150157042561,3
80,75,30,3,14,4034.461342491295,4
80,75,30,3,15,4483.208630301185,0
80,75,30,3,16,4413.995480127095,1
80,75,30,3,17,4429.717629254743,2
80,75,30,3,18,3097.826455526171,3
80,75,30,3,19,4011.0734975170762,4
80,75,30,3,20,3680.8223141992803,0
80,75,30,3,21,4473.066387336136,1
80,75,30,3,22,4597.458354002169,2
80,75,30,3,23,3475.2178023935003,3
80,75,30,3,24,4030.6167693449265,4
80,75,30,3,25,4123.544737380848,0
80,75,30,3,26,5622.946814817634,1
80,75,30,3,27,4187.150697539907,2
80,75,30,3,28,3498.499278677296,3
80,75,30,3,29,3795.84865267604,4
80,75,30,3,30,3969.617658783462,0
80,75,30,3,31,3818.3070966342584,1
80,75,30,3,32,4446.246793736562,2
80,75,30,3,33,3119.4894176829844,3
80,75,30,3,34,4157.584235012081,4
80,75,30,3,35,4469.80494195095,0
80,75,30,3,36,4468.6849706425155,1
80,75,30,3,37,4625.848427481496,2
80,75,30,3,38,3127.464486082307,3
80,75,30,3,39,4188.443522137027,4
80,75,30,3,40,3688.0535017789534,0
80,75,30,3,41,4351.438806598299,1
80,75,30,3,42,4374.447911033315,2
80,75,30,3,43,3307.9877873627734,3
80,75,30,3,44,3841.431103255389,4
80,75,30,3,45,3969.4622391598014,0
80,75,30,3,46,5376.491825795772,1
80,75,30,3,47,4285.7021725679715,2
80,75,30,3,48,4002.3774820677713,3
80,75,30,3,49,3878.6749785193783,4
80,75,30,3,50,3940.2841173538304,0
80,75,30,4,1,4387.408907627619,1
80,75,30,4,2,4175.095484845602,2
80,75,30,4,3,3412.1277187161095,3
80,75,30,4,4,3974.001508856713,4
80,75,30,4,5,4013.198404611959,0
80,75,30,4,6,5409.773109001312,1
80,75,30,4,7,4248.671684697198,2
80,75,30,4,8,3780.03171841169,3
80,75,30,4,9,3843.6695625107022,4
80,75,30,4,10,3874.379780132803,0
80,75,30,4,11,3692.1417462280483,1
80,75,30,4,12,4443.845548050762,2
80,75,30,4,13,3202.150157042561,3
80,75,30,4,14,4034.461342491295,4
80,75,30,4,15,4483.208630301185,0
80,75,30,4,16,4413.995480127095,1
80,75,30,4,17,4429.717629254743,2
80,75,30,4,18,3097.826455526171,3
80,75,30,4,19,4011.0734975170762,4
80,75,30,4,20,3680.8223141992803,0
80,75,30,4,21,4473.066387336136,1
80,75,30,4,22,4597.458354002169,2
80,75,30,4,23,3475.2178023935003,3
80,75,30,4,24,4030.6167693449265,4
80,75,30,4,25,4123.544737380848,0
80,75,30,4,26,5622.946814817634,1
80,75,30,4,27,4187.150697539907,2
80,75,30,4,28,3498.499278677296,3
80,75,30,4,29,3795.84865267604,4
80,75,30,4,30,3969.617658783462,0
80,75,30,4,31,3818.3070966342584,1
80,75,30,4,32,4446.246793736562,2
80,75,30,4,33,3119.4894176829844,3
80,75,30,4,34,4157.584235012081,4
80,75,30,4,35,4469.80494195095,0
80,75,30,4,36,4468.6849706425155,1
80,75,30,4,37,4625.848427481496,2
80,75,30,4,38,3127.464486082307,3
80,75,30,4,39,4188.443522137027,4
80,75,30,4,40,3688.0535017789534,0
80,75,30,4,41,4351.438806598299,1
80,75,30,4,42,4374.447911033315,2
80,75,30,4,43,3307.9877873627734,3
80,75,30,4,44,3841.431103255389,4
80,75,30,4,45,3969.4622391598014,0
80,75,30,4,46,5376.491825795772,1
80,75,30,4,47,4285.7021725679715,2
80,75,30,4,48,4002.3774820677713,3
80,75,30,4,49,3878.6749785193783,4
80,75,30,4,50,3940.2841173538304,0
80,75,30,5,1,4387.408907627619,1
80,75,30,5,2,4175.095484845602,2
80,75,30,5,3,3412.1277187161095,3
80,75,30,5,4,3974.001508856713,4
80,75,30,5,5,4013.198404611959,0
80,75,30,5,6,5409.773109001312,1
80,75,30,5,7,4248.671684697198,2
80,75,30,5,8,3780.03171841169,3
80,75,30,5,9,3851.928836317281,4
80,75,30,5,10,3874.379780132803,0
80,75,30,5,11,3692.1417462280483,1
80,75,30,5,12,4443.845548050762,2
80,75,30,5,13,3202.150157042561,3
80,75,30,5,14,4011.4102039232102,4
80,75,30,5,15,4483.208630301185,0
80,75,30,5,16,4347.973890675241,1
80,75,30,5,17,4429.717629254743,2
80,75,30,5,18,3146.1567917197817,3
80,75,30,5,19,4011.0734975170762,4
80,75,30,5,20,3680.8223141992803,0
80,75,30,5,21,4473.066387336136,1
80,75,30,5,22,4597.458354002169,2
80,75,30,5,23,3475.2178023935003,3
80,75,30,5,24,4030.6167693449265,4
80,75,30,5,25,4123.544737380848,0
80,75,30,5,26,5622.946814817634,1
80,75,30,5,27,4187.150697539907,2
80,75,30,5,28,3563.7644204037365,3
80,75,30,5,29,3794.3192402442965,4
80,75,30,5,30,4005.175018626686,0
80,75,30,5,31,3818.3070966342584,1
80,75,30,5,32,4446.246793736562,2
80,75,30,5,33,3119.4894176829844,3
80,75,30,5,34,4157.584235012081,4
80,75,30,5,35,4469.80494195095,0
80,75,30,5,36,4499.324153579785,1
80,75,30,5,37,4625.848427481496,2
80,75,30,5,38,3113.84534363287,3
80,75,30,5,39,3995.3631652809217,4
80,75,30,5,40,3683.8230879582943,0
80,75,30,5,41,4351.438806598299,1
80,75,30,5,42,4374.447911033315,2
80,75,30,5,43,3307.9877873627734,3
80,75,30,5,44,3841.431103255389,4
80,75,30,5,45,3969.4622391598014,0
80,75,30,5,46,5376.491825795772,1
80,75,30,5,47,4285.7021725679715,2
80,75,30,5,48,4002.3774820677713,3
80,75,30,5,49,3878.6749785193783,4
80,75,30,5,50,3886.58002891988,0
80,75,50,0,1,4387.408907627619,1
80,75,50,0,2,4175.095484845602,2
80,75,50,0,3,3412.1277187161095,3
80,75,50,0,4,3974.001508856713,4
80,75,50,0,5,4013.198404611959,0
80,75,50,0,6,5409.773109001312,1
80,75,50,0,7,4248.671684697198,2
80,75,50,0,8,3780.03171841169,3
80,75,50,0,9,3843.6695625107022,4
80,75,50,0,10,3874.379780132803,0
80,75,50,0,11,3692.1417462280483,1
80,75,50,0,12,4443.845548050762,2
80,75,50,0,13,3202.150157042561,3
80,75,50,0,14,4034.461342491295,4
80,75,50,0,15,4483.208630301185,0
80,75,50,0,16,4413.995480127095,1
80,75,50,0,17,4429.717629254743,2
80,75,50,0,18,3097.826455526171,3
80,75,50,0,19,4011.0734975170762,4
80,75,50,0,20,3680.8223141992803,0
80,75,50,0,21,4473.066387336136,1
80,75,50,0,22,4597.458354002169,2
80,75,50,0,23,3475.2178023935003,3
80,75,50,0,24,4030.6167693449265,4
80,75,50,0,25,4123.544737380848,0
80,75,50,0,26,5622.946814817634,1
80,75,50,0,27,4187.150697539907,2
80,75,50,0,28,3498.499278677296,3
80,75,50,0,29,3795.84865267604,4
80,75,50,0,30,3969.617658783462,0
80,75,50,0,31,3818.3070966342584,1
80,75,50,0,32,4446.246793736562,2
80,75,50,0,33,3119.4894176829844,3
80,75,50,0,34,4157.584235012081,4
80,75,50,0,35,4469.80494195095,0
80,75,50,0,36,4468.6849706425155,1
80,75,50,0,37,4625.848427481496,2
80,75,50,0,38,3127.464486082307,3
80,75,50,0,39,4188.443522137027,4
80,75,50,0,40,3688.0535017789534,0
80,75,50,0,41,4351.438806598299,1
80,75,50,0,42,4374.447911033315,2
80,75,50,0,43,3307.9877873627734,3
80,75,50,0,44,3841.431103255389,4
80,75,50,0,45,3969.4622391598014,0
80,75,50,0,46,5376.491825795772,1
80,75,50,0,47,4285.7021725679715,2
80,75,50,0,48,4002.3774820677713,3
80,75,50,0,49,3878.6749785193783,4
80,75,50,0,50,3940.2841173538304,0
80,75,50,1,1,4387.408907627619,1
80,75,50,1,2,4175.095484845602,2
80,75,50,1,3,3412.1277187161095,3
80,75,50,1,4,3974.001508856713,4
80,75,50,1,5,4013.198404611959,0
80,75,50,1,6,5409.773109001312,1
80,75,50,1,7,4248.671684697198,2
80,75,50,1,8,3780.03171841169,3
80,75,50,1,9,3851.928836317281,4
80,75,50,1,10,3874.379780132803,0
80,75,50,1,11,3692.1417462280483,1
80,75,50,1,12,4443.845548050762,2
80,75,50,1,13,3202.150157042561,3
80,75,50,1,14,4011.4102039232102,4
80,75,50,1,15,4483.208630301185,0
80,75,50,1,16,4347.973890675241,1
80,75,50,1,17,4429.717629254743,2
80,75,50,1,18,3146.1567917197817,3
80,75,50,1,19,4011.0734975170762,4
80,75,50,1,20,3680.8223141992803,0
80,75,50,1,21,4473.066387336136,1
80,75,50,1,22,4597.458354002169,2
80,75,50,1,23,3475.2178023935003,3
80,75,50,1,24,4030.6167693449265,4
80,75,50,1,25,4123.544737380848,0
80,75,50,1,26,5622.946814817634,1
80,75,50,1,27,4187.150697539907,2
80,75,50,1,28,3563.7644204037365,3
80,75,50,1,29,3794.3192402442965,4
80,75,50,1,30,4005.175018626686,0
80,75,50,1,31,3818.3070966342584,1
80,75,50,1,32,4446.246793736562,2
80,75,50,1,33,3119.4894176829844,3
80,75,50,1,34,4157.584235012081,4
80,75,50,1,35,4469.80494195095,0
80,75,50,1,36,4499.324153579785,1
80,75,50,1,37,4625.848427481496,2
80,75,50,1,38,3113.84534363287,3
80,75,50,1,39,3995.3631652809217,4
80,75,50,1,40,3683.8230879582943,0
80,75,50,1,41,4351.438806598299,1
80,75,50,1,42,4374.447911033315,2
80,75,50,1,43,3307.9877873627734,3
80,75,50,1,44,3841.431103255389,4
80,75,50,1,45,3969.4622391598014,0
80,75,50,1,46,5376.491825795772,1
80,75,50,1,47,4285.7021725679715,2
80,75,50,1,48,4002.3774820677713,3
80,75,50,1,49,3878.6749785193783,4
80,75,50,1,50,3886.58002891988,0
80,75,50,2,1,4387.408907627619,1
80,75,50,2,2,4175.095484845602,2
80,75,50,2,3,3412.1277187161095,3
80,75,50,2,4,3974.001508856713,4
80,75,50,2,5,4013.198404611959,0
80,75,50,2,6,5409.773109001312,1
80,75,50,2,7,4248.671684697198,2
80,75,50,2,8,3780.03171841169,3
80,75,50,2,9,3843.6695625107022,4
80,75,50,2,10,3874.379780132803,0
80,75,50,2,11,3692.1417462280483,1
80,75,50,2,12,4443.845548050762,2
80,75,50,2,13,3202.150157042561,3
80,75,50,2,14,4034.461342491295,4
80,75,50,2,15,4483.208630301185,0
80,75,50,2,16,4413.995480127095,1
80,75,50,2,17,4429.717629254743,2
80,75,50,2,18,3097.826455526171,3
80,75,50,2,19,4011.0734975170762,4
80,75,50,2,20,3680.8223141992803,0
80,75,50,2,21,4473.066387336136,1
80,75,50,2,22,4597.458354002169,2
80,75,50,2,23,3475.2178023935003,3
80,75,50,2,24,4030.6167693449265,4
80,75,50,2,25,4123.544737380848,0
80,75,50,2,26,5622.946814817634,1
80,75,50,2,27,4187.150697539907,2
80,75,50,2,28,3498.499278677296,3
80,75,50,2,29,3795.84865267604,4
80,75,50,2,30,3969.617658783462,0
80,75,50,2,31,3818.3070966342584,1
80,75,50,2,32,4446.246793736562,2
80,75,50,2,33,3119.4894176829844,3
80,75,50,2,34,4157.584235012081,4
80,75,50,2,35,4469.80494195095,0
80,75,50,2,36,4468.6849706425155,1
80,75,50,2,37,4625.848427481496,2
80,75,50,2,38,3127.464486082307,3
80,75,50,2,39,4188.443522137027,4
80,75,50,2,40,3688.0535017789534,0
80,75,50,2,41,4351.438806598299,1
80,75,50,2,42,4374.447911033315,2
80,75,50,2,43,3307.9877873627734,3
80,75,50,2,44,3841.431103255389,4
80,75,50,2,45,3969.4622391598014,0
80,75,50,2,46,5376.491825795772,1
80,75,50,2,47,4285.7021725679715,2
80,75,50,2,48,4002.3774820677713,3
80,75,50,2,49,3878.6749785193783,4
80,75,50,2,50,3940.2841173538304,0
80,75,50,3,1,4387.408907627619,1
80,75,50,3,2,4175.095484845602,2
80,75,50,3,3,3412.1277187161095,3
80,75,50,3,4,3974.001508856713,4
80,75,50,3,5,4013.198404611959,0
80,75,50,3,6,5409.773109001312,1
80,75,50,3,7,4248.671684697198,2
80,75,50,3,8,3780.03171841169,3
80,75,50,3,9,3843.6695625107022,4
80,75,50,3,10,3874.379780132803,0
80,75,50,3,11,3692.1417462280483,1
80,75,50,3,12,4443.845548050762,2
80,75,50,3,13,3202.150157042561,3
80,75,50,3,14,4034.461342491295,4
80,75,50,3,15,4483.208630301185,0
80,75,50,3,16,4413.995480127095,1
80,75,50,3,17,4429.717629254743,2
80,75,50,3,18,3097.826455526171,3
80,75,50,3,19,4011.0734975170762,4
80,75,50,3,20,3680.8223141992803,0
80,75,50,3,21,4473.066387336136,1
80,75,50,3,22,4597.458354002169,2
80,75,50,3,23,3475.2178023935003,3
80,75,50,3,24,4030.6167693449265,4
80,75,50,3,25,4123.544737380848,0
80,75,50,3,26,5622.946814817634,1
80,75,50,3,27,4187.150697539907,2
80,75,50,3,28,3498.499278677296,3
80,75,50,3,29,3795.84865267604,4
80,75,50,3,30,3969.617658783462,0
80,75,50,3,31,3818.3070966342584,1
80,75,50,3,32,4446.246793736562,2
80,75,50,3,33,3119.4894176829844,3
80,75,50,3,34,4157.584235012081,4
80,75,50,3,35,4469.80494195095,0
80,75,50,3,36,4468.6849706425155,1
80,75,50,3,37,4625.848427481496,2
80,75,50,3,38,3127.464486082307,3
80,75,50,3,39,4188.443522137027,4
80,75,50,3,40,3688.0535017789534,0
80,75,50,3,41,4351.438806598299,1
80,75,50,3,42,4374.447911033315,2
80,75,50,3,43,3307.9877873627734,3
80,75,50,3,44,3841.431103255389,4
80,75,50,3,45,3969.4622391598014,0
80,75,50,3,46,5376.491825795772,1
80,75,50,3,47,4285.7021725679715,2
80,75,50,3,48,4002.3774820677713,3
80,75,50,3,49,3878.6749785193783,4
80,75,50,3,50,3940.2841173538304,0
80,75,50,4,1,4387.408907627619,1
80,75,50,4,2,4175.095484845602,2
80,75,50,4,3,3412.1277187161095,3
80,75,50,4,4,3974.001508856713,4
80,75,50,4,5,4013.198404611959,0
80,75,50,4,6,5409.773109001312,1
80,75,50,4,7,4248.671684697198,2
80,75,50,4,8,3780.03171841169,3
80,75,50,4,9,3843.6695625107022,4
80,75,50,4,10,3874.379780132803,0
80,75,50,4,11,3692.1417462280483,1
80,75,50,4,12,4443.845548050762,2
80,75,50,4,13,3202.150157042561,3
80,75,50,4,14,4034.461342491295,4
80,75,50,4,15,4483.208630301185,0
80,75,50,4,16,4413.995480127095,1
80,75,50,4,17,4429.717629254743,2
80,75,50,4,18,3097.826455526171,3
80,75,50,4,19,4011.0734975170762,4
80,75,50,4,20,3680.8223141992803,0
80,75,50,4,21,4473.066387336136,1
80,75,50,4,22,4597.458354002169,2
80,75,50,4,23,3475.2178023935003,3
80,75,50,4,24,4030.6167693449265,4
80,75,50,4,25,4123.544737380848,0
80,75,50,4,26,5622.946814817634,1
80,75,50,4,27,4187.150697539907,2
80,75,50,4,28,3498.499278677296,3
80,75,50,4,29,3795.84865267604,4
80,75,50,4,30,3969.617658783462,0
80,75,50,4,31,3818.3070966342584,1
80,75,50,4,32,4446.246793736562,2
80,75,50,4,33,3119.4894176829844,3
80,75,50,4,34,4157.584235012081,4
80,75,50,4,35,4469.80494195095,0
80,75,50,4,36,4468.6849706425155,1
80,75,50,4,37,4625.848427481496,2
80,75,50,4,38,3127.464486082307,3
80,75,50,4,39,4188.443522137027,4
80,75,50,4,40,3688.0535017789534,0
80,75,50,4,41,4351.438806598299,1
80,75,50,4,42,4374.447911033315,2
80,75,50,4,43,3307.9877873627734,3
80,75,50,4,44,3841.431103255389,4
80,75,50,4,45,3969.4622391598014,0
80,75,50,4,46,5376.491825795772,1
80,75,50,4,47,4285.7021725679715,2
80,75,50,4,48,4002.3774820677713,3
80,75,50,4,49,3878.6749785193783,4
80,75,50,4,50,3940.2841173538304,0
80,75,50,5,1,4387.408907627619,1
80,75,50,5,2,4175.095484845602,2
80,75,50,5,3,3412.1277187161095,3
80,75,50,5,4,3974.001508856713,4
80,75,50,5,5,4013.198404611959,0
80,75,50,5,6,5409.773109001312,1
80,75,50,5,7,4248.671684697198,2
80,75,50,5,8,3780.03171841169,3
80,75,50,5,9,3851.928836317281,4
80,75,50,5,10,3874.379780132803,0
80,75,50,5,11,3692.1417462280483,1
80,75,50,5,12,4443.845548050762,2
80,75,50,5,13,3202.150157042561,3
80,75,50,5,14,4011.4102039232102,4
80,75,50,5,15,4483.208630301185,0
80,75,50,5,16,4347.973890675241,1
80,75,50,5,17,4429.717629254743,2
80,75,50,5,18,3146.1567917197817,3
80,75,50,5,19,4011.0734975170762,4
80,75,50,5,20,3680.8223141992803,0
80,75,50,5,21,4473.066387336136,1
80,75,50,5,22,4597.458354002169,2
80,75,50,5,23,3475.2178023935003,3
80,75,50,5,24,4030.6167693449265,4
80,75,50,5,25,4123.544737380848,0
80,75,50,5,26,5622.946814817634,1
80,75,50,5,27,4187.150697539907,2
80,75,50,5,28,3563.7644204037365,3
80,75,50,5,29,3794.3192402442965,4
80,75,50,5,30,4005.175018626686,0
80,75,50,5,31,3818.3070966342584,1
80,75,50,5,32,4446.246793736562,2
80,75,50,5,33,3119.4894176829844,3
80,75,50,5,34,4157.584235012081,4
80,75,50,5,35,4469.80494195095,0
80,75,50,5,36,4499.324153579785,1
80,75,50,5,37,4625.848427481496,2
80,75,50,5,38,3113.84534363287,3
80,75,50,5,39,3995.3631652809217,4
80,75,50,5,40,3683.8230879582943,0
80,75,50,5,41,4351.438806598299,1
80,75,50,5,42,4374.447911033315,2
80,75,50,5,43,3307.9877873627734,3
80,75,50,5,44,3841.431103255389,4
80,75,50,5,45,3969.4622391598014,0
80,75,50,5,46,5376.491825795772,1
80,75,50,5,47,4285.7021725679715,2
80,75,50,5,48,4002.3774820677713,3
80,75,50,5,49,3878.6749785193783,4
80,75,50,5,50,3886.58002891988,0
