pen_rate,inel_rate,scenario,markov_rho,n_houses,dt_hr,P_community_peak_kw,P_onpeak_peak_kw,CF_onpeak,P50_kw,P90_kw,P99_kw,CF,CF_ci_lo,CF_ci_hi,ramp_rate_kw_per_min,trough_kw,load_factor,E_annual_kwh,E_pv_kwh,E_ev_kwh,E_ev_grid_import_kwh,E_ev_grid_export_kwh,E_cost_usd,demand_charge_usd,total_bill_usd,E_carbon_kg,E_baseline_cost_usd,E_ev_cost_usd,E_batt_cost_usd,E_pv_credit_usd,decomp_err_pct,P_peak_building_kw,P_peak_ev_kw,P_peak_batt_kw,P_peak_pv_kw,demand_charge_lb_uniform_usd,demand_charge_lb_opf_usd,optimality_gap_pct,comm_free_oracle_gap_pct,active_set_rho_cert,lp_opf_status,lp_opf_g2v_day_kwh,lp_opf_v2g_day_kwh,lp_opf_peak_kw,lp_opf_peak_hour,L_community,L_per_house_max,L_n_elastic,L_p_baseline_kw,jain_fairness,SRE_ratio,SRE_ci_lo,SRE_ci_hi,MIT_ratio,MIT_ci_lo,MIT_ci_hi,VF_ratio,VF_ci_lo,VF_ci_hi,HYB_ratio,HYB_ci_lo,HYB_ci_hi,SRE_onpeak,MIT_onpeak,VF_onpeak
0.250000,0.100000,0,0.400000,50,0.166670,85.476200,85.476200,0.335185,3.032200,24.639000,43.062400,0.331043,0.269573,0.351014,2.669940,0.000000,0.097229,72802.090000,257426.980000,52952.420000,52952.420000,0.000000,27126.580000,29051.290000,56177.880000,22153.040000,19599.540000,8777.070000,260.310000,1510.340000,0.000000,110.482000,21.000000,1.693500,47.700000,3726.870000,936.380000,3002.530000,32.570000,0.457000,ok,145.010000,0.000000,2.088100,1,,1.512657,44,0.712100,0.339408,2.637567,2.327329,3.394223,0.476363,0.400157,0.562365,1.170212,0.889732,1.488682,2.061046,1.758196,2.441397,0.913922,1.233644,0.905926
0.250000,0.100000,1,0.400000,50,0.166670,93.761000,72.757700,0.377906,7.131600,53.579500,75.429600,0.415935,0.366140,0.459410,3.317510,0.000000,0.192917,158451.580000,257426.980000,52858.930000,52858.930000,0.000000,56525.210000,36360.910000,92886.120000,45874.460000,31205.660000,14714.750000,14094.470000,3489.670000,0.000000,31.175700,23.234000,39.351300,0.000000,8111.420000,727.570000,4897.610000,27.360000,0.528000,ok,144.870000,0.000000,1.622400,12,13.084331,1.512657,44,0.712100,0.601322,2.637567,2.327329,3.394223,0.476363,0.400157,0.562365,1.170212,0.889732,1.488682,2.061046,1.758196,2.441397,0.913922,1.233644,0.905926
0.250000,0.100000,2,0.400000,50,0.166670,289.954900,58.847200,0.306333,6.681400,39.731300,226.399300,0.873148,0.816925,0.914991,7.060460,0.000000,0.063300,160782.080000,257426.980000,52934.660000,52934.660000,0.000000,57365.330000,125030.680000,182396.020000,48429.260000,30609.910000,16221.190000,14082.980000,3548.740000,0.000000,32.954900,7.000000,250.000000,0.000000,8230.720000,3637.070000,3337.670000,2.470000,0.704000,ok,145.010000,0.000000,8.110500,12,,1.512657,44,0.712100,0.597844,2.637567,2.327329,3.394223,0.476363,0.400157,0.562365,1.170212,0.889732,1.488682,2.061046,1.758196,2.441397,0.913922,1.233644,0.905926
0.250000,0.100000,3,0.400000,50,0.166670,85.476200,85.476200,0.335185,3.032200,24.639000,43.062400,0.331043,0.269573,0.351014,2.669940,0.000000,0.097229,72802.090000,257426.980000,52952.420000,52952.420000,0.000000,26265.860000,29051.290000,55317.160000,22153.040000,19350.050000,8161.110000,265.040000,1510.340000,0.000000,110.482000,21.000000,1.693500,47.700000,3726.870000,936.380000,3002.530000,32.570000,0.457000,ok,145.010000,0.000000,2.088100,1,,1.512657,44,0.712100,0.348394,2.637567,2.327329,3.394223,0.476363,0.400157,0.562365,1.170212,0.889732,1.488682,2.061046,1.758196,2.441397,0.913922,1.233644,0.905926
0.250000,0.100000,4,0.400000,50,0.166670,116.321500,58.847200,0.342355,0.817500,64.412200,94.404500,0.486732,0.408752,0.545066,3.219450,0.000000,0.158558,161567.240000,257426.980000,52806.950000,52806.950000,0.000000,57331.680000,45975.910000,103307.590000,46115.460000,29187.100000,19865.230000,11857.810000,3578.470000,0.000000,36.970200,49.000000,30.351500,0.000000,8270.910000,686.970000,6592.570000,66.140000,0.302000,ok,144.850000,0.000000,1.531900,0,,1.512657,44,0.712100,0.609373,2.637567,2.327329,3.394223,0.476363,0.400157,0.562365,1.170212,0.889732,1.488682,2.061046,1.758196,2.441397,0.913922,1.233644,0.905926
0.250000,0.100000,5,0.400000,50,0.166670,286.539700,72.757700,0.377906,7.296400,47.440100,96.603800,0.857261,0.807733,0.893893,3.095320,0.000000,0.062088,155846.820000,257426.980000,52853.050000,52853.050000,0.000000,55574.990000,106471.880000,162046.880000,45179.760000,31776.520000,13927.120000,13303.850000,3432.490000,0.000000,33.177900,28.938900,224.423100,0.000000,7978.080000,726.160000,14562.390000,7.090000,0.524000,ok,144.800000,0.000000,1.619300,8,,1.512657,44,0.712100,0.601081,2.637567,2.327329,3.394223,0.476363,0.400157,0.562365,1.170212,0.889732,1.488682,2.061046,1.758196,2.441397,0.913922,1.233644,0.905926
0.250000,0.300000,0,0.400000,50,0.166670,85.476200,85.476200,0.335185,3.032200,24.639000,43.062400,0.331043,0.269573,0.351014,2.669940,0.000000,0.097229,72802.090000,257426.980000,52952.420000,52952.420000,0.000000,27126.580000,29051.290000,56177.880000,22153.040000,19599.540000,8777.070000,260.310000,1510.340000,0.000000,110.482000,21.000000,1.693500,47.700000,3726.870000,936.380000,3002.530000,32.570000,0.457000,ok,145.010000,0.000000,2.088100,1,,1.512657,38,0.712100,0.339408,2.618814,2.300603,3.381047,0.472374,0.392932,0.560730,1.188543,0.902693,1.521961,2.062078,1.744577,2.467892,0.913782,1.307980,0.854571
0.250000,0.300000,1,0.400000,50,0.166670,93.511100,79.757700,0.400616,7.151700,53.380000,75.289100,0.409520,0.358134,0.452814,3.225750,0.000000,0.193269,158317.930000,257426.980000,52866.630000,52866.630000,0.000000,56494.800000,36173.720000,92668.510000,45795.680000,31270.130000,13832.270000,14875.490000,3483.090000,0.000000,31.175700,21.973300,40.362100,0.000000,8104.580000,737.510000,4804.850000,25.270000,0.459000,ok,144.880000,0.000000,1.644600,12,11.300104,1.512657,38,0.712100,0.601648,2.618814,2.300603,3.381047,0.472374,0.392932,0.560730,1.188543,0.902693,1.521961,2.062078,1.744577,2.467892,0.913782,1.307980,0.854571
0.250000,0.300000,2,0.400000,50,0.166670,289.954900,60.847200,0.306286,6.836900,41.448300,227.046500,0.866940,0.807544,0.911439,6.360460,0.000000,0.063171,160455.800000,257426.980000,52934.660000,52934.660000,0.000000,57264.140000,125030.680000,182294.820000,48163.300000,30707.990000,15225.900000,14868.340000,3538.090000,0.000000,32.954900,7.000000,250.000000,0.000000,8214.020000,3631.680000,3342.780000,2.470000,0.629000,ok,145.010000,0.000000,8.098500,23,,1.512657,38,0.712100,0.598108,2.618814,2.300603,3.381047,0.472374,0.392932,0.560730,1.188543,0.902693,1.521961,2.062078,1.744577,2.467892,0.913782,1.307980,0.854571
0.250000,0.300000,3,0.400000,50,0.166670,85.476200,85.476200,0.335185,3.032200,24.639000,43.062400,0.331043,0.269573,0.351014,2.669940,0.000000,0.097229,72802.090000,257426.980000,52952.420000,52952.420000,0.000000,26265.860000,29051.290000,55317.160000,22153.040000,19350.050000,8161.110000,265.040000,1510.340000,0.000000,110.482000,21.000000,1.693500,47.700000,3726.870000,936.380000,3002.530000,32.570000,0.457000,ok,145.010000,0.000000,2.088100,1,,1.512657,38,0.712100,0.348394,2.618814,2.300603,3.381047,0.472374,0.392932,0.560730,1.188543,0.902693,1.521961,2.062078,1.744577,2.467892,0.913782,1.307980,0.854571
0.250000,0.300000,4,0.400000,50,0.166670,116.321500,58.847200,0.342355,0.817500,64.412200,94.404500,0.486732,0.408752,0.545066,3.219450,0.000000,0.158558,161567.240000,257426.980000,52806.950000,52806.950000,0.000000,57331.680000,45975.910000,103307.590000,46115.460000,29187.100000,19865.230000,11857.810000,3578.470000,0.000000,36.970200,49.000000,30.351500,0.000000,8270.910000,686.970000,6592.570000,66.140000,0.302000,ok,144.850000,0.000000,1.531900,0,,1.512657,38,0.712100,0.609373,2.618814,2.300603,3.381047,0.472374,0.392932,0.560730,1.188543,0.902693,1.521961,2.062078,1.744577,2.467892,0.913782,1.307980,0.854571
0.250000,0.300000,5,0.400000,50,0.166670,282.965300,79.757700,0.400616,7.328000,47.238300,97.321500,0.844462,0.789969,0.883836,3.038530,0.000000,0.062761,155570.600000,257426.980000,52860.850000,52860.850000,0.000000,55492.460000,105848.990000,161341.440000,45052.440000,31868.380000,13079.310000,13967.550000,3422.780000,0.000000,33.177900,25.966100,223.821200,0.000000,7963.940000,736.210000,14277.510000,5.940000,0.454000,ok,144.820000,0.000000,1.641700,0,,1.512657,38,0.712100,0.601399,2.618814,2.300603,3.381047,0.472374,0.392932,0.560730,1.188543,0.902693,1.521961,2.062078,1.744577,2.467892,0.913782,1.307980,0.854571
0.250000,0.500000,0,0.400000,50,0.166670,85.476200,85.476200,0.335185,3.032200,24.639000,43.062400,0.331043,0.269573,0.351014,2.669940,0.000000,0.097229,72802.090000,257426.980000,52952.420000,52952.420000,0.000000,27126.580000,29051.290000,56177.880000,22153.040000,19599.540000,8777.070000,260.310000,1510.340000,0.000000,110.482000,21.000000,1.693500,47.700000,3726.870000,936.380000,3002.530000,32.570000,0.457000,ok,145.010000,0.000000,2.088100,1,,1.512657,29,0.712100,0.339408,2.582474,2.260428,3.354709,0.459462,0.379026,0.556964,1.239138,0.924948,1.590189,2.113557,1.748576,2.547869,0.885019,1.264724,0.912523
0.250000,0.500000,1,0.400000,50,0.166670,92.976700,79.757700,0.375174,7.250100,53.237300,74.857100,0.392799,0.342768,0.441919,3.225750,0.000000,0.194520,158431.720000,257426.980000,52877.990000,52877.990000,0.000000,56582.900000,35710.900000,92293.790000,45785.400000,31392.500000,12580.400000,16089.940000,3479.950000,0.000000,31.175700,19.873500,41.927500,0.000000,8110.400000,752.110000,4648.070000,21.710000,0.302000,ok,144.910000,0.000000,1.677200,12,8.623763,1.512657,29,0.712100,0.603004,2.582474,2.260428,3.354709,0.459462,0.379026,0.556964,1.239138,0.924948,1.590189,2.113557,1.748576,2.547869,0.885019,1.264724,0.912523
0.250000,0.500000,2,0.400000,50,0.166670,289.954900,62.936800,0.296645,7.109700,42.678100,230.146100,0.854910,0.793442,0.904339,5.660460,0.000000,0.063111,160303.150000,257426.980000,52934.660000,52934.660000,0.000000,57256.420000,125037.200000,182293.620000,47877.410000,30884.130000,13812.190000,16089.440000,3529.340000,0.000000,32.954900,7.000000,250.000000,0.000000,8206.200000,3904.770000,3102.170000,2.470000,0.450000,ok,145.010000,0.000000,8.707500,11,,1.512657,29,0.712100,0.599263,2.582474,2.260428,3.354709,0.459462,0.379026,0.556964,1.239138,0.924948,1.590189,2.113557,1.748576,2.547869,0.885019,1.264724,0.912523
0.250000,0.500000,3,0.400000,50,0.166670,85.476200,85.476200,0.335185,3.032200,24.639000,43.062400,0.331043,0.269573,0.351014,2.669940,0.000000,0.097229,72802.090000,257426.980000,52952.420000,52952.420000,0.000000,26265.860000,29051.290000,55317.160000,22153.040000,19350.050000,8161.110000,265.040000,1510.340000,0.000000,110.482000,21.000000,1.693500,47.700000,3726.870000,936.380000,3002.530000,32.570000,0.457000,ok,145.010000,0.000000,2.088100,1,,1.512657,29,0.712100,0.348394,2.582474,2.260428,3.354709,0.459462,0.379026,0.556964,1.239138,0.924948,1.590189,2.113557,1.748576,2.547869,0.885019,1.264724,0.912523
0.250000,0.500000,4,0.400000,50,0.166670,116.321500,58.847200,0.342355,0.817500,64.412200,94.404500,0.486732,0.408752,0.545066,3.219450,0.000000,0.158558,161567.240000,257426.980000,52806.950000,52806.950000,0.000000,57331.680000,45975.910000,103307.590000,46115.460000,29187.100000,19865.230000,11857.810000,3578.470000,0.000000,36.970200,49.000000,30.351500,0.000000,8270.910000,686.970000,6592.570000,66.140000,0.302000,ok,144.850000,0.000000,1.531900,0,,1.512657,29,0.712100,0.609373,2.582474,2.260428,3.354709,0.459462,0.379026,0.556964,1.239138,0.924948,1.590189,2.113557,1.748576,2.547869,0.885019,1.264724,0.912523
0.250000,0.500000,5,0.400000,50,0.166670,281.577100,79.757700,0.375174,7.447900,46.717100,99.229500,0.830203,0.772729,0.873328,3.041680,0.000000,0.063082,155598.510000,257426.980000,52872.550000,52872.550000,0.000000,55549.290000,105430.310000,160979.600000,45004.210000,32008.260000,11899.460000,15059.310000,3417.740000,0.000000,33.177900,21.697000,226.702400,0.000000,7965.360000,751.090000,13937.040000,5.190000,0.299000,ok,144.840000,0.000000,1.674900,1,,1.512657,29,0.712100,0.602873,2.582474,2.260428,3.354709,0.459462,0.379026,0.556964,1.239138,0.924948,1.590189,2.113557,1.748576,2.547869,0.885019,1.264724,0.912523
0.500000,0.100000,0,0.400000,50,0.166670,141.745300,141.745300,0.428671,10.572300,43.969200,87.373300,0.413924,0.320405,0.494621,3.996010,0.000000,0.123681,153573.270000,257426.980000,150433.420000,150433.420000,0.000000,60259.390000,49782.120000,110041.500000,48127.810000,27164.080000,33890.170000,317.520000,1112.380000,0.000000,36.770600,105.000000,-0.025300,0.000000,7861.690000,7316.170000,580.440000,175.580000,0.525000,ok,412.000000,0.000000,16.314700,4,,5.202885,44,0.713000,0.420078,1.989112,1.554633,2.717504,0.616497,0.502599,0.739594,1.135589,0.828139,1.480503,1.738839,1.456931,2.098144,0.802739,1.004664,0.995005
0.500000,0.100000,1,0.400000,50,0.166670,142.851000,66.599900,0.345716,7.092100,89.236700,119.593000,0.507587,0.437614,0.568714,5.094940,0.000000,0.202367,253236.600000,257426.980000,150119.140000,150119.140000,0.000000,92364.190000,58050.110000,150414.300000,73119.340000,31483.420000,49597.060000,14718.060000,3434.350000,0.000000,33.079100,69.675700,40.097000,0.000000,12963.630000,7030.120000,725.730000,95.220000,0.641000,ok,411.550000,0.000000,15.676800,0,44.950794,5.202885,44,0.713000,0.593442,1.989112,1.554633,2.717504,0.616497,0.502599,0.739594,1.135589,0.828139,1.480503,1.738839,1.456931,2.098144,0.802739,1.004664,0.995005
0.500000,0.100000,2,0.400000,50,0.166670,315.309900,66.177100,0.344111,6.080100,93.328200,252.863100,0.823341,0.768954,0.870702,13.904350,0.000000,0.092150,254528.480000,257426.980000,150372.250000,150372.250000,0.000000,92851.480000,136312.470000,229163.950000,77704.600000,30797.730000,50531.870000,14981.600000,3459.730000,0.000000,33.024200,32.285700,250.000000,0.000000,13029.770000,7073.050000,1827.210000,11.410000,0.763000,ok,412.000000,0.000000,15.772600,23,,5.202885,44,0.713000,0.591677,1.989112,1.554633,2.717504,0.616497,0.502599,0.739594,1.135589,0.828139,1.480503,1.738839,1.456931,2.098144,0.802739,1.004664,0.995005
0.500000,0.100000,3,0.400000,50,0.166670,141.745300,141.745300,0.428671,10.572300,43.969200,87.373300,0.413924,0.320405,0.494621,3.996010,0.000000,0.123681,153573.270000,257426.980000,150433.420000,150433.420000,0.000000,57991.830000,49782.120000,107773.950000,48127.810000,26916.960000,31863.600000,323.660000,1112.380000,0.000000,36.770600,105.000000,-0.025300,0.000000,7861.690000,7316.170000,580.440000,175.580000,0.525000,ok,412.000000,0.000000,16.314700,4,,5.202885,44,0.713000,0.419639,1.989112,1.554633,2.717504,0.616497,0.502599,0.739594,1.135589,0.828139,1.480503,1.738839,1.456931,2.098144,0.802739,1.004664,0.995005
0.500000,0.100000,4,0.400000,50,0.166670,176.016400,59.177100,0.343989,1.034600,113.248100,152.428800,0.576410,0.470974,0.647889,3.514870,0.000000,0.167229,257850.600000,257426.980000,150036.340000,150036.340000,0.000000,93775.350000,72092.440000,165867.790000,73291.760000,29475.990000,55965.300000,11887.830000,3553.760000,0.000000,37.271100,109.030000,29.714800,0.000000,13199.830000,6997.000000,930.330000,154.120000,0.316000,ok,411.630000,0.000000,15.603000,0,,5.202885,44,0.713000,0.594607,1.989112,1.554633,2.717504,0.616497,0.502599,0.739594,1.135589,0.828139,1.480503,1.738839,1.456931,2.098144,0.802739,1.004664,0.995005
0.500000,0.100000,5,0.400000,50,0.166670,344.867500,66.599900,0.345716,7.404200,79.957300,170.042300,0.882612,0.828577,0.918177,4.895580,0.000000,0.082908,250468.430000,257426.980000,150066.740000,150066.740000,0.000000,91355.220000,119302.390000,210657.610000,72206.770000,32209.020000,48654.100000,13866.700000,3374.600000,0.000000,34.083000,97.448100,213.336600,0.000000,12821.920000,7024.550000,1598.360000,36.880000,0.638000,ok,411.220000,0.000000,15.664400,8,,5.202885,44,0.713000,0.592428,1.989112,1.554633,2.717504,0.616497,0.502599,0.739594,1.135589,0.828139,1.480503,1.738839,1.456931,2.098144,0.802739,1.004664,0.995005
0.500000,0.300000,0,0.400000,50,0.166670,141.745300,141.745300,0.428671,10.572300,43.969200,87.373300,0.413924,0.320405,0.494621,3.996010,0.000000,0.123681,153573.270000,257426.980000,150433.420000,150433.420000,0.000000,60259.390000,49782.120000,110041.500000,48127.810000,27164.080000,33890.170000,317.520000,1112.380000,0.000000,36.770600,105.000000,-0.025300,0.000000,7861.690000,7316.170000,580.440000,175.580000,0.525000,ok,412.000000,0.000000,16.314700,4,,5.202885,38,0.713000,0.420078,1.959384,1.524804,2.689399,0.594744,0.482045,0.729906,1.194981,0.855546,1.559761,1.784712,1.456625,2.176481,0.728125,1.004825,1.096792
0.500000,0.300000,1,0.400000,50,0.166670,138.964200,66.599900,0.313632,10.026700,87.484200,115.540100,0.482359,0.415377,0.550495,5.030490,0.000000,0.208799,254177.020000,257426.980000,150163.050000,150163.050000,0.000000,93127.420000,55987.370000,149114.790000,73872.340000,32243.490000,45610.450000,18709.900000,3436.410000,0.000000,33.079100,60.964300,44.921500,0.000000,13011.770000,7062.720000,692.720000,77.820000,0.513000,ok,411.610000,0.000000,15.749500,9,38.821140,5.202885,38,0.713000,0.594129,1.959384,1.524804,2.689399,0.594744,0.482045,0.729906,1.194981,0.855546,1.559761,1.784712,1.456625,2.176481,0.728125,1.004825,1.096792
0.500000,0.300000,2,0.400000,50,0.166670,315.309900,66.177100,0.312126,8.937400,82.679600,255.380500,0.811036,0.754200,0.861697,11.933540,0.000000,0.092349,255079.770000,257426.980000,150372.250000,150372.250000,0.000000,93472.560000,136365.280000,229837.850000,77660.270000,31649.040000,46292.470000,18985.250000,3454.200000,0.000000,33.024200,32.285700,250.000000,0.000000,13057.990000,7100.450000,1820.520000,11.410000,0.629000,ok,412.000000,0.000000,15.833700,4,,5.202885,38,0.713000,0.592272,1.959384,1.524804,2.689399,0.594744,0.482045,0.729906,1.194981,0.855546,1.559761,1.784712,1.456625,2.176481,0.728125,1.004825,1.096792
0.500000,0.300000,3,0.400000,50,0.166670,141.745300,141.745300,0.428671,10.572300,43.969200,87.373300,0.413924,0.320405,0.494621,3.996010,0.000000,0.123681,153573.270000,257426.980000,150433.420000,150433.420000,0.000000,57991.830000,49782.120000,107773.950000,48127.810000,26916.960000,31863.600000,323.660000,1112.380000,0.000000,36.770600,105.000000,-0.025300,0.000000,7861.690000,7316.170000,580.440000,175.580000,0.525000,ok,412.000000,0.000000,16.314700,4,,5.202885,38,0.713000,0.419639,1.959384,1.524804,2.689399,0.594744,0.482045,0.729906,1.194981,0.855546,1.559761,1.784712,1.456625,2.176481,0.728125,1.004825,1.096792
0.500000,0.300000,4,0.400000,50,0.166670,176.016400,59.177100,0.343989,1.034600,113.248100,152.428800,0.576410,0.470974,0.647889,3.514870,0.000000,0.167229,257850.600000,257426.980000,150036.340000,150036.340000,0.000000,93775.350000,72092.440000,165867.790000,73291.760000,29475.990000,55965.300000,11887.830000,3553.760000,0.000000,37.271100,109.030000,29.714800,0.000000,13199.830000,6997.000000,930.330000,154.120000,0.316000,ok,411.630000,0.000000,15.603000,0,,5.202885,38,0.713000,0.594607,1.959384,1.524804,2.689399,0.594744,0.482045,0.729906,1.194981,0.855546,1.559761,1.784712,1.456625,2.176481,0.728125,1.004825,1.096792
0.500000,0.300000,5,0.400000,50,0.166670,336.459200,66.599900,0.313632,12.712400,78.353200,152.170700,0.860872,0.801865,0.904060,4.978950,0.000000,0.084846,250073.210000,257426.980000,150111.640000,150111.640000,0.000000,91631.190000,118041.920000,209673.100000,72604.270000,33127.280000,44696.420000,17154.740000,3347.260000,0.000000,34.083000,82.475700,219.900000,0.000000,12801.690000,7061.450000,1571.640000,30.310000,0.508000,ok,411.320000,0.000000,15.746700,22,,5.202885,38,0.713000,0.593139,1.959384,1.524804,2.689399,0.594744,0.482045,0.729906,1.194981,0.855546,1.559761,1.784712,1.456625,2.176481,0.728125,1.004825,1.096792
0.500000,0.500000,0,0.400000,50,0.166670,141.745300,141.745300,0.428671,10.572300,43.969200,87.373300,0.413924,0.320405,0.494621,3.996010,0.000000,0.123681,153573.270000,257426.980000,150433.420000,150433.420000,0.000000,60259.390000,49782.120000,110041.500000,48127.810000,27164.080000,33890.170000,317.520000,1112.380000,0.000000,36.770600,105.000000,-0.025300,0.000000,7861.690000,7316.170000,580.440000,175.580000,0.525000,ok,412.000000,0.000000,16.314700,4,,5.202885,29,0.713000,0.420078,1.902144,1.472428,2.613140,0.557966,0.448255,0.690919,1.312077,0.935973,1.726291,1.914596,1.548870,2.369644,0.694010,1.004736,1.150807
0.500000,0.500000,1,0.400000,50,0.166670,129.195100,68.862400,0.298911,14.124100,82.957400,109.305900,0.439311,0.375307,0.503192,5.053530,0.000000,0.225020,254666.030000,257426.980000,150217.560000,150217.560000,0.000000,93632.690000,52850.650000,146483.340000,74537.010000,32735.720000,42848.090000,21482.580000,3433.690000,0.000000,33.079100,47.447000,48.669700,0.000000,13036.810000,7091.640000,645.250000,57.210000,0.400000,ok,411.680000,0.000000,15.814000,13,29.626659,5.202885,29,0.713000,0.594324,1.902144,1.472428,2.613140,0.557966,0.448255,0.690919,1.312077,0.935973,1.726291,1.914596,1.548870,2.369644,0.694010,1.004736,1.150807
0.500000,0.500000,2,0.400000,50,0.166670,304.024200,68.439600,0.297502,12.860200,82.843700,250.250400,0.787343,0.728294,0.837263,10.285540,0.000000,0.095751,255008.490000,257426.980000,150378.790000,150378.790000,0.000000,93772.670000,131542.030000,225314.710000,77446.700000,32255.920000,43188.420000,21768.530000,3440.200000,0.000000,33.024200,21.000000,250.000000,0.000000,13054.340000,7123.800000,1746.520000,7.420000,0.546000,ok,412.000000,0.000000,15.885700,22,,5.202885,29,0.713000,0.592517,1.902144,1.472428,2.613140,0.557966,0.448255,0.690919,1.312077,0.935973,1.726291,1.914596,1.548870,2.369644,0.694010,1.004736,1.150807
0.500000,0.500000,3,0.400000,50,0.166670,141.745300,141.745300,0.428671,10.572300,43.969200,87.373300,0.413924,0.320405,0.494621,3.996010,0.000000,0.123681,153573.270000,257426.980000,150433.420000,150433.420000,0.000000,57991.830000,49782.120000,107773.950000,48127.810000,26916.960000,31863.600000,323.660000,1112.380000,0.000000,36.770600,105.000000,-0.025300,0.000000,7861.690000,7316.170000,580.440000,175.580000,0.525000,ok,412.000000,0.000000,16.314700,4,,5.202885,29,0.713000,0.419639,1.902144,1.472428,2.613140,0.557966,0.448255,0.690919,1.312077,0.935973,1.726291,1.914596,1.548870,2.369644,0.694010,1.004736,1.150807
0.500000,0.500000,4,0.400000,50,0.166670,176.016400,59.177100,0.343989,1.034600,113.248100,152.428800,0.576410,0.470974,0.647889,3.514870,0.000000,0.167229,257850.600000,257426.980000,150036.340000,150036.340000,0.000000,93775.350000,72092.440000,165867.790000,73291.760000,29475.990000,55965.300000,11887.830000,3553.760000,0.000000,37.271100,109.030000,29.714800,0.000000,13199.830000,6997.000000,930.330000,154.120000,0.316000,ok,411.630000,0.000000,15.603000,0,,5.202885,29,0.713000,0.594607,1.902144,1.472428,2.613140,0.557966,0.448255,0.690919,1.312077,0.935973,1.726291,1.914596,1.548870,2.369644,0.694010,1.004736,1.150807
0.500000,0.500000,5,0.400000,50,0.166670,327.233400,68.862400,0.298911,15.869300,74.168900,136.412600,0.841103,0.779379,0.889344,4.971120,0.000000,0.087176,249896.720000,257426.980000,150160.350000,150160.350000,0.000000,91892.920000,115407.580000,207300.500000,73101.990000,33684.110000,41968.830000,19570.000000,3330.020000,0.000000,34.083000,65.400400,227.748400,0.000000,12792.660000,7092.880000,1527.090000,24.020000,0.394000,ok,411.430000,0.000000,15.816800,22,,5.202885,29,0.713000,0.593428,1.902144,1.472428,2.613140,0.557966,0.448255,0.690919,1.312077,0.935973,1.726291,1.914596,1.548870,2.369644,0.694010,1.004736,1.150807
0.750000,0.100000,0,0.400000,50,0.166670,163.922100,163.922100,0.399731,13.425000,54.265600,114.436800,0.383649,0.295177,0.442420,5.510890,0.000000,0.132309,189990.540000,257426.980000,199061.650000,199061.650000,0.000000,75514.270000,59049.460000,134563.730000,58927.300000,30536.430000,45454.810000,342.230000,819.210000,0.000000,37.947400,126.000000,-0.025300,0.000000,9725.950000,10529.220000,460.820000,147.440000,0.437000,ok,545.170000,0.000000,23.479700,8,,5.202885,44,0.713200,0.552328,1.975170,1.602324,2.734898,0.691465,0.555091,0.826301,1.135734,0.850696,1.520043,1.631116,1.366370,1.998891,0.787897,0.974097,1.151550
0.750000,0.100000,1,0.400000,50,0.166670,174.666800,61.862700,0.306789,7.362500,106.666500,144.833800,0.523973,0.448113,0.585765,6.015090,0.000000,0.195362,298919.400000,257426.980000,198622.620000,198622.620000,0.000000,109708.660000,70591.470000,180300.140000,85881.450000,32004.690000,65475.020000,15590.700000,3361.750000,0.000000,33.075300,100.768400,40.823700,0.000000,15302.220000,10194.350000,592.460000,106.900000,0.661000,ok,544.530000,0.000000,22.732900,21,44.843697,5.202885,44,0.714700,0.701439,1.975170,1.602324,2.734898,0.691465,0.555091,0.826301,1.135734,0.850696,1.520043,1.631116,1.366370,1.998891,0.787897,0.974097,1.151550
0.750000,0.100000,2,0.400000,50,0.166670,321.098700,63.666600,0.314947,6.621300,122.566200,260.981400,0.757772,0.708900,0.807279,19.524770,0.000000,0.106622,299909.420000,257426.980000,199002.920000,199002.920000,0.000000,110084.300000,139320.900000,249405.190000,92205.650000,31158.250000,66460.310000,15844.200000,3378.460000,0.000000,31.813000,39.285700,250.000000,0.000000,15352.900000,10239.220000,1260.660000,13.940000,0.747000,ok,545.170000,0.000000,22.833000,23,,5.202885,44,0.713200,0.700257,1.975170,1.602324,2.734898,0.691465,0.555091,0.826301,1.135734,0.850696,1.520043,1.631116,1.366370,1.998891,0.787897,0.974097,1.151550
0.750000,0.100000,3,0.400000,50,0.166670,163.922100,163.922100,0.399731,13.425000,54.265600,114.436800,0.383649,0.295177,0.442420,5.510890,0.000000,0.132309,189990.540000,257426.980000,199061.650000,199061.650000,0.000000,72326.450000,59049.460000,131375.910000,58927.300000,30279.880000,42516.650000,349.130000,819.210000,0.000000,37.947400,126.000000,-0.025300,0.000000,9725.950000,10529.220000,460.820000,147.440000,0.437000,ok,545.170000,0.000000,23.479700,8,,5.202885,44,0.713200,0.550329,1.975170,1.602324,2.734898,0.691465,0.555091,0.826301,1.135734,0.850696,1.520043,1.631116,1.366370,1.998891,0.787897,0.974097,1.151550
0.750000,0.100000,4,0.400000,50,0.166670,221.800900,60.977000,0.353283,1.059800,144.298700,186.278800,0.595094,0.498308,0.681151,3.607200,0.000000,0.157645,306300.030000,257426.980000,198530.980000,198530.980000,0.000000,112111.640000,93377.360000,205489.000000,86857.790000,29458.950000,74294.090000,11905.350000,3546.750000,0.000000,35.933800,154.533900,31.333600,0.000000,15680.040000,10153.480000,819.660000,171.400000,0.323000,ok,544.610000,0.000000,22.641800,15,,5.202885,44,0.713200,0.703117,1.975170,1.602324,2.734898,0.691465,0.555091,0.826301,1.135734,0.850696,1.520043,1.631116,1.366370,1.998891,0.787897,0.974097,1.151550
0.750000,0.100000,5,0.400000,50,0.166670,375.873900,61.862700,0.306789,7.746500,94.144200,228.145400,0.854661,0.800372,0.895729,4.973670,0.000000,0.090004,296350.720000,257426.980000,198573.120000,198573.120000,0.000000,108772.740000,131755.210000,240527.960000,85006.050000,32728.670000,64600.870000,14749.520000,3306.330000,0.000000,33.896000,134.958600,207.019300,0.000000,15170.720000,10186.670000,1193.410000,54.920000,0.692000,ok,544.120000,0.000000,22.715800,22,,5.202885,44,0.714700,0.700189,1.975170,1.602324,2.734898,0.691465,0.555091,0.826301,1.135734,0.850696,1.520043,1.631116,1.366370,1.998891,0.787897,0.974097,1.151550
0.750000,0.300000,0,0.400000,50,0.166670,163.922100,163.922100,0.399731,13.425000,54.265600,114.436800,0.383649,0.295177,0.442420,5.510890,0.000000,0.132309,189990.540000,257426.980000,199061.650000,199061.650000,0.000000,75514.270000,59049.460000,134563.730000,58927.300000,30536.430000,45454.810000,342.230000,819.210000,0.000000,37.947400,126.000000,-0.025300,0.000000,9725.950000,10529.220000,460.820000,147.440000,0.437000,ok,545.170000,0.000000,23.479700,8,,5.202885,38,0.713200,0.552328,1.904548,1.541438,2.652239,0.647527,0.514488,0.799696,1.257771,0.913718,1.691116,1.708787,1.368494,2.138060,0.712889,1.001102,1.238382
0.750000,0.300000,1,0.400000,50,0.166670,165.306600,67.597200,0.285278,16.237400,101.354300,135.538500,0.473134,0.402782,0.545363,5.765560,0.000000,0.205794,298007.700000,257426.980000,198708.710000,198708.710000,0.000000,110199.260000,66337.990000,176537.250000,86320.520000,33745.480000,57918.690000,21847.240000,3312.140000,0.000000,33.075300,84.017600,48.214100,0.000000,15255.540000,10253.580000,546.970000,85.770000,0.529000,ok,544.650000,0.000000,22.865000,13,38.728647,5.202885,38,0.714700,0.700353,1.904548,1.541438,2.652239,0.647527,0.514488,0.799696,1.257771,0.913718,1.691116,1.708787,1.368494,2.138060,0.712889,1.001102,1.238382
0.750000,0.300000,2,0.400000,50,0.166670,314.098700,67.666600,0.284964,15.196700,108.136300,258.965000,0.730678,0.681963,0.782880,16.106510,0.000000,0.108888,299605.360000,257426.980000,199012.170000,199012.170000,0.000000,110793.030000,136181.820000,246974.850000,91804.090000,32879.670000,59214.590000,22043.000000,3344.230000,0.000000,31.813000,32.285700,250.000000,0.000000,15337.330000,10287.690000,1223.740000,11.460000,0.578000,ok,545.170000,0.000000,22.941100,8,,5.202885,38,0.713200,0.699104,1.904548,1.541438,2.652239,0.647527,0.514488,0.799696,1.257771,0.913718,1.691116,1.708787,1.368494,2.138060,0.712889,1.001102,1.238382
0.750000,0.300000,3,0.400000,50,0.166670,163.922100,163.922100,0.399731,13.425000,54.265600,114.436800,0.383649,0.295177,0.442420,5.510890,0.000000,0.132309,189990.540000,257426.980000,199061.650000,199061.650000,0.000000,72326.450000,59049.460000,131375.910000,58927.300000,30279.880000,42516.650000,349.130000,819.210000,0.000000,37.947400,126.000000,-0.025300,0.000000,9725.950000,10529.220000,460.820000,147.440000,0.437000,ok,545.170000,0.000000,23.479700,8,,5.202885,38,0.713200,0.550329,1.904548,1.541438,2.652239,0.647527,0.514488,0.799696,1.257771,0.913718,1.691116,1.708787,1.368494,2.138060,0.712889,1.001102,1.238382
0.750000,0.300000,4,0.400000,50,0.166670,221.800900,60.977000,0.353283,1.059800,144.298700,186.278800,0.595094,0.498308,0.681151,3.607200,0.000000,0.157645,306300.030000,257426.980000,198530.980000,198530.980000,0.000000,112111.640000,93377.360000,205489.000000,86857.790000,29458.950000,74294.090000,11905.350000,3546.750000,0.000000,35.933800,154.533900,31.333600,0.000000,15680.040000,10153.480000,819.660000,171.400000,0.323000,ok,544.610000,0.000000,22.641800,15,,5.202885,38,0.713200,0.703117,1.904548,1.541438,2.652239,0.647527,0.514488,0.799696,1.257771,0.913718,1.691116,1.708787,1.368494,2.138060,0.712889,1.001102,1.238382
0.750000,0.300000,5,0.400000,50,0.166670,359.629800,67.597200,0.285278,17.817600,87.188300,194.928400,0.808485,0.746326,0.861172,4.899200,0.000000,0.093364,294129.370000,257426.980000,198662.700000,198662.700000,0.000000,108785.390000,126962.220000,235747.610000,85106.190000,34709.050000,57166.970000,20137.200000,3227.830000,0.000000,33.896000,109.868100,215.864800,0.000000,15057.010000,10252.920000,1138.300000,42.520000,0.524000,ok,544.310000,0.000000,22.863500,21,,5.202885,38,0.714700,0.699270,1.904548,1.541438,2.652239,0.647527,0.514488,0.799696,1.257771,0.913718,1.691116,1.708787,1.368494,2.138060,0.712889,1.001102,1.238382
0.750000,0.500000,0,0.400000,50,0.166670,163.922100,163.922100,0.399731,13.425000,54.265600,114.436800,0.383649,0.295177,0.442420,5.510890,0.000000,0.132309,189990.540000,257426.980000,199061.650000,199061.650000,0.000000,75514.270000,59049.460000,134563.730000,58927.300000,30536.430000,45454.810000,342.230000,819.210000,0.000000,37.947400,126.000000,-0.025300,0.000000,9725.950000,10529.220000,460.820000,147.440000,0.437000,ok,545.170000,0.000000,23.479700,8,,5.202885,29,0.713200,0.552328,1.802085,1.465368,2.504880,0.591267,0.468761,0.740892,1.455770,1.037437,1.965271,1.859720,1.456538,2.357938,0.685328,1.010268,1.276496
0.750000,0.500000,1,0.400000,50,0.166670,150.097800,76.033000,0.276760,22.670600,92.346900,122.247400,0.408783,0.346594,0.480326,5.016690,0.000000,0.226020,297183.580000,257426.980000,198812.810000,198812.810000,0.000000,110490.930000,59828.520000,170319.450000,87010.000000,34276.200000,52564.430000,26919.530000,3269.230000,0.000000,33.075300,62.122500,54.900400,0.000000,15213.360000,10307.370000,480.440000,61.930000,0.347000,ok,544.790000,0.000000,22.984900,0,29.556073,5.202885,29,0.714700,0.701092,1.802085,1.465368,2.504880,0.591267,0.468761,0.740892,1.455770,1.037437,1.965271,1.859720,1.456538,2.357938,0.685328,1.010268,1.276496
0.750000,0.500000,2,0.400000,50,0.166670,296.574500,75.398200,0.273947,18.449300,107.090900,249.572100,0.691368,0.648308,0.739383,13.487200,0.000000,0.115455,299950.930000,257426.980000,199024.780000,199024.780000,0.000000,111497.870000,128263.680000,239761.550000,91624.330000,33472.680000,54221.850000,27132.410000,3329.070000,0.000000,30.341500,16.233100,250.000000,0.000000,15355.020000,10333.070000,1141.290000,5.240000,0.463000,ok,545.170000,0.000000,23.042200,0,,5.202885,29,0.713200,0.700203,1.802085,1.465368,2.504880,0.591267,0.468761,0.740892,1.455770,1.037437,1.965271,1.859720,1.456538,2.357938,0.685328,1.010268,1.276496
0.750000,0.500000,3,0.400000,50,0.166670,163.922100,163.922100,0.399731,13.425000,54.265600,114.436800,0.383649,0.295177,0.442420,5.510890,0.000000,0.132309,189990.540000,257426.980000,199061.650000,199061.650000,0.000000,72326.450000,59049.460000,131375.910000,58927.300000,30279.880000,42516.650000,349.130000,819.210000,0.000000,37.947400,126.000000,-0.025300,0.000000,9725.950000,10529.220000,460.820000,147.440000,0.437000,ok,545.170000,0.000000,23.479700,8,,5.202885,29,0.713200,0.550329,1.802085,1.465368,2.504880,0.591267,0.468761,0.740892,1.455770,1.037437,1.965271,1.859720,1.456538,2.357938,0.685328,1.010268,1.276496
0.750000,0.500000,4,0.400000,50,0.166670,221.800900,60.977000,0.353283,1.059800,144.298700,186.278800,0.595094,0.498308,0.681151,3.607200,0.000000,0.157645,306300.030000,257426.980000,198530.980000,198530.980000,0.000000,112111.640000,93377.360000,205489.000000,86857.790000,29458.950000,74294.090000,11905.350000,3546.750000,0.000000,35.933800,154.533900,31.333600,0.000000,15680.040000,10153.480000,819.660000,171.400000,0.323000,ok,544.610000,0.000000,22.641800,15,,5.202885,29,0.713200,0.703117,1.802085,1.465368,2.504880,0.591267,0.468761,0.740892,1.455770,1.037437,1.965271,1.859720,1.456538,2.357938,0.685328,1.010268,1.276496
0.750000,0.500000,5,0.400000,50,0.166670,339.686700,76.033000,0.276760,25.116200,78.789200,161.796900,0.760222,0.699613,0.817247,4.415570,0.000000,0.098274,292428.530000,257426.980000,198763.020000,198763.020000,0.000000,108755.740000,120729.140000,229484.880000,85596.110000,35368.240000,51840.280000,24712.940000,3165.720000,0.000000,33.896000,78.002000,227.788400,0.000000,14969.940000,10311.920000,1070.770000,29.390000,0.341000,ok,544.520000,0.000000,22.995100,22,,5.202885,29,0.714700,0.700319,1.802085,1.465368,2.504880,0.591267,0.468761,0.740892,1.455770,1.037437,1.965271,1.859720,1.456538,2.357938,0.685328,1.010268,1.276496
1.000000,0.100000,0,0.400000,50,0.166670,213.814300,213.814300,0.442783,16.720800,70.838100,149.902900,0.420840,0.324520,0.483927,6.247490,0.000000,0.129432,242427.980000,257426.980000,263541.640000,263541.640000,0.000000,97251.500000,76940.470000,174191.970000,75575.650000,33969.830000,63254.190000,560.740000,533.250000,0.000000,34.528600,179.285700,0.000000,0.000000,12410.320000,14739.870000,421.990000,148.210000,0.438000,ok,721.740000,0.000000,32.869200,13,,5.202885,44,0.712900,0.668638,1.714378,1.374614,2.359408,0.739125,0.603396,0.881080,1.102130,0.829570,1.411054,1.555129,1.329662,1.884129,0.728659,1.000000,1.160979
1.000000,0.100000,1,0.400000,50,0.166670,204.211900,67.268000,0.322638,11.998500,128.402800,175.904200,0.533263,0.462005,0.586106,5.849280,0.000000,0.202963,363078.950000,257426.980000,262973.850000,262973.850000,0.000000,134298.330000,84678.570000,218976.890000,104651.790000,33132.480000,87570.160000,16953.600000,3357.910000,0.000000,32.374000,129.541500,42.296700,0.000000,18586.660000,14354.280000,489.920000,98.160000,0.680000,ok,720.920000,0.000000,32.009400,11,44.956998,5.202885,44,0.712900,0.789165,1.714378,1.374614,2.359408,0.739125,0.603396,0.881080,1.102130,0.829570,1.411054,1.555129,1.329662,1.884129,0.728659,1.000000,1.160979
1.000000,0.100000,2,0.400000,50,0.166670,335.086100,67.268000,0.322638,9.926300,143.186600,306.797800,0.721479,0.665213,0.765675,24.338570,0.000000,0.123315,361972.830000,257426.980000,263461.430000,263461.430000,0.000000,133917.580000,145659.870000,279577.450000,111815.220000,32522.270000,87388.970000,17327.630000,3321.290000,0.000000,31.800400,53.285700,250.000000,0.000000,18530.030000,14413.920000,910.550000,18.910000,0.767000,ok,721.740000,0.000000,32.142400,14,,5.202885,44,0.712900,0.790388,1.714378,1.374614,2.359408,0.739125,0.603396,0.881080,1.102130,0.829570,1.411054,1.555129,1.329662,1.884129,0.728659,1.000000,1.160979
1.000000,0.100000,3,0.400000,50,0.166670,213.814300,213.814300,0.442783,16.720800,70.838100,149.902900,0.420840,0.324520,0.483927,6.247490,0.000000,0.129432,242427.980000,257426.980000,263541.640000,263541.640000,0.000000,92920.660000,76940.470000,169861.130000,75575.650000,33753.910000,59124.550000,575.450000,533.250000,0.000000,34.528600,179.285700,0.000000,0.000000,12410.320000,14739.870000,421.990000,148.210000,0.438000,ok,721.740000,0.000000,32.869200,13,,5.202885,44,0.712900,0.665363,1.714378,1.374614,2.359408,0.739125,0.603396,0.881080,1.102130,0.829570,1.411054,1.555129,1.329662,1.884129,0.728659,1.000000,1.160979
1.000000,0.100000,4,0.400000,50,0.166670,256.246100,64.578400,0.374576,1.064900,189.393100,223.488200,0.587725,0.486216,0.651914,3.577440,0.000000,0.165118,370642.050000,257426.980000,262833.820000,262833.820000,0.000000,136448.040000,109120.870000,245568.900000,104970.900000,29478.750000,98616.550000,11902.440000,3549.690000,0.000000,35.576600,189.533900,31.136300,0.000000,18973.830000,14313.510000,662.360000,157.890000,0.271000,ok,721.060000,0.000000,31.918500,0,,5.202885,44,0.712900,0.794888,1.714378,1.374614,2.359408,0.739125,0.603396,0.881080,1.102130,0.829570,1.411054,1.555129,1.329662,1.884129,0.728659,1.000000,1.160979
1.000000,0.100000,5,0.400000,50,0.166670,403.691300,67.268000,0.322638,14.258900,115.541600,292.540300,0.829293,0.779323,0.870477,4.794440,0.000000,0.101788,359957.300000,257426.980000,262918.510000,262918.510000,0.000000,133160.820000,152732.300000,285893.110000,103581.580000,33874.420000,86637.870000,15938.980000,3290.450000,0.000000,33.673800,172.387600,197.630200,0.000000,18426.860000,14345.440000,964.670000,71.140000,0.704000,ok,720.400000,0.000000,31.989700,15,,5.202885,44,0.712900,0.788172,1.714378,1.374614,2.359408,0.739125,0.603396,0.881080,1.102130,0.829570,1.411054,1.555129,1.329662,1.884129,0.728659,1.000000,1.160979
1.000000,0.300000,0,0.400000,50,0.166670,213.814300,213.814300,0.442783,16.720800,70.838100,149.902900,0.420840,0.324520,0.483927,6.247490,0.000000,0.129432,242427.980000,257426.980000,263541.640000,263541.640000,0.000000,97251.500000,76940.470000,174191.970000,75575.650000,33969.830000,63254.190000,560.740000,533.250000,0.000000,34.528600,179.285700,0.000000,0.000000,12410.320000,14739.870000,421.990000,148.210000,0.438000,ok,721.740000,0.000000,32.869200,13,,5.202885,38,0.712900,0.668638,1.656689,1.348185,2.306557,0.700472,0.559510,0.839983,1.203442,0.887217,1.556598,1.615402,1.335733,1.998868,0.660190,1.000000,1.281386
1.000000,0.300000,1,0.400000,50,0.166670,194.851700,71.268000,0.292321,20.072800,122.849300,165.429200,0.488370,0.418807,0.548024,5.171340,0.000000,0.212177,362165.810000,257426.980000,263059.940000,263059.940000,0.000000,134798.150000,80525.300000,215323.450000,105109.180000,34448.720000,80444.360000,23213.340000,3308.270000,0.000000,32.374000,112.790700,49.687100,0.000000,18539.910000,14413.500000,458.680000,81.060000,0.555000,ok,721.050000,0.000000,32.141400,1,38.826498,5.202885,38,0.712900,0.789454,1.656689,1.348185,2.306557,0.700472,0.559510,0.839983,1.203442,0.887217,1.556598,1.615402,1.335733,1.998868,0.660190,1.000000,1.281386
1.000000,0.300000,2,0.400000,50,0.166670,328.086100,71.268000,0.292321,17.725500,128.109400,278.865200,0.697201,0.652423,0.748524,20.920310,0.000000,0.125891,361815.000000,257426.980000,263470.680000,263470.680000,0.000000,134690.040000,142520.790000,277210.830000,111465.510000,33774.070000,80679.810000,23526.440000,3290.280000,0.000000,31.800400,46.285700,250.000000,0.000000,18521.950000,14462.390000,885.460000,16.420000,0.639000,ok,721.740000,0.000000,32.250500,6,,5.202885,38,0.712900,0.790385,1.656689,1.348185,2.306557,0.700472,0.559510,0.839983,1.203442,0.887217,1.556598,1.615402,1.335733,1.998868,0.660190,1.000000,1.281386
1.000000,0.300000,3,0.400000,50,0.166670,213.814300,213.814300,0.442783,16.720800,70.838100,149.902900,0.420840,0.324520,0.483927,6.247490,0.000000,0.129432,242427.980000,257426.980000,263541.640000,263541.640000,0.000000,92920.660000,76940.470000,169861.130000,75575.650000,33753.910000,59124.550000,575.450000,533.250000,0.000000,34.528600,179.285700,0.000000,0.000000,12410.320000,14739.870000,421.990000,148.210000,0.438000,ok,721.740000,0.000000,32.869200,13,,5.202885,38,0.712900,0.665363,1.656689,1.348185,2.306557,0.700472,0.559510,0.839983,1.203442,0.887217,1.556598,1.615402,1.335733,1.998868,0.660190,1.000000,1.281386
1.000000,0.300000,4,0.400000,50,0.166670,256.246100,64.578400,0.374576,1.064900,189.393100,223.488200,0.587725,0.486216,0.651914,3.577440,0.000000,0.165118,370642.050000,257426.980000,262833.820000,262833.820000,0.000000,136448.040000,109120.870000,245568.900000,104970.900000,29478.750000,98616.550000,11902.440000,3549.690000,0.000000,35.576600,189.533900,31.136300,0.000000,18973.830000,14313.510000,662.360000,157.890000,0.271000,ok,721.060000,0.000000,31.918500,0,,5.202885,38,0.712900,0.794888,1.656689,1.348185,2.306557,0.700472,0.559510,0.839983,1.203442,0.887217,1.556598,1.615402,1.335733,1.998868,0.660190,1.000000,1.281386
1.000000,0.300000,5,0.400000,50,0.166670,387.566900,71.268000,0.292321,22.501800,107.875100,256.334500,0.788914,0.732014,0.837140,4.718230,0.000000,0.105463,358054.350000,257426.980000,263005.630000,263005.630000,0.000000,133299.720000,143100.910000,276400.620000,103777.130000,35402.810000,79655.120000,21460.800000,3219.010000,0.000000,33.673800,148.621200,205.273100,0.000000,18329.440000,14411.430000,892.970000,58.730000,0.577000,ok,720.590000,0.000000,32.136800,5,,5.202885,38,0.712900,0.788516,1.656689,1.348185,2.306557,0.700472,0.559510,0.839983,1.203442,0.887217,1.556598,1.615402,1.335733,1.998868,0.660190,1.000000,1.281386
1.000000,0.500000,0,0.400000,50,0.166670,213.814300,213.814300,0.442783,16.720800,70.838100,149.902900,0.420840,0.324520,0.483927,6.247490,0.000000,0.129432,242427.980000,257426.980000,263541.640000,263541.640000,0.000000,97251.500000,76940.470000,174191.970000,75575.650000,33969.830000,63254.190000,560.740000,533.250000,0.000000,34.528600,179.285700,0.000000,0.000000,12410.320000,14739.870000,421.990000,148.210000,0.438000,ok,721.740000,0.000000,32.869200,13,,5.202885,29,0.712900,0.668638,1.555969,1.276837,2.165722,0.635217,0.503788,0.760643,1.412974,1.034507,1.841190,1.777179,1.449717,2.242055,0.592261,1.000000,1.428355
1.000000,0.500000,1,0.400000,50,0.166670,175.798000,77.457400,0.262243,26.813600,113.178200,150.485800,0.415949,0.354072,0.469998,5.021960,0.000000,0.234302,360822.840000,257426.980000,263181.050000,263181.050000,0.000000,134987.520000,73060.980000,208048.500000,105641.170000,34944.790000,73259.630000,30028.980000,3245.870000,0.000000,30.671200,85.506500,59.619800,0.000000,18471.160000,14486.050000,404.350000,56.130000,0.375000,ok,721.220000,0.000000,32.303200,4,29.630749,5.202885,29,0.712900,0.793582,1.555969,1.276837,2.165722,0.635217,0.503788,0.760643,1.412974,1.034507,1.841190,1.777179,1.449717,2.242055,0.592261,1.000000,1.428355
1.000000,0.500000,2,0.400000,50,0.166670,310.734300,77.457400,0.262243,20.443200,132.330400,264.513300,0.654814,0.617896,0.702820,16.901000,0.000000,0.133033,362118.820000,257426.980000,263483.290000,263483.290000,0.000000,135467.270000,134553.720000,270020.980000,110939.530000,34316.200000,74058.710000,30358.850000,3266.500000,0.000000,30.501300,30.233100,250.000000,0.000000,18537.510000,14521.080000,826.610000,10.270000,0.507000,ok,721.740000,0.000000,32.381300,6,,5.202885,29,0.712900,0.794139,1.555969,1.276837,2.165722,0.635217,0.503788,0.760643,1.412974,1.034507,1.841190,1.777179,1.449717,2.242055,0.592261,1.000000,1.428355
1.000000,0.500000,3,0.400000,50,0.166670,213.814300,213.814300,0.442783,16.720800,70.838100,149.902900,0.420840,0.324520,0.483927,6.247490,0.000000,0.129432,242427.980000,257426.980000,263541.640000,263541.640000,0.000000,92920.660000,76940.470000,169861.130000,75575.650000,33753.910000,59124.550000,575.450000,533.250000,0.000000,34.528600,179.285700,0.000000,0.000000,12410.320000,14739.870000,421.990000,148.210000,0.438000,ok,721.740000,0.000000,32.869200,13,,5.202885,29,0.712900,0.665363,1.555969,1.276837,2.165722,0.635217,0.503788,0.760643,1.412974,1.034507,1.841190,1.777179,1.449717,2.242055,0.592261,1.000000,1.428355
1.000000,0.500000,4,0.400000,50,0.166670,256.246100,64.578400,0.374576,1.064900,189.393100,223.488200,0.587725,0.486216,0.651914,3.577440,0.000000,0.165118,370642.050000,257426.980000,262833.820000,262833.820000,0.000000,136448.040000,109120.870000,245568.900000,104970.900000,29478.750000,98616.550000,11902.440000,3549.690000,0.000000,35.576600,189.533900,31.136300,0.000000,18973.830000,14313.510000,662.360000,157.890000,0.271000,ok,721.060000,0.000000,31.918500,0,,5.202885,29,0.712900,0.794888,1.555969,1.276837,2.165722,0.635217,0.503788,0.760643,1.412974,1.034507,1.841190,1.777179,1.449717,2.242055,0.592261,1.000000,1.428355
1.000000,0.500000,5,0.400000,50,0.166670,366.282200,77.457400,0.262243,28.985700,98.016900,209.634400,0.739216,0.681364,0.793849,4.129110,0.000000,0.111074,356396.340000,257426.980000,263126.270000,263126.270000,0.000000,133373.520000,135379.750000,268753.270000,104232.590000,36087.410000,72631.110000,27804.700000,3149.700000,0.000000,33.673800,111.856800,220.752600,0.000000,18244.560000,14490.490000,834.270000,43.230000,0.395000,ok,720.850000,0.000000,32.313100,4,,5.202885,29,0.712900,0.792661,1.555969,1.276837,2.165722,0.635217,0.503788,0.760643,1.412974,1.034507,1.841190,1.777179,1.449717,2.242055,0.592261,1.000000,1.428355
0.250000,0.100000,0,0.600000,50,0.166670,87.543600,87.543600,0.345704,3.045900,24.676200,43.243400,0.341368,0.275610,0.368414,2.831150,0.000000,0.094981,72839.460000,257426.980000,52952.420000,52952.420000,0.000000,27140.610000,29144.770000,56285.370000,22167.040000,19609.760000,8786.390000,258.060000,1513.600000,0.000000,113.403600,21.000000,0.839000,47.700000,3728.780000,930.590000,3031.860000,31.560000,0.457000,ok,145.010000,0.000000,2.075200,22,,1.512657,44,0.713300,0.338934,2.559607,2.219112,3.325413,0.481037,0.406635,0.568830,1.165124,0.879483,1.475510,2.044488,1.744300,2.399484,0.923900,1.156427,0.966244
0.250000,0.100000,1,0.600000,50,0.166670,94.958400,71.246800,0.369358,7.142500,53.513500,75.536700,0.420315,0.372688,0.465048,3.114090,0.000000,0.190319,158314.270000,257426.980000,52858.930000,52858.930000,0.000000,56480.780000,36255.710000,92736.490000,45835.470000,31170.440000,14713.390000,14080.150000,3483.200000,0.000000,31.797000,23.234000,39.927000,0.000000,8104.390000,739.060000,4805.670000,28.950000,0.528000,ok,144.870000,0.000000,1.648100,12,13.072945,1.512657,44,0.712800,0.600690,2.559607,2.219112,3.325413,0.481037,0.406635,0.568830,1.165124,0.879483,1.475510,2.044488,1.744300,2.399484,0.923900,1.156427,0.966244
0.250000,0.100000,2,0.600000,50,0.166670,290.128600,61.451000,0.319396,6.676000,39.743300,227.505700,0.873768,0.817552,0.916517,7.093240,0.000000,0.063241,160728.500000,257426.980000,52934.660000,52934.660000,0.000000,57343.960000,125024.640000,182368.600000,48415.160000,30567.750000,16222.320000,14103.630000,3549.740000,0.000000,33.128600,7.000000,250.000000,0.000000,8227.980000,3645.330000,3329.730000,2.470000,0.704000,ok,145.010000,0.000000,8.128900,23,,1.512657,44,0.713300,0.597367,2.559607,2.219112,3.325413,0.481037,0.406635,0.568830,1.165124,0.879483,1.475510,2.044488,1.744300,2.399484,0.923900,1.156427,0.966244
0.250000,0.100000,3,0.600000,50,0.166670,87.543600,87.543600,0.345704,3.045900,24.676200,43.243400,0.341368,0.275610,0.368414,2.831150,0.000000,0.094981,72839.460000,257426.980000,52952.420000,52952.420000,0.000000,26276.620000,29144.770000,55421.390000,22167.040000,19358.330000,8169.030000,262.870000,1513.600000,0.000000,113.403600,21.000000,0.839000,47.700000,3728.780000,930.590000,3031.860000,31.560000,0.457000,ok,145.010000,0.000000,2.075200,22,,1.512657,44,0.713300,0.347948,2.559607,2.219112,3.325413,0.481037,0.406635,0.568830,1.165124,0.879483,1.475510,2.044488,1.744300,2.399484,0.923900,1.156427,0.966244
0.250000,0.100000,4,0.600000,50,0.166670,116.580200,61.451000,0.356890,0.831200,64.423100,94.362000,0.489719,0.409002,0.549905,3.186100,0.000000,0.158146,161505.010000,257426.980000,52806.950000,52806.950000,0.000000,57305.610000,45945.090000,103250.710000,46098.560000,29141.700000,19865.060000,11878.130000,3579.280000,0.000000,36.849100,49.000000,30.731600,0.000000,8267.730000,683.410000,6622.930000,66.270000,0.302000,ok,144.850000,0.000000,1.524000,2,,1.512657,44,0.713300,0.608895,2.559607,2.219112,3.325413,0.481037,0.406635,0.568830,1.165124,0.879483,1.475510,2.044488,1.744300,2.399484,0.923900,1.156427,0.966244
0.250000,0.100000,5,0.600000,50,0.166670,287.426600,71.246800,0.369358,7.298400,47.390100,96.577100,0.859329,0.811183,0.894259,2.892420,0.000000,0.061842,155709.850000,257426.980000,52853.050000,52853.050000,0.000000,55530.790000,105931.320000,161462.110000,45141.240000,31741.780000,13924.990000,13290.050000,3426.030000,0.000000,31.672600,28.947600,226.807000,0.000000,7971.060000,737.890000,14255.900000,7.200000,0.524000,ok,144.800000,0.000000,1.645500,10,,1.512657,44,0.712800,0.600462,2.559607,2.219112,3.325413,0.481037,0.406635,0.568830,1.165124,0.879483,1.475510,2.044488,1.744300,2.399484,0.923900,1.156427,0.966244
0.250000,0.300000,0,0.600000,50,0.166670,87.543600,87.543600,0.345704,3.045900,24.676200,43.243400,0.341368,0.275610,0.368414,2.831150,0.000000,0.094981,72839.460000,257426.980000,52952.420000,52952.420000,0.000000,27140.610000,29144.770000,56285.370000,22167.040000,19609.760000,8786.390000,258.060000,1513.600000,0.000000,113.403600,21.000000,0.839000,47.700000,3728.780000,930.590000,3031.860000,31.560000,0.457000,ok,145.010000,0.000000,2.075200,22,,1.512657,38,0.713300,0.338934,2.541580,2.195609,3.312369,0.477089,0.399628,0.568751,1.183099,0.889021,1.507295,2.044399,1.724253,2.422631,0.922625,1.120070,0.998987
0.250000,0.300000,1,0.600000,50,0.166670,94.716000,71.246800,0.357252,7.156900,53.364300,75.278600,0.413929,0.364829,0.460059,3.111600,0.000000,0.190645,158180.080000,257426.980000,52866.630000,52866.630000,0.000000,56449.690000,36102.480000,92552.170000,45756.680000,31233.190000,13831.120000,14861.980000,3476.610000,0.000000,31.797000,21.973300,40.945400,0.000000,8097.520000,749.030000,4719.900000,26.860000,0.459000,ok,144.880000,0.000000,1.670300,0,11.290271,1.512657,38,0.712800,0.601025,2.541580,2.195609,3.312369,0.477089,0.399628,0.568751,1.183099,0.889021,1.507295,2.044399,1.724253,2.422631,0.922625,1.120070,0.998987
0.250000,0.300000,2,0.600000,50,0.166670,290.128600,63.451000,0.318955,6.830600,41.475700,227.505700,0.867614,0.808893,0.912922,6.393240,0.000000,0.063116,160410.350000,257426.980000,52934.660000,52934.660000,0.000000,57246.060000,125024.640000,182270.700000,48151.280000,30668.470000,15227.080000,14889.780000,3539.270000,0.000000,33.128600,7.000000,250.000000,0.000000,8211.690000,3640.400000,3334.360000,2.470000,0.629000,ok,145.010000,0.000000,8.117900,12,,1.512657,38,0.713300,0.597637,2.541580,2.195609,3.312369,0.477089,0.399628,0.568751,1.183099,0.889021,1.507295,2.044399,1.724253,2.422631,0.922625,1.120070,0.998987
0.250000,0.300000,3,0.600000,50,0.166670,87.543600,87.543600,0.345704,3.045900,24.676200,43.243400,0.341368,0.275610,0.368414,2.831150,0.000000,0.094981,72839.460000,257426.980000,52952.420000,52952.420000,0.000000,26276.620000,29144.770000,55421.390000,22167.040000,19358.330000,8169.030000,262.870000,1513.600000,0.000000,113.403600,21.000000,0.839000,47.700000,3728.780000,930.590000,3031.860000,31.560000,0.457000,ok,145.010000,0.000000,2.075200,22,,1.512657,38,0.713300,0.347948,2.541580,2.195609,3.312369,0.477089,0.399628,0.568751,1.183099,0.889021,1.507295,2.044399,1.724253,2.422631,0.922625,1.120070,0.998987
0.250000,0.300000,4,0.600000,50,0.166670,116.580200,61.451000,0.356890,0.831200,64.423100,94.362000,0.489719,0.409002,0.549905,3.186100,0.000000,0.158146,161505.010000,257426.980000,52806.950000,52806.950000,0.000000,57305.610000,45945.090000,103250.710000,46098.560000,29141.700000,19865.060000,11878.130000,3579.280000,0.000000,36.849100,49.000000,30.731600,0.000000,8267.730000,683.410000,6622.930000,66.270000,0.302000,ok,144.850000,0.000000,1.524000,2,,1.512657,38,0.713300,0.608895,2.541580,2.195609,3.312369,0.477089,0.399628,0.568751,1.183099,0.889021,1.507295,2.044399,1.724253,2.422631,0.922625,1.120070,0.998987
0.250000,0.300000,5,0.600000,50,0.166670,283.873800,71.246800,0.357252,7.326900,47.263500,96.987600,0.846236,0.793258,0.883846,2.875140,0.000000,0.062505,155433.960000,257426.980000,52860.850000,52860.850000,0.000000,55447.900000,105311.390000,160759.290000,45014.140000,31831.910000,13077.520000,13954.790000,3416.320000,0.000000,31.672600,25.973900,226.227600,0.000000,7956.940000,747.990000,13979.160000,6.050000,0.454000,ok,144.820000,0.000000,1.668000,12,,1.512657,38,0.712800,0.600789,2.541580,2.195609,3.312369,0.477089,0.399628,0.568751,1.183099,0.889021,1.507295,2.044399,1.724253,2.422631,0.922625,1.120070,0.998987
0.250000,0.500000,0,0.600000,50,0.166670,87.543600,87.543600,0.345704,3.045900,24.676200,43.243400,0.341368,0.275610,0.368414,2.831150,0.000000,0.094981,72839.460000,257426.980000,52952.420000,52952.420000,0.000000,27140.610000,29144.770000,56285.370000,22167.040000,19609.760000,8786.390000,258.060000,1513.600000,0.000000,113.403600,21.000000,0.839000,47.700000,3728.780000,930.590000,3031.860000,31.560000,0.457000,ok,145.010000,0.000000,2.075200,22,,1.512657,29,0.713300,0.338934,2.506304,2.155040,3.285737,0.464118,0.380989,0.562095,1.233282,0.916482,1.593849,2.096556,1.738454,2.535695,0.892550,1.114980,1.037362
0.250000,0.500000,1,0.600000,50,0.166670,94.181600,73.246800,0.344036,7.251200,53.204400,74.854300,0.397086,0.345017,0.446274,3.111600,0.000000,0.191865,158294.540000,257426.980000,52877.990000,52877.990000,0.000000,56538.650000,35651.070000,92189.720000,45746.120000,31357.340000,12579.390000,16075.400000,3473.480000,0.000000,31.797000,19.873500,42.510800,0.000000,8103.380000,763.700000,4568.210000,23.560000,0.302000,ok,144.910000,0.000000,1.703000,22,8.616260,1.512657,29,0.712800,0.602382,2.506304,2.155040,3.285737,0.464118,0.380989,0.562095,1.233282,0.916482,1.593849,2.096556,1.738454,2.535695,0.892550,1.114980,1.037362
0.250000,0.500000,2,0.600000,50,0.166670,290.128600,65.540600,0.308558,7.106700,42.652600,230.333600,0.855572,0.793947,0.905582,5.693240,0.000000,0.063053,160251.720000,257426.980000,52934.660000,52934.660000,0.000000,57235.440000,125031.160000,182266.590000,47863.730000,30843.110000,13812.870000,16109.840000,3530.390000,0.000000,33.128600,7.000000,250.000000,0.000000,8203.570000,3914.260000,3094.250000,2.470000,0.450000,ok,145.010000,0.000000,8.728600,22,,1.512657,29,0.713300,0.598792,2.506304,2.155040,3.285737,0.464118,0.380989,0.562095,1.233282,0.916482,1.593849,2.096556,1.738454,2.535695,0.892550,1.114980,1.037362
0.250000,0.500000,3,0.600000,50,0.166670,87.543600,87.543600,0.345704,3.045900,24.676200,43.243400,0.341368,0.275610,0.368414,2.831150,0.000000,0.094981,72839.460000,257426.980000,52952.420000,52952.420000,0.000000,26276.620000,29144.770000,55421.390000,22167.040000,19358.330000,8169.030000,262.870000,1513.600000,0.000000,113.403600,21.000000,0.839000,47.700000,3728.780000,930.590000,3031.860000,31.560000,0.457000,ok,145.010000,0.000000,2.075200,22,,1.512657,29,0.713300,0.347948,2.506304,2.155040,3.285737,0.464118,0.380989,0.562095,1.233282,0.916482,1.593849,2.096556,1.738454,2.535695,0.892550,1.114980,1.037362
0.250000,0.500000,4,0.600000,50,0.166670,116.580200,61.451000,0.356890,0.831200,64.423100,94.362000,0.489719,0.409002,0.549905,3.186100,0.000000,0.158146,161505.010000,257426.980000,52806.950000,52806.950000,0.000000,57305.610000,45945.090000,103250.710000,46098.560000,29141.700000,19865.060000,11878.130000,3579.280000,0.000000,36.849100,49.000000,30.731600,0.000000,8267.730000,683.410000,6622.930000,66.270000,0.302000,ok,144.850000,0.000000,1.524000,2,,1.512657,29,0.713300,0.608895,2.506304,2.155040,3.285737,0.464118,0.380989,0.562095,1.233282,0.916482,1.593849,2.096556,1.738454,2.535695,0.892550,1.114980,1.037362
0.250000,0.500000,5,0.600000,50,0.166670,282.498600,73.246800,0.344036,7.444600,46.708700,98.621900,0.832513,0.775827,0.874858,2.875140,0.000000,0.062822,155464.670000,257426.980000,52872.560000,52872.560000,0.000000,55506.390000,104966.600000,160472.990000,44966.230000,31973.470000,11897.850000,15046.420000,3411.350000,0.000000,31.672600,21.702900,229.123700,0.000000,7958.510000,762.890000,13659.040000,5.300000,0.299000,ok,144.840000,0.000000,1.701200,12,,1.512657,29,0.712800,0.602265,2.506304,2.155040,3.285737,0.464118,0.380989,0.562095,1.233282,0.916482,1.593849,2.096556,1.738454,2.535695,0.892550,1.114980,1.037362
0.500000,0.100000,0,0.600000,50,0.166670,141.686900,141.686900,0.429365,10.547100,44.021800,87.746500,0.414806,0.321408,0.494874,3.950310,0.000000,0.123854,153725.190000,257426.980000,150433.420000,150433.420000,0.000000,60314.250000,50231.110000,110545.370000,48169.470000,27230.040000,33882.120000,317.290000,1115.190000,0.000000,37.235800,105.000000,-0.548900,0.000000,7869.470000,7316.220000,586.570000,133.410000,0.525000,ok,412.000000,0.000000,16.314800,8,,5.202885,44,0.712400,0.420603,1.981025,1.552001,2.705035,0.609385,0.495017,0.726123,1.155734,0.853187,1.511478,1.753423,1.479943,2.120436,0.788495,0.999371,1.119732
0.500000,0.100000,1,0.600000,50,0.166670,141.262000,65.279100,0.338339,7.091600,89.073800,119.644500,0.500757,0.430378,0.557695,5.121860,0.000000,0.204539,253107.610000,257426.980000,150119.140000,150119.140000,0.000000,92321.850000,57893.530000,150215.370000,73082.810000,31459.390000,49591.480000,14703.010000,3432.040000,0.000000,34.665800,73.754000,32.842300,0.000000,12957.030000,7030.920000,723.410000,92.460000,0.641000,ok,411.550000,0.000000,15.678600,8,45.014003,5.202885,44,0.712000,0.593227,1.981025,1.552001,2.705035,0.609385,0.495017,0.726123,1.155734,0.853187,1.511478,1.753423,1.479943,2.120436,0.788495,0.999371,1.119732
0.500000,0.100000,2,0.600000,50,0.166670,314.887000,65.083500,0.338552,6.106700,93.528100,253.631700,0.821741,0.768045,0.869420,13.797710,0.000000,0.092312,254634.120000,257426.980000,150372.250000,150372.250000,0.000000,92888.930000,136307.650000,229196.580000,77734.760000,30812.560000,50530.150000,15007.480000,3461.270000,0.000000,32.601300,32.285700,250.000000,0.000000,13035.170000,7075.790000,1826.390000,11.420000,0.763000,ok,412.000000,0.000000,15.778700,8,,5.202885,44,0.712400,0.591939,1.981025,1.552001,2.705035,0.609385,0.495017,0.726123,1.155734,0.853187,1.511478,1.753423,1.479943,2.120436,0.788495,0.999371,1.119732
0.500000,0.100000,3,0.600000,50,0.166670,141.686900,141.686900,0.429365,10.547100,44.021800,87.746500,0.414806,0.321408,0.494874,3.950310,0.000000,0.123854,153725.190000,257426.980000,150433.420000,150433.420000,0.000000,58046.770000,50231.110000,108277.880000,48169.470000,26982.820000,31855.660000,323.490000,1115.190000,0.000000,37.235800,105.000000,-0.548900,0.000000,7869.470000,7316.220000,586.570000,133.410000,0.525000,ok,412.000000,0.000000,16.314800,8,,5.202885,44,0.712400,0.420179,1.981025,1.552001,2.705035,0.609385,0.495017,0.726123,1.155734,0.853187,1.511478,1.753423,1.479943,2.120436,0.788495,0.999371,1.119732
0.500000,0.100000,4,0.600000,50,0.166670,176.329500,65.083500,0.378849,1.093000,113.256200,152.518000,0.578742,0.475818,0.650507,3.501880,0.000000,0.166990,257940.200000,257426.980000,150036.340000,150036.340000,0.000000,93806.380000,71950.560000,165756.950000,73316.120000,29487.180000,55964.870000,11909.290000,3554.970000,0.000000,37.543100,109.030000,29.756000,0.000000,13204.420000,6999.870000,927.880000,152.540000,0.316000,ok,411.630000,0.000000,15.609400,21,,5.202885,44,0.712400,0.594870,1.981025,1.552001,2.705035,0.609385,0.495017,0.726123,1.155734,0.853187,1.511478,1.753423,1.479943,2.120436,0.788495,0.999371,1.119732
0.500000,0.100000,5,0.600000,50,0.166670,343.699700,65.279100,0.338339,7.390300,79.878100,169.842100,0.878039,0.825357,0.912589,4.737290,0.000000,0.083146,250336.640000,257426.980000,150066.790000,150066.790000,0.000000,91312.060000,119341.080000,210653.140000,72170.130000,32183.140000,48648.190000,13852.960000,3372.230000,0.000000,32.156700,97.437400,214.106400,0.000000,12815.180000,7024.880000,1598.840000,35.910000,0.638000,ok,411.220000,0.000000,15.665100,3,,5.202885,44,0.712000,0.592223,1.981025,1.552001,2.705035,0.609385,0.495017,0.726123,1.155734,0.853187,1.511478,1.753423,1.479943,2.120436,0.788495,0.999371,1.119732
0.500000,0.300000,0,0.600000,50,0.166670,141.686900,141.686900,0.429365,10.547100,44.021800,87.746500,0.414806,0.321408,0.494874,3.950310,0.000000,0.123854,153725.190000,257426.980000,150433.420000,150433.420000,0.000000,60314.250000,50231.110000,110545.370000,48169.470000,27230.040000,33882.120000,317.290000,1115.190000,0.000000,37.235800,105.000000,-0.548900,0.000000,7869.470000,7316.220000,586.570000,133.410000,0.525000,ok,412.000000,0.000000,16.314800,8,,5.202885,38,0.712400,0.420603,1.948554,1.517510,2.672715,0.586648,0.474440,0.714003,1.220534,0.887391,1.596105,1.807844,1.489896,2.211047,0.713279,1.043637,1.185307
0.500000,0.300000,1,0.600000,50,0.166670,137.188900,68.147000,0.319621,10.012000,87.221200,115.450100,0.474171,0.407559,0.536199,4.976140,0.000000,0.211397,254051.080000,257426.980000,150163.050000,150163.050000,0.000000,93086.280000,55835.400000,148921.680000,73837.090000,32220.120000,45608.290000,18692.060000,3434.190000,0.000000,32.145900,60.964300,44.079500,0.000000,13005.330000,7063.190000,690.510000,75.670000,0.513000,ok,411.610000,0.000000,15.750600,0,38.875730,5.202885,38,0.712000,0.593918,1.948554,1.517510,2.672715,0.586648,0.474440,0.714003,1.220534,0.887391,1.596105,1.807844,1.489896,2.211047,0.713279,1.043637,1.185307
0.500000,0.300000,2,0.600000,50,0.166670,314.887000,65.083500,0.306257,8.940700,82.685100,255.962000,0.808272,0.750976,0.859032,11.957110,0.000000,0.092513,255187.640000,257426.980000,150372.250000,150372.250000,0.000000,93511.030000,136371.990000,229883.030000,77691.800000,31667.750000,46290.750000,19008.330000,3455.790000,0.000000,32.601300,32.285700,250.000000,0.000000,13063.510000,7103.210000,1819.870000,11.420000,0.629000,ok,412.000000,0.000000,15.839800,0,,5.202885,38,0.712400,0.592536,1.948554,1.517510,2.672715,0.586648,0.474440,0.714003,1.220534,0.887391,1.596105,1.807844,1.489896,2.211047,0.713279,1.043637,1.185307
0.500000,0.300000,3,0.600000,50,0.166670,141.686900,141.686900,0.429365,10.547100,44.021800,87.746500,0.414806,0.321408,0.494874,3.950310,0.000000,0.123854,153725.190000,257426.980000,150433.420000,150433.420000,0.000000,58046.770000,50231.110000,108277.880000,48169.470000,26982.820000,31855.660000,323.490000,1115.190000,0.000000,37.235800,105.000000,-0.548900,0.000000,7869.470000,7316.220000,586.570000,133.410000,0.525000,ok,412.000000,0.000000,16.314800,8,,5.202885,38,0.712400,0.420179,1.948554,1.517510,2.672715,0.586648,0.474440,0.714003,1.220534,0.887391,1.596105,1.807844,1.489896,2.211047,0.713279,1.043637,1.185307
0.500000,0.300000,4,0.600000,50,0.166670,176.329500,65.083500,0.378849,1.093000,113.256200,152.518000,0.578742,0.475818,0.650507,3.501880,0.000000,0.166990,257940.200000,257426.980000,150036.340000,150036.340000,0.000000,93806.380000,71950.560000,165756.950000,73316.120000,29487.180000,55964.870000,11909.290000,3554.970000,0.000000,37.543100,109.030000,29.756000,0.000000,13204.420000,6999.870000,927.880000,152.540000,0.316000,ok,411.630000,0.000000,15.609400,21,,5.202885,38,0.712400,0.594870,1.948554,1.517510,2.672715,0.586648,0.474440,0.714003,1.220534,0.887391,1.596105,1.807844,1.489896,2.211047,0.713279,1.043637,1.185307
0.500000,0.300000,5,0.600000,50,0.166670,335.445500,68.147000,0.319621,12.746100,78.350100,152.184100,0.857227,0.798881,0.901132,4.820620,0.000000,0.085059,249945.940000,257426.980000,150111.650000,150111.650000,0.000000,91589.790000,117999.740000,209589.530000,72569.500000,33102.110000,44693.250000,17139.430000,3345.000000,0.000000,32.156700,82.470200,220.818900,0.000000,12795.180000,7061.420000,1571.050000,29.870000,0.508000,ok,411.320000,0.000000,15.746600,8,,5.202885,38,0.712000,0.592937,1.948554,1.517510,2.672715,0.586648,0.474440,0.714003,1.220534,0.887391,1.596105,1.807844,1.489896,2.211047,0.713279,1.043637,1.185307
0.500000,0.500000,0,0.600000,50,0.166670,141.686900,141.686900,0.429365,10.547100,44.021800,87.746500,0.414806,0.321408,0.494874,3.950310,0.000000,0.123854,153725.190000,257426.980000,150433.420000,150433.420000,0.000000,60314.250000,50231.110000,110545.370000,48169.470000,27230.040000,33882.120000,317.290000,1115.190000,0.000000,37.235800,105.000000,-0.548900,0.000000,7869.470000,7316.220000,586.570000,133.410000,0.525000,ok,412.000000,0.000000,16.314800,8,,5.202885,29,0.712400,0.420603,1.894278,1.469716,2.602972,0.560916,0.453887,0.695238,1.313102,0.940978,1.713082,1.902447,1.539288,2.336614,0.682494,1.111644,1.162988
0.500000,0.500000,1,0.600000,50,0.166670,129.935900,75.255500,0.325755,14.133600,82.771500,109.094000,0.440744,0.379729,0.505663,5.106380,0.000000,0.223624,254537.090000,257426.980000,150217.560000,150217.560000,0.000000,93590.300000,52771.430000,146361.720000,74500.640000,32711.920000,42845.810000,21463.970000,3431.400000,0.000000,32.780400,48.163800,48.991100,0.000000,13030.210000,7092.020000,644.100000,58.900000,0.400000,ok,411.680000,0.000000,15.814900,0,29.668320,5.202885,29,0.712000,0.594115,1.894278,1.469716,2.602972,0.560916,0.453887,0.695238,1.313102,0.940978,1.713082,1.902447,1.539288,2.336614,0.682494,1.111644,1.162988
0.500000,0.500000,2,0.600000,50,0.166670,303.936200,67.492700,0.293039,12.863200,82.831300,251.445600,0.785758,0.727324,0.836616,10.308230,0.000000,0.095818,255114.250000,257426.980000,150378.790000,150378.790000,0.000000,93810.390000,131555.810000,225366.200000,77477.480000,32276.750000,43184.570000,21790.830000,3441.760000,0.000000,30.703100,23.233100,250.000000,0.000000,13059.750000,7126.600000,1745.980000,7.550000,0.546000,ok,412.000000,0.000000,15.892000,21,,5.202885,29,0.712400,0.592785,1.894278,1.469716,2.602972,0.560916,0.453887,0.695238,1.313102,0.940978,1.713082,1.902447,1.539288,2.336614,0.682494,1.111644,1.162988
0.500000,0.500000,3,0.600000,50,0.166670,141.686900,141.686900,0.429365,10.547100,44.021800,87.746500,0.414806,0.321408,0.494874,3.950310,0.000000,0.123854,153725.190000,257426.980000,150433.420000,150433.420000,0.000000,58046.770000,50231.110000,108277.880000,48169.470000,26982.820000,31855.660000,323.490000,1115.190000,0.000000,37.235800,105.000000,-0.548900,0.000000,7869.470000,7316.220000,586.570000,133.410000,0.525000,ok,412.000000,0.000000,16.314800,8,,5.202885,29,0.712400,0.420179,1.894278,1.469716,2.602972,0.560916,0.453887,0.695238,1.313102,0.940978,1.713082,1.902447,1.539288,2.336614,0.682494,1.111644,1.162988
0.500000,0.500000,4,0.600000,50,0.166670,176.329500,65.083500,0.378849,1.093000,113.256200,152.518000,0.578742,0.475818,0.650507,3.501880,0.000000,0.166990,257940.200000,257426.980000,150036.340000,150036.340000,0.000000,93806.380000,71950.560000,165756.950000,73316.120000,29487.180000,55964.870000,11909.290000,3554.970000,0.000000,37.543100,109.030000,29.756000,0.000000,13204.420000,6999.870000,927.880000,152.540000,0.316000,ok,411.630000,0.000000,15.609400,21,,5.202885,29,0.712400,0.594870,1.894278,1.469716,2.602972,0.560916,0.453887,0.695238,1.313102,0.940978,1.713082,1.902447,1.539288,2.336614,0.682494,1.111644,1.162988
0.500000,0.500000,5,0.600000,50,0.166670,326.334900,75.255500,0.325755,15.875600,74.061800,136.443700,0.838492,0.778361,0.887280,4.812470,0.000000,0.087371,249765.940000,257426.980000,150160.590000,150160.590000,0.000000,91850.090000,115413.130000,207263.220000,73065.660000,33659.500000,41965.430000,19552.850000,3327.690000,0.000000,32.156700,65.404400,228.772400,0.000000,12785.960000,7092.720000,1527.210000,23.810000,0.394000,ok,411.430000,0.000000,15.816400,8,,5.202885,29,0.712000,0.593224,1.894278,1.469716,2.602972,0.560916,0.453887,0.695238,1.313102,0.940978,1.713082,1.902447,1.539288,2.336614,0.682494,1.111644,1.162988
0.750000,0.100000,0,0.600000,50,0.166670,164.243000,164.243000,0.401576,13.449300,54.273900,113.981500,0.385447,0.298235,0.443161,5.493930,0.000000,0.131997,189912.900000,257426.980000,199061.650000,199061.650000,0.000000,75483.040000,59537.970000,135021.010000,58891.090000,30516.980000,45440.050000,346.110000,820.100000,0.000000,38.268300,126.000000,-0.025300,0.000000,9721.980000,10521.610000,465.860000,148.070000,0.437000,ok,545.170000,0.000000,23.462700,21,,5.202885,44,0.712700,0.551737,1.963977,1.597289,2.702570,0.688747,0.555667,0.825573,1.142368,0.855869,1.524940,1.623605,1.357065,1.980885,0.929214,0.915340,1.234689
0.750000,0.100000,1,0.600000,50,0.166670,173.306300,69.024100,0.341559,7.351000,106.605100,144.940200,0.521388,0.447868,0.584387,5.948420,0.000000,0.196877,298891.910000,257426.980000,198622.620000,198622.620000,0.000000,109700.520000,70401.560000,180102.070000,85875.650000,31986.140000,65469.260000,15607.920000,3362.800000,0.000000,31.779400,101.285700,40.241900,0.000000,15300.810000,10188.910000,590.960000,105.280000,0.661000,ok,544.530000,0.000000,22.720800,8,44.948625,5.202885,44,0.713000,0.701387,1.963977,1.597289,2.702570,0.688747,0.555667,0.825573,1.142368,0.855869,1.524940,1.623605,1.357065,1.980885,0.929214,0.915340,1.234689
0.750000,0.100000,2,0.600000,50,0.166670,320.595300,75.615600,0.373150,6.631700,122.625800,261.028700,0.757009,0.707856,0.806001,19.638160,0.000000,0.106777,299873.630000,257426.980000,199002.920000,199002.920000,0.000000,110070.040000,139293.500000,249363.540000,92196.110000,31129.180000,66458.660000,15862.520000,3380.330000,0.000000,31.309600,39.285700,250.000000,0.000000,15351.060000,10232.390000,1261.300000,13.970000,0.747000,ok,545.170000,0.000000,22.817700,23,,5.202885,44,0.712700,0.699924,1.963977,1.597289,2.702570,0.688747,0.555667,0.825573,1.142368,0.855869,1.524940,1.623605,1.357065,1.980885,0.929214,0.915340,1.234689
0.750000,0.100000,3,0.600000,50,0.166670,164.243000,164.243000,0.401576,13.449300,54.273900,113.981500,0.385447,0.298235,0.443161,5.493930,0.000000,0.131997,189912.900000,257426.980000,199061.650000,199061.650000,0.000000,72295.570000,59537.970000,131833.540000,58891.090000,30258.450000,42504.110000,353.110000,820.100000,0.000000,38.268300,126.000000,-0.025300,0.000000,9721.980000,10521.610000,465.860000,148.070000,0.437000,ok,545.170000,0.000000,23.462700,21,,5.202885,44,0.712700,0.549741,1.963977,1.597289,2.702570,0.688747,0.555667,0.825573,1.142368,0.855869,1.524940,1.623605,1.357065,1.980885,0.929214,0.915340,1.234689
0.750000,0.100000,4,0.600000,50,0.166670,221.607200,72.926000,0.421719,1.103100,144.426400,186.221600,0.595617,0.500159,0.682972,3.586830,0.000000,0.157761,306258.150000,257426.980000,198530.980000,198530.980000,0.000000,112095.160000,93287.360000,205382.520000,86846.030000,29429.490000,74294.050000,11920.120000,3548.500000,0.000000,36.027200,154.533900,31.046800,0.000000,15677.900000,10146.320000,819.420000,171.210000,0.323000,ok,544.610000,0.000000,22.625800,9,,5.202885,44,0.712700,0.702762,1.963977,1.597289,2.702570,0.688747,0.555667,0.825573,1.142368,0.855869,1.524940,1.623605,1.357065,1.980885,0.929214,0.915340,1.234689
0.750000,0.100000,5,0.600000,50,0.166670,372.571400,69.024100,0.341559,7.739100,94.244700,228.036300,0.846528,0.793051,0.887175,4.895290,0.000000,0.090794,296327.280000,257426.980000,198573.020000,198573.020000,0.000000,108766.210000,131611.780000,240377.990000,85001.920000,32710.720000,64595.470000,14767.490000,3307.470000,0.000000,32.484200,134.936300,205.150500,0.000000,15169.520000,10181.320000,1192.680000,53.790000,0.692000,ok,544.120000,0.000000,22.703900,9,,5.202885,44,0.713000,0.700155,1.963977,1.597289,2.702570,0.688747,0.555667,0.825573,1.142368,0.855869,1.524940,1.623605,1.357065,1.980885,0.929214,0.915340,1.234689
0.750000,0.300000,0,0.600000,50,0.166670,164.243000,164.243000,0.401576,13.449300,54.273900,113.981500,0.385447,0.298235,0.443161,5.493930,0.000000,0.131997,189912.900000,257426.980000,199061.650000,199061.650000,0.000000,75483.040000,59537.970000,135021.010000,58891.090000,30516.980000,45440.050000,346.110000,820.100000,0.000000,38.268300,126.000000,-0.025300,0.000000,9721.980000,10521.610000,465.860000,148.070000,0.437000,ok,545.170000,0.000000,23.462700,21,,5.202885,38,0.712700,0.551737,1.891241,1.534842,2.619320,0.645765,0.514662,0.798766,1.265265,0.920584,1.698766,1.701346,1.362862,2.120946,0.832734,0.956601,1.318313
0.750000,0.300000,1,0.600000,50,0.166670,164.091500,76.158300,0.319893,16.270700,101.405600,135.512400,0.470745,0.402040,0.543306,5.658770,0.000000,0.207301,297982.640000,257426.980000,198708.710000,198708.710000,0.000000,110194.350000,66207.040000,176401.390000,86317.780000,33738.030000,57920.260000,21849.390000,3313.330000,0.000000,31.779400,84.534900,47.777600,0.000000,15254.260000,10247.320000,546.090000,84.420000,0.529000,ok,544.650000,0.000000,22.851000,22,38.819267,5.202885,38,0.713000,0.700248,1.891241,1.534842,2.619320,0.645765,0.514662,0.798766,1.265265,0.920584,1.698766,1.701346,1.362862,2.120946,0.832734,0.956601,1.318313
0.750000,0.300000,2,0.600000,50,0.166670,313.595300,79.799300,0.334406,15.194800,108.120200,259.233300,0.728973,0.680182,0.781173,16.220690,0.000000,0.109051,299574.130000,257426.980000,199012.170000,199012.170000,0.000000,110783.550000,136202.710000,246986.260000,91797.800000,32862.480000,59221.650000,22045.690000,3346.280000,0.000000,31.309600,32.285700,250.000000,0.000000,15335.730000,10280.770000,1224.830000,11.480000,0.578000,ok,545.170000,0.000000,22.925600,0,,5.202885,38,0.712700,0.698716,1.891241,1.534842,2.619320,0.645765,0.514662,0.798766,1.265265,0.920584,1.698766,1.701346,1.362862,2.120946,0.832734,0.956601,1.318313
0.750000,0.300000,3,0.600000,50,0.166670,164.243000,164.243000,0.401576,13.449300,54.273900,113.981500,0.385447,0.298235,0.443161,5.493930,0.000000,0.131997,189912.900000,257426.980000,199061.650000,199061.650000,0.000000,72295.570000,59537.970000,131833.540000,58891.090000,30258.450000,42504.110000,353.110000,820.100000,0.000000,38.268300,126.000000,-0.025300,0.000000,9721.980000,10521.610000,465.860000,148.070000,0.437000,ok,545.170000,0.000000,23.462700,21,,5.202885,38,0.712700,0.549741,1.891241,1.534842,2.619320,0.645765,0.514662,0.798766,1.265265,0.920584,1.698766,1.701346,1.362862,2.120946,0.832734,0.956601,1.318313
0.750000,0.300000,4,0.600000,50,0.166670,221.607200,72.926000,0.421719,1.103100,144.426400,186.221600,0.595617,0.500159,0.682972,3.586830,0.000000,0.157761,306258.150000,257426.980000,198530.980000,198530.980000,0.000000,112095.160000,93287.360000,205382.520000,86846.030000,29429.490000,74294.050000,11920.120000,3548.500000,0.000000,36.027200,154.533900,31.046800,0.000000,15677.900000,10146.320000,819.420000,171.210000,0.323000,ok,544.610000,0.000000,22.625800,9,,5.202885,38,0.712700,0.702762,1.891241,1.534842,2.619320,0.645765,0.514662,0.798766,1.265265,0.920584,1.698766,1.701346,1.362862,2.120946,0.832734,0.956601,1.318313
0.750000,0.300000,5,0.600000,50,0.166670,356.485500,76.158300,0.319893,17.832900,87.186000,194.930200,0.800900,0.740451,0.852705,4.820660,0.000000,0.094183,294117.140000,257426.980000,198662.630000,198662.630000,0.000000,108785.380000,126922.410000,235707.790000,85107.390000,34703.070000,57169.370000,20142.240000,3229.300000,0.000000,32.484200,109.854700,214.146500,0.000000,15056.380000,10246.570000,1138.680000,41.410000,0.524000,ok,544.310000,0.000000,22.849400,21,,5.202885,38,0.713000,0.699185,1.891241,1.534842,2.619320,0.645765,0.514662,0.798766,1.265265,0.920584,1.698766,1.701346,1.362862,2.120946,0.832734,0.956601,1.318313
0.750000,0.500000,0,0.600000,50,0.166670,164.243000,164.243000,0.401576,13.449300,54.273900,113.981500,0.385447,0.298235,0.443161,5.493930,0.000000,0.131997,189912.900000,257426.980000,199061.650000,199061.650000,0.000000,75483.040000,59537.970000,135021.010000,58891.090000,30516.980000,45440.050000,346.110000,820.100000,0.000000,38.268300,126.000000,-0.025300,0.000000,9721.980000,10521.610000,465.860000,148.070000,0.437000,ok,545.170000,0.000000,23.462700,21,,5.202885,29,0.712700,0.551737,1.796896,1.463739,2.481821,0.587029,0.465617,0.732711,1.464941,1.052326,1.981731,1.859391,1.468805,2.354550,0.763059,1.003290,1.371738
0.750000,0.500000,1,0.600000,50,0.166670,148.374700,84.004400,0.307434,22.680000,92.271900,122.302400,0.406581,0.344634,0.475289,4.909900,0.000000,0.228633,297168.590000,257426.980000,198812.810000,198812.810000,0.000000,110489.560000,59692.430000,170181.990000,87009.300000,34270.060000,52566.650000,26923.480000,3270.630000,0.000000,31.788400,62.122500,54.463900,0.000000,15212.590000,10300.750000,479.500000,60.080000,0.347000,ok,544.790000,0.000000,22.970200,13,29.625230,5.202885,29,0.713000,0.700981,1.796896,1.463739,2.481821,0.587029,0.465617,0.732711,1.464941,1.052326,1.981731,1.859391,1.468805,2.354550,0.763059,1.003290,1.371738
0.750000,0.500000,2,0.600000,50,0.166670,295.974100,83.899100,0.306426,18.458800,106.998400,250.033100,0.692608,0.648672,0.740166,13.600070,0.000000,0.115681,299929.950000,257426.980000,199024.780000,199024.780000,0.000000,111492.080000,128262.690000,239754.760000,91620.400000,33456.460000,54230.060000,27136.890000,3331.330000,0.000000,29.741000,16.233100,250.000000,0.000000,15353.950000,10325.550000,1142.190000,5.210000,0.463000,ok,545.170000,0.000000,23.025500,15,,5.202885,29,0.712700,0.699822,1.796896,1.463739,2.481821,0.587029,0.465617,0.732711,1.464941,1.052326,1.981731,1.859391,1.468805,2.354550,0.763059,1.003290,1.371738
0.750000,0.500000,3,0.600000,50,0.166670,164.243000,164.243000,0.401576,13.449300,54.273900,113.981500,0.385447,0.298235,0.443161,5.493930,0.000000,0.131997,189912.900000,257426.980000,199061.650000,199061.650000,0.000000,72295.570000,59537.970000,131833.540000,58891.090000,30258.450000,42504.110000,353.110000,820.100000,0.000000,38.268300,126.000000,-0.025300,0.000000,9721.980000,10521.610000,465.860000,148.070000,0.437000,ok,545.170000,0.000000,23.462700,21,,5.202885,29,0.712700,0.549741,1.796896,1.463739,2.481821,0.587029,0.465617,0.732711,1.464941,1.052326,1.981731,1.859391,1.468805,2.354550,0.763059,1.003290,1.371738
0.750000,0.500000,4,0.600000,50,0.166670,221.607200,72.926000,0.421719,1.103100,144.426400,186.221600,0.595617,0.500159,0.682972,3.586830,0.000000,0.157761,306258.150000,257426.980000,198530.980000,198530.980000,0.000000,112095.160000,93287.360000,205382.520000,86846.030000,29429.490000,74294.050000,11920.120000,3548.500000,0.000000,36.027200,154.533900,31.046800,0.000000,15677.900000,10146.320000,819.420000,171.210000,0.323000,ok,544.610000,0.000000,22.625800,9,,5.202885,29,0.712700,0.702762,1.796896,1.463739,2.481821,0.587029,0.465617,0.732711,1.464941,1.052326,1.981731,1.859391,1.468805,2.354550,0.763059,1.003290,1.371738
0.750000,0.500000,5,0.600000,50,0.166670,336.498300,84.004400,0.307434,25.154800,78.668300,161.888000,0.755993,0.698107,0.811458,4.337110,0.000000,0.099205,292427.760000,257426.980000,198763.030000,198763.030000,0.000000,108759.840000,120857.080000,229616.930000,85600.090000,35363.870000,51842.290000,24721.120000,3167.430000,0.000000,32.484200,78.008600,226.006200,0.000000,14969.900000,10305.250000,1072.770000,28.090000,0.341000,ok,544.520000,0.000000,22.980200,8,,5.202885,29,0.713000,0.700227,1.796896,1.463739,2.481821,0.587029,0.465617,0.732711,1.464941,1.052326,1.981731,1.859391,1.468805,2.354550,0.763059,1.003290,1.371738
1.000000,0.100000,0,0.600000,50,0.166670,214.491200,214.491200,0.446885,16.705400,70.870100,149.976000,0.424837,0.329127,0.489274,6.226370,0.000000,0.129067,242508.880000,257426.980000,263541.640000,263541.640000,0.000000,97291.660000,77958.970000,175250.630000,75584.350000,34001.950000,63254.220000,568.130000,532.640000,0.000000,35.205500,179.285700,0.000000,0.000000,12414.460000,14743.720000,428.760000,149.020000,0.438000,ok,721.740000,0.000000,32.877800,23,,5.202885,44,0.713000,0.668594,1.696262,1.359283,2.320411,0.737006,0.601165,0.874658,1.110203,0.836855,1.426186,1.554437,1.335454,1.884456,0.779588,1.000000,1.165452
1.000000,0.100000,1,0.600000,50,0.166670,202.898200,72.719200,0.348386,12.011900,128.295700,176.112000,0.531112,0.459116,0.581702,5.837860,0.000000,0.204315,363147.010000,257426.980000,262973.850000,262973.850000,0.000000,134330.000000,84517.510000,218847.510000,104675.660000,33154.420000,87563.750000,16968.910000,3357.090000,0.000000,31.297500,129.541500,42.059400,0.000000,18590.140000,14355.310000,488.750000,96.840000,0.680000,ok,720.920000,0.000000,32.011700,14,44.953253,5.202885,44,0.713000,0.789282,1.696262,1.359283,2.320411,0.737006,0.601165,0.874658,1.110203,0.836855,1.426186,1.554437,1.335454,1.884456,0.779588,1.000000,1.165452
1.000000,0.100000,2,0.600000,50,0.166670,334.539100,72.719200,0.348386,9.909400,143.408900,306.846000,0.720635,0.665062,0.763710,24.299320,0.000000,0.123547,362063.090000,257426.980000,263461.430000,263461.430000,0.000000,133957.300000,145629.360000,279586.660000,111846.020000,32549.120000,87385.370000,17343.770000,3320.960000,0.000000,31.253400,53.285700,250.000000,0.000000,18534.650000,14415.460000,910.230000,18.950000,0.767000,ok,721.740000,0.000000,32.145800,5,,5.202885,44,0.713000,0.790485,1.696262,1.359283,2.320411,0.737006,0.601165,0.874658,1.110203,0.836855,1.426186,1.554437,1.335454,1.884456,0.779588,1.000000,1.165452
1.000000,0.100000,3,0.600000,50,0.166670,214.491200,214.491200,0.446885,16.705400,70.870100,149.976000,0.424837,0.329127,0.489274,6.226370,0.000000,0.129067,242508.880000,257426.980000,263541.640000,263541.640000,0.000000,92956.260000,77958.970000,170915.230000,75584.350000,33783.270000,59122.580000,583.060000,532.640000,0.000000,35.205500,179.285700,0.000000,0.000000,12414.460000,14743.720000,428.760000,149.020000,0.438000,ok,721.740000,0.000000,32.877800,23,,5.202885,44,0.713000,0.665328,1.696262,1.359283,2.320411,0.737006,0.601165,0.874658,1.110203,0.836855,1.426186,1.554437,1.335454,1.884456,0.779588,1.000000,1.165452
1.000000,0.100000,4,0.600000,50,0.166670,256.609000,70.029600,0.406027,1.080000,189.409100,223.553800,0.589642,0.486800,0.654785,3.478200,0.000000,0.164927,370738.130000,257426.980000,262833.820000,262833.820000,0.000000,136488.870000,108987.590000,245476.460000,105000.350000,29507.110000,98616.470000,11914.800000,3549.510000,0.000000,36.295800,189.533900,30.780000,0.000000,18978.740000,14314.950000,661.360000,158.200000,0.271000,ok,721.060000,0.000000,31.921700,2,,5.202885,44,0.713000,0.794970,1.696262,1.359283,2.320411,0.737006,0.601165,0.874658,1.110203,0.836855,1.426186,1.554437,1.335454,1.884456,0.779588,1.000000,1.165452
1.000000,0.100000,5,0.600000,50,0.166670,402.171300,72.719200,0.348386,14.261300,115.493000,292.759400,0.825580,0.776836,0.865184,4.724030,0.000000,0.102192,360023.390000,257426.980000,262918.740000,262918.740000,0.000000,133191.960000,152780.980000,285972.940000,103605.330000,33895.390000,86631.150000,15955.010000,3289.580000,0.000000,32.264000,172.380300,197.527800,0.000000,18430.240000,14346.450000,964.940000,69.940000,0.704000,ok,720.400000,0.000000,31.991900,0,,5.202885,44,0.713000,0.788296,1.696262,1.359283,2.320411,0.737006,0.601165,0.874658,1.110203,0.836855,1.426186,1.554437,1.335454,1.884456,0.779588,1.000000,1.165452
1.000000,0.300000,0,0.600000,50,0.166670,214.491200,214.491200,0.446885,16.705400,70.870100,149.976000,0.424837,0.329127,0.489274,6.226370,0.000000,0.129067,242508.880000,257426.980000,263541.640000,263541.640000,0.000000,97291.660000,77958.970000,175250.630000,75584.350000,34001.950000,63254.220000,568.130000,532.640000,0.000000,35.205500,179.285700,0.000000,0.000000,12414.460000,14743.720000,428.760000,149.020000,0.438000,ok,721.740000,0.000000,32.877800,23,,5.202885,38,0.713000,0.668594,1.637193,1.329748,2.266958,0.699291,0.558356,0.835631,1.212295,0.895394,1.571739,1.614883,1.343173,2.000077,0.705770,1.000000,1.287348
1.000000,0.300000,1,0.600000,50,0.166670,193.683200,77.184400,0.315398,20.152300,122.725500,165.480200,0.486385,0.416599,0.543671,5.164740,0.000000,0.213499,362236.700000,257426.980000,263059.940000,263059.940000,0.000000,134833.370000,80386.790000,215220.160000,105135.940000,34479.820000,80447.570000,23213.580000,3307.590000,0.000000,31.297500,112.790700,49.595100,0.000000,18543.540000,14413.730000,457.710000,79.950000,0.555000,ok,721.050000,0.000000,32.141900,4,38.823264,5.202885,38,0.713000,0.789526,1.637193,1.329748,2.266958,0.699291,0.558356,0.835631,1.212295,0.895394,1.571739,1.614883,1.343173,2.000077,0.705770,1.000000,1.287348
1.000000,0.300000,2,0.600000,50,0.166670,327.539100,77.184400,0.315398,17.766000,128.132900,278.646200,0.695540,0.650611,0.746117,20.881850,0.000000,0.126133,361905.140000,257426.980000,263470.680000,263470.680000,0.000000,134732.360000,142488.270000,277220.630000,111498.280000,33809.110000,80686.340000,23526.940000,3290.020000,0.000000,31.253400,46.285700,250.000000,0.000000,18526.570000,14463.840000,885.130000,16.460000,0.639000,ok,721.740000,0.000000,32.253700,1,,5.202885,38,0.713000,0.790434,1.637193,1.329748,2.266958,0.699291,0.558356,0.835631,1.212295,0.895394,1.571739,1.614883,1.343173,2.000077,0.705770,1.000000,1.287348
1.000000,0.300000,3,0.600000,50,0.166670,214.491200,214.491200,0.446885,16.705400,70.870100,149.976000,0.424837,0.329127,0.489274,6.226370,0.000000,0.129067,242508.880000,257426.980000,263541.640000,263541.640000,0.000000,92956.260000,77958.970000,170915.230000,75584.350000,33783.270000,59122.580000,583.060000,532.640000,0.000000,35.205500,179.285700,0.000000,0.000000,12414.460000,14743.720000,428.760000,149.020000,0.438000,ok,721.740000,0.000000,32.877800,23,,5.202885,38,0.713000,0.665328,1.637193,1.329748,2.266958,0.699291,0.558356,0.835631,1.212295,0.895394,1.571739,1.614883,1.343173,2.000077,0.705770,1.000000,1.287348
1.000000,0.300000,4,0.600000,50,0.166670,256.609000,70.029600,0.406027,1.080000,189.409100,223.553800,0.589642,0.486800,0.654785,3.478200,0.000000,0.164927,370738.130000,257426.980000,262833.820000,262833.820000,0.000000,136488.870000,108987.590000,245476.460000,105000.350000,29507.110000,98616.470000,11914.800000,3549.510000,0.000000,36.295800,189.533900,30.780000,0.000000,18978.740000,14314.950000,661.360000,158.200000,0.271000,ok,721.060000,0.000000,31.921700,2,,5.202885,38,0.713000,0.794970,1.637193,1.329748,2.266958,0.699291,0.558356,0.835631,1.212295,0.895394,1.571739,1.614883,1.343173,2.000077,0.705770,1.000000,1.287348
1.000000,0.300000,5,0.600000,50,0.166670,386.131600,77.184400,0.315398,22.573000,107.732900,256.278900,0.785455,0.730244,0.833230,4.647070,0.000000,0.105878,358132.250000,257426.980000,263007.030000,263007.030000,0.000000,133337.720000,143243.830000,276581.550000,103806.340000,35433.660000,79659.400000,21463.110000,3218.460000,0.000000,32.264000,148.611400,205.255200,0.000000,18333.430000,14411.500000,893.960000,57.570000,0.577000,ok,720.590000,0.000000,32.137000,11,,5.202885,38,0.713000,0.788594,1.637193,1.329748,2.266958,0.699291,0.558356,0.835631,1.212295,0.895394,1.571739,1.614883,1.343173,2.000077,0.705770,1.000000,1.287348
1.000000,0.500000,0,0.600000,50,0.166670,214.491200,214.491200,0.446885,16.705400,70.870100,149.976000,0.424837,0.329127,0.489274,6.226370,0.000000,0.129067,242508.880000,257426.980000,263541.640000,263541.640000,0.000000,97291.660000,77958.970000,175250.630000,75584.350000,34001.950000,63254.220000,568.130000,532.640000,0.000000,35.205500,179.285700,0.000000,0.000000,12414.460000,14743.720000,428.760000,149.020000,0.438000,ok,721.740000,0.000000,32.877800,23,,5.202885,29,0.713000,0.668594,1.542050,1.262648,2.131341,0.643968,0.514622,0.776782,1.397667,1.014418,1.813819,1.749445,1.420604,2.192417,0.686391,1.000000,1.323693
1.000000,0.500000,1,0.600000,50,0.166670,177.155000,90.038800,0.306738,26.795900,113.081000,150.653000,0.421876,0.360998,0.479881,5.052650,0.000000,0.232556,360898.910000,257426.980000,263181.050000,263181.050000,0.000000,135024.790000,73137.760000,208162.550000,105668.520000,34976.480000,73262.140000,30031.470000,3245.300000,0.000000,31.304800,85.506500,60.343000,0.000000,18475.060000,14486.020000,404.890000,57.310000,0.375000,ok,721.220000,0.000000,32.303100,2,29.628280,5.202885,29,0.713000,0.793666,1.542050,1.262648,2.131341,0.643968,0.514622,0.776782,1.397667,1.014418,1.813819,1.749445,1.420604,2.192417,0.686391,1.000000,1.323693
1.000000,0.500000,2,0.600000,50,0.166670,309.732000,90.038800,0.306738,20.461000,132.425500,264.981100,0.655120,0.617781,0.701482,16.889020,0.000000,0.133499,362215.610000,257426.980000,263483.290000,263483.290000,0.000000,135512.030000,134583.530000,270095.560000,110973.140000,34351.330000,74065.460000,30361.620000,3266.380000,0.000000,29.498900,30.233100,250.000000,0.000000,18542.460000,14522.070000,826.750000,10.130000,0.507000,ok,721.740000,0.000000,32.383500,11,,5.202885,29,0.713000,0.794198,1.542050,1.262648,2.131341,0.643968,0.514622,0.776782,1.397667,1.014418,1.813819,1.749445,1.420604,2.192417,0.686391,1.000000,1.323693
1.000000,0.500000,3,0.600000,50,0.166670,214.491200,214.491200,0.446885,16.705400,70.870100,149.976000,0.424837,0.329127,0.489274,6.226370,0.000000,0.129067,242508.880000,257426.980000,263541.640000,263541.640000,0.000000,92956.260000,77958.970000,170915.230000,75584.350000,33783.270000,59122.580000,583.060000,532.640000,0.000000,35.205500,179.285700,0.000000,0.000000,12414.460000,14743.720000,428.760000,149.020000,0.438000,ok,721.740000,0.000000,32.877800,23,,5.202885,29,0.713000,0.665328,1.542050,1.262648,2.131341,0.643968,0.514622,0.776782,1.397667,1.014418,1.813819,1.749445,1.420604,2.192417,0.686391,1.000000,1.323693
1.000000,0.500000,4,0.600000,50,0.166670,256.609000,70.029600,0.406027,1.080000,189.409100,223.553800,0.589642,0.486800,0.654785,3.478200,0.000000,0.164927,370738.130000,257426.980000,262833.820000,262833.820000,0.000000,136488.870000,108987.590000,245476.460000,105000.350000,29507.110000,98616.470000,11914.800000,3549.510000,0.000000,36.295800,189.533900,30.780000,0.000000,18978.740000,14314.950000,661.360000,158.200000,0.271000,ok,721.060000,0.000000,31.921700,2,,5.202885,29,0.713000,0.794970,1.542050,1.262648,2.131341,0.643968,0.514622,0.776782,1.397667,1.014418,1.813819,1.749445,1.420604,2.192417,0.686391,1.000000,1.323693
1.000000,0.500000,5,0.600000,50,0.166670,364.847900,90.038800,0.306738,29.018000,98.039700,209.805600,0.738049,0.681721,0.791458,4.058260,0.000000,0.111537,356480.450000,257426.980000,263125.630000,263125.630000,0.000000,133413.950000,135461.470000,268875.420000,104262.560000,36119.190000,72634.450000,27809.630000,3149.310000,0.000000,32.264000,111.846800,220.736900,0.000000,18248.870000,14490.170000,834.850000,42.510000,0.395000,ok,720.850000,0.000000,32.312400,6,,5.202885,29,0.713000,0.792759,1.542050,1.262648,2.131341,0.643968,0.514622,0.776782,1.397667,1.014418,1.813819,1.749445,1.420604,2.192417,0.686391,1.000000,1.323693
0.250000,0.100000,0,0.800000,50,0.166670,88.323200,88.323200,0.345446,2.997900,24.477800,42.891300,0.341347,0.270869,0.368208,2.636400,0.000000,0.093719,72511.670000,257426.980000,52952.420000,52952.420000,0.000000,27019.490000,29083.550000,56103.050000,22062.660000,19501.500000,8765.450000,260.820000,1508.270000,0.000000,115.901800,21.000000,-0.879500,47.700000,3712.000000,925.370000,3042.930000,31.190000,0.457000,ok,145.010000,0.000000,2.063500,0,,1.512657,44,0.711300,0.337342,2.556120,2.218526,3.373088,0.472252,0.401642,0.557500,1.178357,0.890775,1.484118,2.074765,1.766825,2.424680,0.957785,1.034579,1.078985
0.250000,0.100000,1,0.800000,50,0.166670,93.240300,65.966500,0.342304,7.135600,53.416700,75.502300,0.412051,0.366966,0.455410,3.723400,0.000000,0.193647,158168.030000,257426.980000,52858.930000,52858.930000,0.000000,56427.840000,36323.860000,92751.700000,45799.660000,31120.990000,14710.880000,14081.490000,3485.520000,0.000000,31.168500,23.234000,38.837200,0.000000,8096.900000,726.220000,4901.740000,29.390000,0.528000,ok,144.870000,0.000000,1.619400,8,13.110672,1.512657,44,0.710700,0.600593,2.556120,2.218526,3.373088,0.472252,0.401642,0.557500,1.178357,0.890775,1.484118,2.074765,1.766825,2.424680,0.957785,1.034579,1.078985
0.250000,0.100000,2,0.800000,50,0.166670,289.700100,63.733300,0.330863,6.694300,39.588700,228.374100,0.872524,0.816879,0.913665,7.003720,0.000000,0.063291,160618.300000,257426.980000,52934.660000,52934.660000,0.000000,57305.950000,124969.460000,182275.410000,48375.320000,30528.190000,16223.520000,14103.790000,3549.550000,0.000000,32.700100,7.000000,250.000000,0.000000,8222.340000,3610.900000,3360.890000,2.480000,0.704000,ok,145.010000,0.000000,8.052100,21,,1.512657,44,0.711300,0.597467,2.556120,2.218526,3.373088,0.472252,0.401642,0.557500,1.178357,0.890775,1.484118,2.074765,1.766825,2.424680,0.957785,1.034579,1.078985
0.250000,0.100000,3,0.800000,50,0.166670,88.323200,88.323200,0.345446,2.997900,24.477800,42.891300,0.341347,0.270869,0.368208,2.636400,0.000000,0.093719,72511.670000,257426.980000,52952.420000,52952.420000,0.000000,26158.350000,29083.550000,55241.900000,22062.660000,19251.110000,8149.830000,265.680000,1508.270000,0.000000,115.901800,21.000000,-0.879500,47.700000,3712.000000,925.370000,3042.930000,31.190000,0.457000,ok,145.010000,0.000000,2.063500,0,,1.512657,44,0.711300,0.346353,2.556120,2.218526,3.373088,0.472252,0.401642,0.557500,1.178357,0.890775,1.484118,2.074765,1.766825,2.424680,0.957785,1.034579,1.078985
0.250000,0.100000,4,0.800000,50,0.166670,115.772800,63.733300,0.369341,0.826900,64.352500,94.363500,0.485543,0.405668,0.544621,3.150960,0.000000,0.159147,161402.440000,257426.980000,52806.950000,52806.950000,0.000000,57271.320000,46033.680000,103304.990000,46061.910000,29106.210000,19864.840000,11879.510000,3579.250000,0.000000,36.030500,49.000000,30.742400,0.000000,8262.480000,677.190000,6697.770000,65.110000,0.302000,ok,144.850000,0.000000,1.510100,1,,1.512657,44,0.711300,0.609025,2.556120,2.218526,3.373088,0.472252,0.401642,0.557500,1.178357,0.890775,1.484118,2.074765,1.766825,2.424680,0.957785,1.034579,1.078985
0.250000,0.100000,5,0.800000,50,0.166670,284.176300,65.966500,0.342304,7.297400,47.277600,96.817800,0.854909,0.804630,0.889775,3.723400,0.000000,0.062487,155554.280000,257426.980000,52853.070000,52853.070000,0.000000,55474.410000,105327.340000,160801.750000,45103.280000,31689.700000,13920.720000,13292.130000,3428.150000,0.000000,30.782400,28.946100,224.448000,0.000000,7963.100000,725.380000,14420.270000,7.100000,0.524000,ok,144.800000,0.000000,1.617600,23,,1.512657,44,0.710700,0.600364,2.556120,2.218526,3.373088,0.472252,0.401642,0.557500,1.178357,0.890775,1.484118,2.074765,1.766825,2.424680,0.957785,1.034579,1.078985
0.250000,0.300000,0,0.800000,50,0.166670,88.323200,88.323200,0.345446,2.997900,24.477800,42.891300,0.341347,0.270869,0.368208,2.636400,0.000000,0.093719,72511.670000,257426.980000,52952.420000,52952.420000,0.000000,27019.490000,29083.550000,56103.050000,22062.660000,19501.500000,8765.450000,260.820000,1508.270000,0.000000,115.901800,21.000000,-0.879500,47.700000,3712.000000,925.370000,3042.930000,31.190000,0.457000,ok,145.010000,0.000000,2.063500,0,,1.512657,38,0.711300,0.337342,2.537351,2.189032,3.358169,0.468875,0.392947,0.558968,1.195621,0.900406,1.523697,2.071726,1.744688,2.458896,0.954120,1.008562,1.111071
0.250000,0.300000,1,0.800000,50,0.166670,92.997900,66.324400,0.332419,7.150600,53.319400,75.344800,0.406101,0.357434,0.450539,3.723400,0.000000,0.193988,158034.660000,257426.980000,52866.630000,52866.630000,0.000000,56397.320000,36139.250000,92536.570000,45720.920000,31184.690000,13828.530000,14863.050000,3478.950000,0.000000,31.168500,21.973300,39.855600,0.000000,8090.080000,736.110000,4809.480000,27.250000,0.459000,ok,144.880000,0.000000,1.641500,11,11.322853,1.512657,38,0.710700,0.600922,2.537351,2.189032,3.358169,0.468875,0.392947,0.558968,1.195621,0.900406,1.523697,2.071726,1.744688,2.458896,0.954120,1.008562,1.111071
0.250000,0.300000,2,0.800000,50,0.166670,289.700100,65.733300,0.329597,6.832000,41.440400,228.374100,0.866117,0.806019,0.909624,6.303720,0.000000,0.063165,160299.320000,257426.980000,52934.660000,52934.660000,0.000000,57207.630000,124969.460000,182177.090000,48111.050000,30627.330000,15229.670000,14889.690000,3539.060000,0.000000,32.700100,7.000000,250.000000,0.000000,8206.010000,3604.690000,3366.850000,2.480000,0.629000,ok,145.010000,0.000000,8.038300,11,,1.512657,38,0.711300,0.597732,2.537351,2.189032,3.358169,0.468875,0.392947,0.558968,1.195621,0.900406,1.523697,2.071726,1.744688,2.458896,0.954120,1.008562,1.111071
0.250000,0.300000,3,0.800000,50,0.166670,88.323200,88.323200,0.345446,2.997900,24.477800,42.891300,0.341347,0.270869,0.368208,2.636400,0.000000,0.093719,72511.670000,257426.980000,52952.420000,52952.420000,0.000000,26158.350000,29083.550000,55241.900000,22062.660000,19251.110000,8149.830000,265.680000,1508.270000,0.000000,115.901800,21.000000,-0.879500,47.700000,3712.000000,925.370000,3042.930000,31.190000,0.457000,ok,145.010000,0.000000,2.063500,0,,1.512657,38,0.711300,0.346353,2.537351,2.189032,3.358169,0.468875,0.392947,0.558968,1.195621,0.900406,1.523697,2.071726,1.744688,2.458896,0.954120,1.008562,1.111071
0.250000,0.300000,4,0.800000,50,0.166670,115.772800,63.733300,0.369341,0.826900,64.352500,94.363500,0.485543,0.405668,0.544621,3.150960,0.000000,0.159147,161402.440000,257426.980000,52806.950000,52806.950000,0.000000,57271.320000,46033.680000,103304.990000,46061.910000,29106.210000,19864.840000,11879.510000,3579.250000,0.000000,36.030500,49.000000,30.742400,0.000000,8262.480000,677.190000,6697.770000,65.110000,0.302000,ok,144.850000,0.000000,1.510100,1,,1.512657,38,0.711300,0.609025,2.537351,2.189032,3.358169,0.468875,0.392947,0.558968,1.195621,0.900406,1.523697,2.071726,1.744688,2.458896,0.954120,1.008562,1.111071
0.250000,0.300000,5,0.800000,50,0.166670,280.618900,66.324400,0.332419,7.325800,47.145800,96.915300,0.841330,0.786050,0.878893,3.723400,0.000000,0.063167,155279.650000,257426.980000,52860.860000,52860.860000,0.000000,55392.240000,104696.490000,160088.730000,44976.350000,31781.040000,13073.370000,13956.300000,3418.460000,0.000000,30.782400,25.972800,223.863900,0.000000,7949.040000,735.340000,14137.760000,5.950000,0.454000,ok,144.820000,0.000000,1.639800,0,,1.512657,38,0.710700,0.600684,2.537351,2.189032,3.358169,0.468875,0.392947,0.558968,1.195621,0.900406,1.523697,2.071726,1.744688,2.458896,0.954120,1.008562,1.111071
0.250000,0.500000,0,0.800000,50,0.166670,88.323200,88.323200,0.345446,2.997900,24.477800,42.891300,0.341347,0.270869,0.368208,2.636400,0.000000,0.093719,72511.670000,257426.980000,52952.420000,52952.420000,0.000000,27019.490000,29083.550000,56103.050000,22062.660000,19501.500000,8765.450000,260.820000,1508.270000,0.000000,115.901800,21.000000,-0.879500,47.700000,3712.000000,925.370000,3042.930000,31.190000,0.457000,ok,145.010000,0.000000,2.063500,0,,1.512657,29,0.711300,0.337342,2.502166,2.151694,3.331647,0.456087,0.373280,0.553325,1.246430,0.925373,1.616743,2.111935,1.745020,2.563113,0.920442,1.008325,1.151995
0.250000,0.500000,1,0.800000,50,0.166670,92.463500,68.324400,0.320610,7.247300,53.138100,74.835100,0.389547,0.336863,0.438383,3.723400,0.000000,0.195268,158162.860000,257426.980000,52877.990000,52877.990000,0.000000,56491.690000,35753.680000,92245.370000,45714.080000,31310.010000,12577.830000,16079.960000,3476.110000,0.000000,31.168500,19.873500,41.421000,0.000000,8096.640000,751.000000,4660.790000,23.870000,0.302000,ok,144.910000,0.000000,1.674700,8,8.641124,1.512657,29,0.710700,0.602294,2.502166,2.151694,3.331647,0.456087,0.373280,0.553325,1.246430,0.925373,1.616743,2.111935,1.745020,2.563113,0.920442,1.008325,1.151995
0.250000,0.500000,2,0.800000,50,0.166670,289.700100,67.733300,0.317963,7.088600,42.623400,232.863700,0.854107,0.792271,0.902440,5.603720,0.000000,0.063108,160154.920000,257426.980000,52934.660000,52934.660000,0.000000,57202.660000,125000.490000,182203.150000,47827.650000,30803.250000,13816.610000,16113.270000,3530.480000,0.000000,32.700100,7.000000,250.000000,0.000000,8198.620000,3885.110000,3117.420000,2.480000,0.450000,ok,145.010000,0.000000,8.663600,21,,1.512657,29,0.711300,0.598898,2.502166,2.151694,3.331647,0.456087,0.373280,0.553325,1.246430,0.925373,1.616743,2.111935,1.745020,2.563113,0.920442,1.008325,1.151995
0.250000,0.500000,3,0.800000,50,0.166670,88.323200,88.323200,0.345446,2.997900,24.477800,42.891300,0.341347,0.270869,0.368208,2.636400,0.000000,0.093719,72511.670000,257426.980000,52952.420000,52952.420000,0.000000,26158.350000,29083.550000,55241.900000,22062.660000,19251.110000,8149.830000,265.680000,1508.270000,0.000000,115.901800,21.000000,-0.879500,47.700000,3712.000000,925.370000,3042.930000,31.190000,0.457000,ok,145.010000,0.000000,2.063500,0,,1.512657,29,0.711300,0.346353,2.502166,2.151694,3.331647,0.456087,0.373280,0.553325,1.246430,0.925373,1.616743,2.111935,1.745020,2.563113,0.920442,1.008325,1.151995
0.250000,0.500000,4,0.800000,50,0.166670,115.772800,63.733300,0.369341,0.826900,64.352500,94.363500,0.485543,0.405668,0.544621,3.150960,0.000000,0.159147,161402.440000,257426.980000,52806.950000,52806.950000,0.000000,57271.320000,46033.680000,103304.990000,46061.910000,29106.210000,19864.840000,11879.510000,3579.250000,0.000000,36.030500,49.000000,30.742400,0.000000,8262.480000,677.190000,6697.770000,65.110000,0.302000,ok,144.850000,0.000000,1.510100,1,,1.512657,29,0.711300,0.609025,2.502166,2.151694,3.331647,0.456087,0.373280,0.553325,1.246430,0.925373,1.616743,2.111935,1.745020,2.563113,0.920442,1.008325,1.151995
0.250000,0.500000,5,0.800000,50,0.166670,277.312100,68.324400,0.320610,7.436100,46.663300,98.256600,0.822698,0.764987,0.863418,3.723400,0.000000,0.063939,155323.260000,257426.980000,52872.560000,52872.560000,0.000000,55455.820000,104462.180000,159918.000000,44931.970000,31923.120000,11895.020000,15051.440000,3413.760000,0.000000,30.782400,21.701800,224.828300,0.000000,7951.270000,750.470000,13819.500000,4.480000,0.299000,ok,144.840000,0.000000,1.673500,11,,1.512657,29,0.710700,0.602176,2.502166,2.151694,3.331647,0.456087,0.373280,0.553325,1.246430,0.925373,1.616743,2.111935,1.745020,2.563113,0.920442,1.008325,1.151995
0.500000,0.100000,0,0.800000,50,0.166670,141.641500,141.641500,0.425436,10.512300,44.014100,87.198300,0.411387,0.317163,0.492150,4.158260,0.000000,0.123781,153584.960000,257426.980000,150433.420000,150433.420000,0.000000,60270.030000,50282.780000,110552.800000,48122.780000,27163.820000,33895.940000,321.700000,1111.430000,0.000000,37.190400,105.000000,-0.548900,0.000000,7862.290000,7313.770000,587.510000,156.620000,0.525000,ok,412.000000,0.000000,16.309400,15,,5.202885,44,0.712000,0.419512,2.000532,1.562087,2.747326,0.609125,0.495266,0.729132,1.150954,0.846545,1.502143,1.762760,1.479098,2.128794,0.782480,1.047315,0.950767
0.500000,0.100000,1,0.800000,50,0.166670,141.538000,67.233500,0.348646,7.082100,89.001700,119.698600,0.501306,0.431550,0.560543,5.215200,0.000000,0.203991,252922.590000,257426.980000,150119.140000,150119.140000,0.000000,92249.000000,58086.510000,150335.510000,73026.710000,31377.890000,49583.820000,14720.280000,3432.990000,0.000000,35.090700,73.754000,32.693800,0.000000,12947.560000,7018.680000,727.600000,94.220000,0.641000,ok,411.550000,0.000000,15.651300,0,45.022135,5.202885,44,0.711900,0.592787,2.000532,1.562087,2.747326,0.609125,0.495266,0.729132,1.150954,0.846545,1.502143,1.762760,1.479098,2.128794,0.782480,1.047315,0.950767
0.500000,0.100000,2,0.800000,50,0.166670,315.695600,64.269000,0.332895,6.109400,93.452600,252.945900,0.822993,0.768781,0.871350,13.849080,0.000000,0.092036,254524.210000,257426.980000,150372.250000,150372.250000,0.000000,92852.770000,136133.610000,228986.390000,77693.910000,30791.090000,50532.780000,14987.260000,3458.360000,0.000000,33.409900,32.285700,250.000000,0.000000,13029.550000,7073.390000,1824.590000,11.390000,0.763000,ok,412.000000,0.000000,15.773300,8,,5.202885,44,0.712000,0.591590,2.000532,1.562087,2.747326,0.609125,0.495266,0.729132,1.150954,0.846545,1.502143,1.762760,1.479098,2.128794,0.782480,1.047315,0.950767
0.500000,0.100000,3,0.800000,50,0.166670,141.641500,141.641500,0.425436,10.512300,44.014100,87.198300,0.411387,0.317163,0.492150,4.158260,0.000000,0.123781,153584.960000,257426.980000,150433.420000,150433.420000,0.000000,57998.450000,50282.780000,108281.220000,48122.780000,26915.340000,31866.640000,327.900000,1111.430000,0.000000,37.190400,105.000000,-0.548900,0.000000,7862.290000,7313.770000,587.510000,156.620000,0.525000,ok,412.000000,0.000000,16.309400,15,,5.202885,44,0.712000,0.419074,2.000532,1.562087,2.747326,0.609125,0.495266,0.729132,1.150954,0.846545,1.502143,1.762760,1.479098,2.128794,0.782480,1.047315,0.950767
0.500000,0.100000,4,0.800000,50,0.166670,175.970700,57.269000,0.331481,1.086600,113.252800,152.325700,0.576980,0.474525,0.648250,3.455760,0.000000,0.167256,257825.170000,257426.980000,150036.340000,150036.340000,0.000000,93769.260000,72059.480000,165828.740000,73277.200000,29465.720000,55965.160000,11890.320000,3551.940000,0.000000,37.163800,109.030000,29.776100,0.000000,13198.530000,6998.950000,929.580000,150.560000,0.316000,ok,411.630000,0.000000,15.607300,0,,5.202885,44,0.712000,0.594543,2.000532,1.562087,2.747326,0.609125,0.495266,0.729132,1.150954,0.846545,1.502143,1.762760,1.479098,2.128794,0.782480,1.047315,0.950767
0.500000,0.100000,5,0.800000,50,0.166670,344.480700,67.233500,0.348646,7.372000,79.787400,170.201600,0.883682,0.829098,0.918681,4.569910,0.000000,0.082893,250142.130000,257426.980000,150065.910000,150065.910000,0.000000,91235.420000,118861.190000,210096.610000,72112.890000,32097.470000,48640.210000,13870.730000,3373.000000,0.000000,32.726700,97.427200,214.325100,0.000000,12805.220000,7012.660000,1594.950000,37.110000,0.638000,ok,411.220000,0.000000,15.637900,21,,5.202885,44,0.711900,0.591787,2.000532,1.562087,2.747326,0.609125,0.495266,0.729132,1.150954,0.846545,1.502143,1.762760,1.479098,2.128794,0.782480,1.047315,0.950767
0.500000,0.300000,0,0.800000,50,0.166670,141.641500,141.641500,0.425436,10.512300,44.014100,87.198300,0.411387,0.317163,0.492150,4.158260,0.000000,0.123781,153584.960000,257426.980000,150433.420000,150433.420000,0.000000,60270.030000,50282.780000,110552.800000,48122.780000,27163.820000,33895.940000,321.700000,1111.430000,0.000000,37.190400,105.000000,-0.548900,0.000000,7862.290000,7313.770000,587.510000,156.620000,0.525000,ok,412.000000,0.000000,16.309400,15,,5.202885,38,0.712000,0.419512,1.967529,1.527758,2.715714,0.580911,0.467448,0.704665,1.227097,0.895621,1.610063,1.832988,1.515071,2.249372,0.708085,1.047201,1.050773
0.500000,0.300000,1,0.800000,50,0.166670,136.082400,67.233500,0.315464,10.031800,87.238100,115.635800,0.470199,0.402624,0.529828,5.134800,0.000000,0.212961,253867.140000,257426.980000,150163.050000,150163.050000,0.000000,93015.600000,55980.290000,148995.890000,73781.770000,32143.990000,45601.800000,18704.970000,3435.160000,0.000000,31.743600,60.964300,43.375000,0.000000,12995.910000,7051.640000,693.860000,75.270000,0.513000,ok,411.610000,0.000000,15.724800,8,38.882753,5.202885,38,0.711900,0.593501,1.967529,1.527758,2.715714,0.580911,0.467448,0.704665,1.227097,0.895621,1.610063,1.832988,1.515071,2.249372,0.708085,1.047201,1.050773
0.500000,0.300000,2,0.800000,50,0.166670,315.695600,64.269000,0.301245,8.956800,82.572200,255.718900,0.809416,0.751886,0.861324,12.009580,0.000000,0.092233,255070.220000,257426.980000,150372.250000,150372.250000,0.000000,93472.990000,136194.460000,229667.450000,77648.820000,31644.200000,46297.760000,18983.760000,3452.730000,0.000000,33.409900,32.285700,250.000000,0.000000,13057.500000,7101.180000,1817.910000,11.390000,0.629000,ok,412.000000,0.000000,15.835300,0,,5.202885,38,0.712000,0.592209,1.967529,1.527758,2.715714,0.580911,0.467448,0.704665,1.227097,0.895621,1.610063,1.832988,1.515071,2.249372,0.708085,1.047201,1.050773
0.500000,0.300000,3,0.800000,50,0.166670,141.641500,141.641500,0.425436,10.512300,44.014100,87.198300,0.411387,0.317163,0.492150,4.158260,0.000000,0.123781,153584.960000,257426.980000,150433.420000,150433.420000,0.000000,57998.450000,50282.780000,108281.220000,48122.780000,26915.340000,31866.640000,327.900000,1111.430000,0.000000,37.190400,105.000000,-0.548900,0.000000,7862.290000,7313.770000,587.510000,156.620000,0.525000,ok,412.000000,0.000000,16.309400,15,,5.202885,38,0.712000,0.419074,1.967529,1.527758,2.715714,0.580911,0.467448,0.704665,1.227097,0.895621,1.610063,1.832988,1.515071,2.249372,0.708085,1.047201,1.050773
0.500000,0.300000,4,0.800000,50,0.166670,175.970700,57.269000,0.331481,1.086600,113.252800,152.325700,0.576980,0.474525,0.648250,3.455760,0.000000,0.167256,257825.170000,257426.980000,150036.340000,150036.340000,0.000000,93769.260000,72059.480000,165828.740000,73277.200000,29465.720000,55965.160000,11890.320000,3551.940000,0.000000,37.163800,109.030000,29.776100,0.000000,13198.530000,6998.950000,929.580000,150.560000,0.316000,ok,411.630000,0.000000,15.607300,0,,5.202885,38,0.712000,0.594543,1.967529,1.527758,2.715714,0.580911,0.467448,0.704665,1.227097,0.895621,1.610063,1.832988,1.515071,2.249372,0.708085,1.047201,1.050773
0.500000,0.300000,5,0.800000,50,0.166670,335.996600,67.233500,0.315464,12.765300,78.352100,152.706000,0.861869,0.802727,0.905651,4.700180,0.000000,0.084853,249749.090000,257426.980000,150111.740000,150111.740000,0.000000,91513.940000,117579.640000,209093.580000,72512.000000,33021.030000,44685.170000,17153.440000,3345.700000,0.000000,32.726700,82.464100,220.803900,0.000000,12785.100000,7049.830000,1567.840000,30.920000,0.508000,ok,411.320000,0.000000,15.720800,8,,5.202885,38,0.711900,0.592521,1.967529,1.527758,2.715714,0.580911,0.467448,0.704665,1.227097,0.895621,1.610063,1.832988,1.515071,2.249372,0.708085,1.047201,1.050773
0.500000,0.500000,0,0.800000,50,0.166670,141.641500,141.641500,0.425436,10.512300,44.014100,87.198300,0.411387,0.317163,0.492150,4.158260,0.000000,0.123781,153584.960000,257426.980000,150433.420000,150433.420000,0.000000,60270.030000,50282.780000,110552.800000,48122.780000,27163.820000,33895.940000,321.700000,1111.430000,0.000000,37.190400,105.000000,-0.548900,0.000000,7862.290000,7313.770000,587.510000,156.620000,0.525000,ok,412.000000,0.000000,16.309400,15,,5.202885,29,0.712000,0.419512,1.910901,1.477560,2.641626,0.558539,0.451266,0.693133,1.314069,0.941456,1.714575,1.919755,1.550230,2.357838,0.676729,1.045550,1.101196
0.500000,0.500000,1,0.800000,50,0.166670,129.485200,69.496000,0.301019,14.145600,82.842900,109.310600,0.439079,0.378082,0.504033,5.274830,0.000000,0.224250,254364.110000,257426.980000,150217.560000,150217.560000,0.000000,93524.210000,52955.080000,146479.290000,74448.270000,32640.440000,42840.010000,21476.390000,3432.630000,0.000000,32.876400,48.163800,48.444700,0.000000,13021.350000,7080.400000,647.910000,59.230000,0.400000,ok,411.680000,0.000000,15.788900,3,29.673680,5.202885,29,0.711900,0.593703,1.910901,1.477560,2.641626,0.558539,0.451266,0.693133,1.314069,0.941456,1.714575,1.919755,1.550230,2.357838,0.676729,1.045550,1.101196
0.500000,0.500000,2,0.800000,50,0.166670,304.468700,66.531500,0.287905,12.884300,82.621700,251.061100,0.786120,0.727181,0.837826,10.360700,0.000000,0.095608,255000.050000,257426.980000,150378.790000,150378.790000,0.000000,93773.290000,131416.000000,225189.290000,77434.980000,32253.430000,43192.850000,21765.780000,3438.770000,0.000000,31.235700,23.233100,250.000000,0.000000,13053.910000,7124.680000,1744.520000,7.430000,0.546000,ok,412.000000,0.000000,15.887700,23,,5.202885,29,0.712000,0.592464,1.910901,1.477560,2.641626,0.558539,0.451266,0.693133,1.314069,0.941456,1.714575,1.919755,1.550230,2.357838,0.676729,1.045550,1.101196
0.500000,0.500000,3,0.800000,50,0.166670,141.641500,141.641500,0.425436,10.512300,44.014100,87.198300,0.411387,0.317163,0.492150,4.158260,0.000000,0.123781,153584.960000,257426.980000,150433.420000,150433.420000,0.000000,57998.450000,50282.780000,108281.220000,48122.780000,26915.340000,31866.640000,327.900000,1111.430000,0.000000,37.190400,105.000000,-0.548900,0.000000,7862.290000,7313.770000,587.510000,156.620000,0.525000,ok,412.000000,0.000000,16.309400,15,,5.202885,29,0.712000,0.419074,1.910901,1.477560,2.641626,0.558539,0.451266,0.693133,1.314069,0.941456,1.714575,1.919755,1.550230,2.357838,0.676729,1.045550,1.101196
0.500000,0.500000,4,0.800000,50,0.166670,175.970700,57.269000,0.331481,1.086600,113.252800,152.325700,0.576980,0.474525,0.648250,3.455760,0.000000,0.167256,257825.170000,257426.980000,150036.340000,150036.340000,0.000000,93769.260000,72059.480000,165828.740000,73277.200000,29465.720000,55965.160000,11890.320000,3551.940000,0.000000,37.163800,109.030000,29.776100,0.000000,13198.530000,6998.950000,929.580000,150.560000,0.316000,ok,411.630000,0.000000,15.607300,0,,5.202885,29,0.712000,0.594543,1.910901,1.477560,2.641626,0.558539,0.451266,0.693133,1.314069,0.941456,1.714575,1.919755,1.550230,2.357838,0.676729,1.045550,1.101196
0.500000,0.500000,5,0.800000,50,0.166670,326.535500,69.496000,0.301019,15.858400,74.109900,136.661100,0.842924,0.781367,0.891456,4.691620,0.000000,0.087253,249582.230000,257426.980000,150159.910000,150159.910000,0.000000,91779.730000,115177.450000,206957.170000,73011.410000,33583.510000,41958.820000,19566.090000,3328.690000,0.000000,32.726700,65.404000,228.403600,0.000000,12776.560000,7081.050000,1526.560000,24.630000,0.394000,ok,411.430000,0.000000,15.790400,13,,5.202885,29,0.711900,0.592817,1.910901,1.477560,2.641626,0.558539,0.451266,0.693133,1.314069,0.941456,1.714575,1.919755,1.550230,2.357838,0.676729,1.045550,1.101196
0.750000,0.100000,0,0.800000,50,0.166670,163.771400,163.771400,0.398136,13.433800,54.175000,114.163600,0.381998,0.293822,0.437800,5.482350,0.000000,0.132472,190048.950000,257426.980000,199061.650000,199061.650000,0.000000,75533.130000,59240.840000,134773.980000,58935.390000,30553.060000,45454.090000,343.090000,817.100000,0.000000,37.796700,126.000000,-0.025300,0.000000,9728.940000,10534.420000,462.360000,147.320000,0.437000,ok,545.170000,0.000000,23.491200,23,,5.202885,44,0.712700,0.551791,1.987526,1.621416,2.753010,0.681537,0.547609,0.812817,1.148128,0.862989,1.535335,1.635775,1.372689,2.003508,0.955241,0.856388,1.318418
0.750000,0.100000,1,0.800000,50,0.166670,172.387200,65.723400,0.325698,7.327600,106.720800,145.173500,0.517444,0.442958,0.576983,5.921410,0.000000,0.197963,298946.970000,257426.980000,198622.620000,198622.620000,0.000000,109703.950000,70464.030000,180167.990000,85887.180000,32004.130000,65462.710000,15604.270000,3367.170000,0.000000,30.514200,101.285700,40.587700,0.000000,15303.630000,10177.690000,592.340000,104.130000,0.661000,ok,544.530000,0.000000,22.695800,0,44.921346,5.202885,44,0.713500,0.701012,1.987526,1.621416,2.753010,0.681537,0.547609,0.812817,1.148128,0.862989,1.535335,1.635775,1.372689,2.003508,0.955241,0.856388,1.318418
0.750000,0.100000,2,0.800000,50,0.166670,321.628100,76.856400,0.380316,6.614000,122.603000,261.213800,0.759231,0.709856,0.808895,19.335250,0.000000,0.106531,300146.400000,257426.980000,199002.920000,199002.920000,0.000000,110164.080000,139355.930000,249520.000000,92265.880000,31211.330000,66459.860000,15873.350000,3380.460000,0.000000,32.342400,39.285700,250.000000,0.000000,15365.030000,10241.530000,1260.700000,13.910000,0.747000,ok,545.170000,0.000000,22.838100,8,,5.202885,44,0.712700,0.700221,1.987526,1.621416,2.753010,0.681537,0.547609,0.812817,1.148128,0.862989,1.535335,1.635775,1.372689,2.003508,0.955241,0.856388,1.318418
0.750000,0.100000,3,0.800000,50,0.166670,163.771400,163.771400,0.398136,13.433800,54.175000,114.163600,0.381998,0.293822,0.437800,5.482350,0.000000,0.132472,190048.950000,257426.980000,199061.650000,199061.650000,0.000000,72343.220000,59240.840000,131584.070000,58935.390000,30294.350000,42516.050000,349.930000,817.100000,0.000000,37.796700,126.000000,-0.025300,0.000000,9728.940000,10534.420000,462.360000,147.320000,0.437000,ok,545.170000,0.000000,23.491200,23,,5.202885,44,0.712700,0.549762,1.987526,1.621416,2.753010,0.681537,0.547609,0.812817,1.148128,0.862989,1.535335,1.635775,1.372689,2.003508,0.955241,0.856388,1.318418
0.750000,0.100000,4,0.800000,50,0.166670,221.208300,74.166800,0.429406,1.089400,144.570100,186.276000,0.594092,0.497930,0.680089,3.453150,0.000000,0.158192,306541.470000,257426.980000,198530.980000,198530.980000,0.000000,112193.290000,93325.790000,205519.080000,86918.920000,29515.470000,74294.670000,11932.010000,3548.860000,0.000000,35.527100,154.533900,31.147700,0.000000,15692.400000,10154.900000,819.020000,170.480000,0.323000,ok,544.610000,0.000000,22.645000,22,,5.202885,44,0.712700,0.703096,1.987526,1.621416,2.753010,0.681537,0.547609,0.812817,1.148128,0.862989,1.535335,1.635775,1.372689,2.003508,0.955241,0.856388,1.318418
0.750000,0.100000,5,0.800000,50,0.166670,372.998600,65.723400,0.325698,7.736300,94.167500,228.235200,0.846422,0.792018,0.887470,4.929730,0.000000,0.090707,296383.300000,257426.980000,198573.170000,198573.170000,0.000000,108769.840000,131435.310000,240205.150000,85014.220000,32726.700000,64589.660000,14765.330000,3311.850000,0.000000,32.694400,134.879000,205.426800,0.000000,15172.390000,10170.850000,1192.270000,51.580000,0.692000,ok,544.120000,0.000000,22.680500,22,,5.202885,44,0.713500,0.699777,1.987526,1.621416,2.753010,0.681537,0.547609,0.812817,1.148128,0.862989,1.535335,1.635775,1.372689,2.003508,0.955241,0.856388,1.318418
0.750000,0.300000,0,0.800000,50,0.166670,163.771400,163.771400,0.398136,13.433800,54.175000,114.163600,0.381998,0.293822,0.437800,5.482350,0.000000,0.132472,190048.950000,257426.980000,199061.650000,199061.650000,0.000000,75533.130000,59240.840000,134773.980000,58935.390000,30553.060000,45454.090000,343.090000,817.100000,0.000000,37.796700,126.000000,-0.025300,0.000000,9728.940000,10534.420000,462.360000,147.320000,0.437000,ok,545.170000,0.000000,23.491200,23,,5.202885,38,0.712700,0.551791,1.913602,1.558266,2.669963,0.639926,0.506423,0.785500,1.270022,0.929191,1.711837,1.712438,1.383132,2.149066,0.852839,0.868097,1.456804
0.750000,0.300000,1,0.800000,50,0.166670,163.235100,70.105000,0.294759,16.256800,101.339900,135.718400,0.467781,0.397286,0.535875,5.631760,0.000000,0.208439,298055.720000,257426.980000,198708.710000,198708.710000,0.000000,110206.410000,66305.920000,176512.330000,86333.290000,33763.350000,57917.160000,21843.980000,3318.080000,0.000000,30.514200,84.534900,48.186100,0.000000,15258.000000,10237.540000,547.670000,83.410000,0.529000,ok,544.650000,0.000000,22.829200,7,38.795708,5.202885,38,0.713500,0.699929,1.913602,1.558266,2.669963,0.639926,0.506423,0.785500,1.270022,0.929191,1.711837,1.712438,1.383132,2.149066,0.852839,0.868097,1.456804
0.750000,0.300000,2,0.800000,50,0.166670,314.628100,80.856400,0.339546,15.241400,107.926500,258.042600,0.730992,0.682209,0.784494,15.948400,0.000000,0.108796,299856.280000,257426.980000,199012.170000,199012.170000,0.000000,110882.180000,136270.540000,247152.720000,91868.870000,32950.390000,59223.630000,22054.770000,3346.610000,0.000000,32.342400,32.285700,250.000000,0.000000,15350.180000,10290.860000,1224.190000,11.430000,0.578000,ok,545.170000,0.000000,22.948100,23,,5.202885,38,0.712700,0.699083,1.913602,1.558266,2.669963,0.639926,0.506423,0.785500,1.270022,0.929191,1.711837,1.712438,1.383132,2.149066,0.852839,0.868097,1.456804
0.750000,0.300000,3,0.800000,50,0.166670,163.771400,163.771400,0.398136,13.433800,54.175000,114.163600,0.381998,0.293822,0.437800,5.482350,0.000000,0.132472,190048.950000,257426.980000,199061.650000,199061.650000,0.000000,72343.220000,59240.840000,131584.070000,58935.390000,30294.350000,42516.050000,349.930000,817.100000,0.000000,37.796700,126.000000,-0.025300,0.000000,9728.940000,10534.420000,462.360000,147.320000,0.437000,ok,545.170000,0.000000,23.491200,23,,5.202885,38,0.712700,0.549762,1.913602,1.558266,2.669963,0.639926,0.506423,0.785500,1.270022,0.929191,1.711837,1.712438,1.383132,2.149066,0.852839,0.868097,1.456804
0.750000,0.300000,4,0.800000,50,0.166670,221.208300,74.166800,0.429406,1.089400,144.570100,186.276000,0.594092,0.497930,0.680089,3.453150,0.000000,0.158192,306541.470000,257426.980000,198530.980000,198530.980000,0.000000,112193.290000,93325.790000,205519.080000,86918.920000,29515.470000,74294.670000,11932.010000,3548.860000,0.000000,35.527100,154.533900,31.147700,0.000000,15692.400000,10154.900000,819.020000,170.480000,0.323000,ok,544.610000,0.000000,22.645000,22,,5.202885,38,0.712700,0.703096,1.913602,1.558266,2.669963,0.639926,0.506423,0.785500,1.270022,0.929191,1.711837,1.712438,1.383132,2.149066,0.852839,0.868097,1.456804
0.750000,0.300000,5,0.800000,50,0.166670,356.869400,70.105000,0.294759,17.812000,87.160200,195.178900,0.801046,0.741186,0.853794,4.904550,0.000000,0.094104,294185.630000,257426.980000,198660.890000,198660.890000,0.000000,108795.470000,126165.690000,234961.170000,85122.300000,34727.330000,57164.660000,20137.480000,3233.990000,0.000000,32.694400,109.821900,214.352800,0.000000,15059.890000,10237.040000,1132.440000,40.530000,0.524000,ok,544.310000,0.000000,22.828100,21,,5.202885,38,0.713500,0.698874,1.913602,1.558266,2.669963,0.639926,0.506423,0.785500,1.270022,0.929191,1.711837,1.712438,1.383132,2.149066,0.852839,0.868097,1.456804
0.750000,0.500000,0,0.800000,50,0.166670,163.771400,163.771400,0.398136,13.433800,54.175000,114.163600,0.381998,0.293822,0.437800,5.482350,0.000000,0.132472,190048.950000,257426.980000,199061.650000,199061.650000,0.000000,75533.130000,59240.840000,134773.980000,58935.390000,30553.060000,45454.090000,343.090000,817.100000,0.000000,37.796700,126.000000,-0.025300,0.000000,9728.940000,10534.420000,462.360000,147.320000,0.437000,ok,545.170000,0.000000,23.491200,23,,5.202885,29,0.712700,0.551791,1.823119,1.491807,2.544330,0.580005,0.458261,0.716389,1.470772,1.064219,1.985157,1.873877,1.493925,2.373307,0.779555,0.933018,1.482858
0.750000,0.500000,1,0.800000,50,0.166670,147.548600,79.087700,0.289580,22.689600,92.354600,122.526900,0.403932,0.342587,0.467883,4.884540,0.000000,0.229968,297240.170000,257426.980000,198812.810000,198812.810000,0.000000,110501.460000,59760.660000,170262.120000,87023.430000,34299.930000,52564.220000,26912.690000,3275.380000,0.000000,30.746600,62.122500,54.679600,0.000000,15216.250000,10290.780000,480.720000,59.150000,0.347000,ok,544.790000,0.000000,22.948000,22,29.607251,5.202885,29,0.713500,0.700647,1.823119,1.491807,2.544330,0.580005,0.458261,0.716389,1.470772,1.064219,1.985157,1.873877,1.493925,2.373307,0.779555,0.933018,1.482858
0.750000,0.500000,2,0.800000,50,0.166670,297.820100,84.856400,0.310369,18.471700,107.024500,249.782600,0.696428,0.653113,0.747580,13.427900,0.000000,0.115070,300205.810000,257426.980000,199024.780000,199024.780000,0.000000,111588.830000,128288.010000,239876.840000,91689.460000,33547.880000,54231.910000,27140.590000,3331.550000,0.000000,31.587100,16.233100,250.000000,0.000000,15368.070000,10335.390000,1141.250000,5.480000,0.463000,ok,545.170000,0.000000,23.047400,7,,5.202885,29,0.712700,0.700171,1.823119,1.491807,2.544330,0.580005,0.458261,0.716389,1.470772,1.064219,1.985157,1.873877,1.493925,2.373307,0.779555,0.933018,1.482858
0.750000,0.500000,3,0.800000,50,0.166670,163.771400,163.771400,0.398136,13.433800,54.175000,114.163600,0.381998,0.293822,0.437800,5.482350,0.000000,0.132472,190048.950000,257426.980000,199061.650000,199061.650000,0.000000,72343.220000,59240.840000,131584.070000,58935.390000,30294.350000,42516.050000,349.930000,817.100000,0.000000,37.796700,126.000000,-0.025300,0.000000,9728.940000,10534.420000,462.360000,147.320000,0.437000,ok,545.170000,0.000000,23.491200,23,,5.202885,29,0.712700,0.549762,1.823119,1.491807,2.544330,0.580005,0.458261,0.716389,1.470772,1.064219,1.985157,1.873877,1.493925,2.373307,0.779555,0.933018,1.482858
0.750000,0.500000,4,0.800000,50,0.166670,221.208300,74.166800,0.429406,1.089400,144.570100,186.276000,0.594092,0.497930,0.680089,3.453150,0.000000,0.158192,306541.470000,257426.980000,198530.980000,198530.980000,0.000000,112193.290000,93325.790000,205519.080000,86918.920000,29515.470000,74294.670000,11932.010000,3548.860000,0.000000,35.527100,154.533900,31.147700,0.000000,15692.400000,10154.900000,819.020000,170.480000,0.323000,ok,544.610000,0.000000,22.645000,22,,5.202885,29,0.712700,0.703096,1.823119,1.491807,2.544330,0.580005,0.458261,0.716389,1.470772,1.064219,1.985157,1.873877,1.493925,2.373307,0.779555,0.933018,1.482858
0.750000,0.500000,5,0.800000,50,0.166670,336.666500,79.087700,0.289580,25.135500,78.771900,162.296700,0.756919,0.698982,0.813064,4.420880,0.000000,0.099177,292493.490000,257426.980000,198763.020000,198763.020000,0.000000,108769.210000,120015.880000,228785.090000,85613.050000,35393.320000,51837.880000,24710.050000,3172.050000,0.000000,32.694400,78.022500,225.948900,0.000000,14973.260000,10295.760000,1065.680000,27.410000,0.341000,ok,544.520000,0.000000,22.959100,21,,5.202885,29,0.713500,0.699896,1.823119,1.491807,2.544330,0.580005,0.458261,0.716389,1.470772,1.064219,1.985157,1.873877,1.493925,2.373307,0.779555,0.933018,1.482858
1.000000,0.100000,0,0.800000,50,0.166670,215.769100,215.769100,0.445849,16.616000,70.910800,150.484300,0.423788,0.332064,0.490452,6.201040,0.000000,0.128349,242597.990000,257426.980000,263541.640000,263541.640000,0.000000,97320.900000,78050.330000,175371.230000,75619.090000,33986.190000,63301.370000,565.450000,532.120000,0.000000,36.483400,179.285700,0.000000,0.000000,12419.020000,14751.120000,429.110000,150.580000,0.438000,ok,721.740000,0.000000,32.894300,0,,5.202885,44,0.711700,0.668268,1.705511,1.358971,2.311976,0.730926,0.592067,0.862281,1.109812,0.840978,1.428341,1.579536,1.363031,1.923048,0.788137,1.000000,1.163895
1.000000,0.100000,1,0.800000,50,0.166670,202.203400,73.191100,0.351390,11.985100,128.330400,176.262600,0.528295,0.454544,0.574719,5.825620,0.000000,0.205045,363196.020000,257426.980000,262973.850000,262973.850000,0.000000,134339.140000,84705.250000,219044.390000,104683.070000,33168.290000,87558.050000,16968.550000,3355.750000,0.000000,29.926800,130.058800,42.217900,0.000000,18592.650000,14359.480000,489.890000,96.130000,0.680000,ok,720.920000,0.000000,32.021000,2,45.035863,5.202885,44,0.711700,0.789219,1.705511,1.358971,2.311976,0.730926,0.592067,0.862281,1.109812,0.840978,1.428341,1.579536,1.363031,1.923048,0.788137,1.000000,1.163895
1.000000,0.100000,2,0.800000,50,0.166670,335.729600,73.191100,0.351390,9.879300,143.219400,306.624900,0.722775,0.666510,0.767724,24.198960,0.000000,0.123136,362141.910000,257426.980000,263461.430000,263461.430000,0.000000,133977.840000,145697.680000,279675.520000,111859.200000,32568.740000,87385.760000,17343.620000,3320.270000,0.000000,32.443900,53.285700,250.000000,0.000000,18538.690000,14418.740000,910.470000,18.870000,0.767000,ok,721.740000,0.000000,32.153100,1,,5.202885,44,0.711700,0.790397,1.705511,1.358971,2.311976,0.730926,0.592067,0.862281,1.109812,0.840978,1.428341,1.579536,1.363031,1.923048,0.788137,1.000000,1.163895
1.000000,0.100000,3,0.800000,50,0.166670,215.769100,215.769100,0.445849,16.616000,70.910800,150.484300,0.423788,0.332064,0.490452,6.201040,0.000000,0.128349,242597.990000,257426.980000,263541.640000,263541.640000,0.000000,92982.470000,78050.330000,171032.800000,75619.090000,33767.290000,59167.120000,580.180000,532.120000,0.000000,36.483400,179.285700,0.000000,0.000000,12419.020000,14751.120000,429.110000,150.580000,0.438000,ok,721.740000,0.000000,32.894300,0,,5.202885,44,0.711700,0.664985,1.705511,1.358971,2.311976,0.730926,0.592067,0.862281,1.109812,0.840978,1.428341,1.579536,1.363031,1.923048,0.788137,1.000000,1.163895
1.000000,0.100000,4,0.800000,50,0.166670,255.087700,70.501500,0.408981,1.095500,189.327600,223.622300,0.586308,0.483326,0.649244,3.415760,0.000000,0.165948,370821.560000,257426.980000,262833.820000,262833.820000,0.000000,136511.920000,108938.220000,245450.140000,105016.480000,29528.600000,98617.170000,11915.080000,3548.920000,0.000000,34.652700,189.533900,30.901500,0.000000,18983.020000,14318.700000,660.810000,156.630000,0.271000,ok,721.060000,0.000000,31.930000,0,,5.202885,44,0.711700,0.794917,1.705511,1.358971,2.311976,0.730926,0.592067,0.862281,1.109812,0.840978,1.428341,1.579536,1.363031,1.923048,0.788137,1.000000,1.163895
1.000000,0.100000,5,0.800000,50,0.166670,406.855200,73.191100,0.351390,14.245300,115.402700,292.836900,0.834461,0.783360,0.874110,4.718820,0.000000,0.101030,360074.490000,257426.980000,262918.440000,262918.440000,0.000000,133201.680000,152753.830000,285955.510000,103613.670000,33908.320000,86625.170000,15956.490000,3288.300000,0.000000,33.240300,172.309500,201.305700,0.000000,18432.850000,14351.270000,964.390000,70.260000,0.704000,ok,720.400000,0.000000,32.002700,2,,5.202885,44,0.711700,0.788230,1.705511,1.358971,2.311976,0.730926,0.592067,0.862281,1.109812,0.840978,1.428341,1.579536,1.363031,1.923048,0.788137,1.000000,1.163895
1.000000,0.300000,0,0.800000,50,0.166670,215.769100,215.769100,0.445849,16.616000,70.910800,150.484300,0.423788,0.332064,0.490452,6.201040,0.000000,0.128349,242597.990000,257426.980000,263541.640000,263541.640000,0.000000,97320.900000,78050.330000,175371.230000,75619.090000,33986.190000,63301.370000,565.450000,532.120000,0.000000,36.483400,179.285700,0.000000,0.000000,12419.020000,14751.120000,429.110000,150.580000,0.438000,ok,721.740000,0.000000,32.894300,0,,5.202885,38,0.711700,0.668268,1.645894,1.329653,2.256869,0.694445,0.552955,0.824144,1.210425,0.899295,1.566716,1.640736,1.374493,2.036600,0.708585,1.000000,1.294563
1.000000,0.300000,1,0.800000,50,0.166670,193.051300,77.191100,0.315922,20.095700,122.686400,165.545400,0.484382,0.414398,0.537450,5.271310,0.000000,0.214238,362304.770000,257426.980000,263059.940000,263059.940000,0.000000,134850.980000,80548.540000,215399.520000,105146.990000,34503.110000,80443.060000,23211.480000,3306.670000,0.000000,29.926800,113.308000,49.816300,0.000000,18547.030000,14419.340000,458.610000,79.330000,0.555000,ok,721.050000,0.000000,32.154400,10,38.894609,5.202885,38,0.711700,0.789496,1.645894,1.329653,2.256869,0.694445,0.552955,0.824144,1.210425,0.899295,1.566716,1.640736,1.374493,2.036600,0.708585,1.000000,1.294563
1.000000,0.300000,2,0.800000,50,0.166670,328.729600,77.191100,0.315922,17.771500,128.045600,278.647400,0.697510,0.652131,0.749425,20.781490,0.000000,0.125706,361993.160000,257426.980000,263470.680000,263470.680000,0.000000,134757.770000,142609.900000,277367.680000,111513.180000,33835.360000,80686.910000,23525.040000,3289.540000,0.000000,32.443900,46.285700,250.000000,0.000000,18531.070000,14468.070000,885.690000,16.390000,0.639000,ok,721.740000,0.000000,32.263100,1,,5.202885,38,0.711700,0.790402,1.645894,1.329653,2.256869,0.694445,0.552955,0.824144,1.210425,0.899295,1.566716,1.640736,1.374493,2.036600,0.708585,1.000000,1.294563
1.000000,0.300000,3,0.800000,50,0.166670,215.769100,215.769100,0.445849,16.616000,70.910800,150.484300,0.423788,0.332064,0.490452,6.201040,0.000000,0.128349,242597.990000,257426.980000,263541.640000,263541.640000,0.000000,92982.470000,78050.330000,171032.800000,75619.090000,33767.290000,59167.120000,580.180000,532.120000,0.000000,36.483400,179.285700,0.000000,0.000000,12419.020000,14751.120000,429.110000,150.580000,0.438000,ok,721.740000,0.000000,32.894300,0,,5.202885,38,0.711700,0.664985,1.645894,1.329653,2.256869,0.694445,0.552955,0.824144,1.210425,0.899295,1.566716,1.640736,1.374493,2.036600,0.708585,1.000000,1.294563
1.000000,0.300000,4,0.800000,50,0.166670,255.087700,70.501500,0.408981,1.095500,189.327600,223.622300,0.586308,0.483326,0.649244,3.415760,0.000000,0.165948,370821.560000,257426.980000,262833.820000,262833.820000,0.000000,136511.920000,108938.220000,245450.140000,105016.480000,29528.600000,98617.170000,11915.080000,3548.920000,0.000000,34.652700,189.533900,30.901500,0.000000,18983.020000,14318.700000,660.810000,156.630000,0.271000,ok,721.060000,0.000000,31.930000,0,,5.202885,38,0.711700,0.794917,1.645894,1.329653,2.256869,0.694445,0.552955,0.824144,1.210425,0.899295,1.566716,1.640736,1.374493,2.036600,0.708585,1.000000,1.294563
1.000000,0.300000,5,0.800000,50,0.166670,390.798100,77.191100,0.315922,22.488800,107.743700,256.819400,0.794743,0.738721,0.843963,4.694850,0.000000,0.104635,358206.620000,257426.980000,263006.250000,263006.250000,0.000000,133357.320000,143123.950000,276481.270000,103819.240000,35457.120000,79654.840000,21463.050000,3217.690000,0.000000,33.240300,148.548400,209.008000,0.000000,18337.230000,14417.370000,892.720000,59.270000,0.577000,ok,720.590000,0.000000,32.150100,10,,5.202885,38,0.711700,0.788564,1.645894,1.329653,2.256869,0.694445,0.552955,0.824144,1.210425,0.899295,1.566716,1.640736,1.374493,2.036600,0.708585,1.000000,1.294563
1.000000,0.500000,0,0.800000,50,0.166670,215.769100,215.769100,0.445849,16.616000,70.910800,150.484300,0.423788,0.332064,0.490452,6.201040,0.000000,0.128349,242597.990000,257426.980000,263541.640000,263541.640000,0.000000,97320.900000,78050.330000,175371.230000,75619.090000,33986.190000,63301.370000,565.450000,532.120000,0.000000,36.483400,179.285700,0.000000,0.000000,12419.020000,14751.120000,429.110000,150.580000,0.438000,ok,721.740000,0.000000,32.894300,0,,5.202885,29,0.711700,0.668268,1.552807,1.265626,2.132276,0.641664,0.510833,0.772614,1.388520,1.007803,1.794999,1.763922,1.431328,2.207528,0.652889,1.000000,1.404998
1.000000,0.500000,1,0.800000,50,0.166670,177.445500,85.364100,0.291090,26.755500,113.178700,150.668200,0.422254,0.361696,0.479584,5.040170,0.000000,0.232231,360984.510000,257426.980000,263181.050000,263181.050000,0.000000,135050.160000,73124.380000,208174.540000,105683.950000,35005.450000,73259.360000,30030.100000,3244.760000,0.000000,31.016200,85.506500,60.922200,0.000000,18479.440000,14491.710000,404.590000,57.550000,0.375000,ok,721.220000,0.000000,32.315800,2,29.682728,5.202885,29,0.711700,0.793644,1.552807,1.265626,2.132276,0.641664,0.510833,0.772614,1.388520,1.007803,1.794999,1.763922,1.431328,2.207528,0.652889,1.000000,1.404998
1.000000,0.500000,2,0.800000,50,0.166670,311.403100,85.364100,0.291090,20.503000,132.525800,264.717200,0.658061,0.620729,0.708052,16.783470,0.000000,0.132820,362318.880000,257426.980000,263483.290000,263483.290000,0.000000,135544.350000,134686.890000,270231.240000,110992.150000,34383.020000,74067.120000,30360.440000,3266.230000,0.000000,31.170100,30.233100,250.000000,0.000000,18547.750000,14526.680000,827.170000,10.250000,0.507000,ok,721.740000,0.000000,32.393800,5,,5.202885,29,0.711700,0.794167,1.552807,1.265626,2.132276,0.641664,0.510833,0.772614,1.388520,1.007803,1.794999,1.763922,1.431328,2.207528,0.652889,1.000000,1.404998
1.000000,0.500000,3,0.800000,50,0.166670,215.769100,215.769100,0.445849,16.616000,70.910800,150.484300,0.423788,0.332064,0.490452,6.201040,0.000000,0.128349,242597.990000,257426.980000,263541.640000,263541.640000,0.000000,92982.470000,78050.330000,171032.800000,75619.090000,33767.290000,59167.120000,580.180000,532.120000,0.000000,36.483400,179.285700,0.000000,0.000000,12419.020000,14751.120000,429.110000,150.580000,0.438000,ok,721.740000,0.000000,32.894300,0,,5.202885,29,0.711700,0.664985,1.552807,1.265626,2.132276,0.641664,0.510833,0.772614,1.388520,1.007803,1.794999,1.763922,1.431328,2.207528,0.652889,1.000000,1.404998
1.000000,0.500000,4,0.800000,50,0.166670,255.087700,70.501500,0.408981,1.095500,189.327600,223.622300,0.586308,0.483326,0.649244,3.415760,0.000000,0.165948,370821.560000,257426.980000,262833.820000,262833.820000,0.000000,136511.920000,108938.220000,245450.140000,105016.480000,29528.600000,98617.170000,11915.080000,3548.920000,0.000000,34.652700,189.533900,30.901500,0.000000,18983.020000,14318.700000,660.810000,156.630000,0.271000,ok,721.060000,0.000000,31.930000,0,,5.202885,29,0.711700,0.794917,1.552807,1.265626,2.132276,0.641664,0.510833,0.772614,1.388520,1.007803,1.794999,1.763922,1.431328,2.207528,0.652889,1.000000,1.404998
1.000000,0.500000,5,0.800000,50,0.166670,367.579900,85.364100,0.291090,29.001400,98.056700,209.867300,0.744823,0.686442,0.798454,4.106100,0.000000,0.110737,356572.700000,257426.980000,263126.190000,263126.190000,0.000000,133441.390000,134907.550000,268348.930000,104280.160000,36148.390000,72631.260000,27810.650000,3148.910000,0.000000,33.240300,111.803700,222.536200,0.000000,18253.590000,14496.320000,830.630000,43.630000,0.395000,ok,720.850000,0.000000,32.326100,2,,5.202885,29,0.711700,0.792731,1.552807,1.265626,2.132276,0.641664,0.510833,0.772614,1.388520,1.007803,1.794999,1.763922,1.431328,2.207528,0.652889,1.000000,1.404998
